State,Date,Total,Category
Alabama,2019-01-12,109574036.0,Beverages
Alabama,2019-03-11,112189103.8,Beverages
Alabama,2019-06-10,129106730.4,Beverages
Alabama,2019-08-12,108083723.8,Beverages
Alabama,2019-10-11,110932912.8,Beverages
Alabama,2019-10-13,123782285.8,Beverages
Alabama,2019-10-20,116218908.89999999,Beverages
Alabama,2019-10-27,109968010.6,Beverages
Alabama,2019-11-17,109056410.0,Beverages
Alabama,2019-11-24,113040422.1,Beverages
Alabama,2019-12-15,108528456.4,Beverages
Alabama,2019-12-22,116541575.0,Beverages
Alabama,2019-12-29,106949922.2,Beverages
Alabama,2020-01-03,116651493.0,Beverages
Alabama,2020-01-11,120522113.9,Beverages
Alabama,2020-01-19,105904865.60000001,Beverages
Alabama,2020-01-26,106265736.60000001,Beverages
Alabama,2020-02-02,108358279.6,Beverages
Alabama,2020-02-08,131945461.10000001,Beverages
Alabama,2020-02-16,107397612.3,Beverages
Alabama,2020-02-23,107801054.30000001,Beverages
Alabama,2020-03-05,128066130.89999999,Beverages
Alabama,2020-03-15,132632134.0,Beverages
Alabama,2020-03-22,127145065.2,Beverages
Alabama,2020-03-29,116657084.0,Beverages
Alabama,2020-04-10,133713630.0,Beverages
Alabama,2020-04-19,117742073.2,Beverages
Alabama,2020-04-26,118114595.0,Beverages
Alabama,2020-05-01,104239954.19999999,Beverages
Alabama,2020-05-04,123259529.2,Beverages
Alabama,2020-05-07,138414683.20000002,Beverages
Alabama,2020-05-17,130340051.0,Beverages
Alabama,2020-05-24,134708618.7,Beverages
Alabama,2020-05-31,129887876.9,Beverages
Alabama,2020-06-09,137905687.0,Beverages
Alabama,2020-06-12,116104621.0,Beverages
Alabama,2020-06-14,131401892.69999999,Beverages
Alabama,2020-06-21,133712552.30000001,Beverages
Alabama,2020-06-28,132320128.4,Beverages
Alabama,2020-07-06,132304540.80000001,Beverages
Alabama,2020-07-19,133548791.3,Beverages
Alabama,2020-07-26,132657648.5,Beverages
Alabama,2020-08-03,119441834.4,Beverages
Alabama,2020-08-11,120902500.10000001,Beverages
Alabama,2020-08-16,137880677.4,Beverages
Alabama,2020-08-23,131642694.8,Beverages
Alabama,2020-08-30,128713002.0,Beverages
Alabama,2020-09-02,109022481.6,Beverages
Alabama,2020-09-08,137744835.29999998,Beverages
Alabama,2020-09-13,134469487.7,Beverages
Alabama,2020-09-20,129079259.8,Beverages
Alabama,2020-09-27,127614100.1,Beverages
Alabama,2020-10-05,127906087.0,Beverages
Alabama,2020-10-18,122464549.6,Beverages
Alabama,2020-10-25,121301024.5,Beverages
Alabama,2020-11-10,128170885.8,Beverages
Alabama,2020-11-15,117987142.39999999,Beverages
Alabama,2020-11-22,124645965.39999999,Beverages
Alabama,2020-11-29,118491656.0,Beverages
Alabama,2020-12-01,108717628.39999999,Beverages
Alabama,2020-12-04,117506178.89999999,Beverages
Alabama,2020-12-07,129799792.9,Beverages
Alabama,2020-12-13,116502691.2,Beverages
Alabama,2020-12-20,122244235.89999999,Beverages
Alabama,2020-12-27,115522663.3,Beverages
Alabama,2021-01-08,146096097.7,Beverages
Alabama,2021-01-17,115816663.9,Beverages
Alabama,2021-01-24,113870547.8,Beverages
Alabama,2021-01-31,115802737.5,Beverages
Alabama,2021-02-05,134697460.0,Beverages
Alabama,2021-02-14,115644582.39999999,Beverages
Alabama,2021-02-21,112186374.5,Beverages
Alabama,2021-02-28,124158003.39999999,Beverages
Alabama,2021-03-01,115331048.0,Beverages
Alabama,2021-03-10,203436377.5,Beverages
Alabama,2021-03-14,143739697.79999998,Beverages
Alabama,2021-03-21,138119750.0,Beverages
Alabama,2021-03-28,124801755.5,Beverages
Alabama,2021-04-04,131843894.8,Beverages
Alabama,2021-04-07,150209238.5,Beverages
Alabama,2021-04-18,126192681.60000001,Beverages
Alabama,2021-04-25,127348327.7,Beverages
Alabama,2021-05-09,148892733.6,Beverages
Alabama,2021-05-12,180600247.5,Beverages
Alabama,2021-05-16,135462841.6,Beverages
Alabama,2021-05-23,140446890.20000002,Beverages
Alabama,2021-05-30,139935910.6,Beverages
Alabama,2021-06-06,140893518.3,Beverages
Alabama,2021-06-13,137083191.8,Beverages
Alabama,2021-06-20,144489981.4,Beverages
Alabama,2021-06-27,140720825.5,Beverages
Alabama,2021-07-02,117468184.1,Beverages
Alabama,2021-07-03,126283022.9,Beverages
Alabama,2021-07-11,184678476.5,Beverages
Alabama,2021-07-18,143840884.1,Beverages
Alabama,2021-07-25,143718288.10000002,Beverages
Alabama,2021-08-08,151796622.6,Beverages
Alabama,2021-08-15,149096387.5,Beverages
Alabama,2021-08-22,142623393.4,Beverages
Alabama,2021-08-29,140962322.6,Beverages
Alabama,2021-09-05,136554063.70000002,Beverages
Alabama,2021-09-19,133797917.0,Beverages
Alabama,2021-09-26,133378009.3,Beverages
Alabama,2021-10-01,117780959.3,Beverages
Alabama,2021-10-10,198855812.3,Beverages
Alabama,2021-10-17,195850754.5,Beverages
Alabama,2021-10-24,189687421.9,Beverages
Alabama,2021-10-31,189048084.9,Beverages
Alabama,2021-11-04,126097508.5,Beverages
Alabama,2021-11-07,137692246.7,Beverages
Alabama,2021-11-14,184911321.39999998,Beverages
Alabama,2021-11-21,190608740.7,Beverages
Alabama,2021-11-28,177133617.3,Beverages
Alabama,2021-12-09,142022732.5,Beverages
Alabama,2021-12-12,182041354.4,Beverages
Alabama,2021-12-19,189045386.7,Beverages
Alabama,2021-12-26,183210806.39999998,Beverages
Alabama,2022-01-05,207976102.9,Beverages
Alabama,2022-01-16,180918293.4,Beverages
Alabama,2022-01-23,177754218.7,Beverages
Alabama,2022-01-30,179630072.6,Beverages
Alabama,2022-02-01,179002838.5,Beverages
Alabama,2022-02-10,218622107.1,Beverages
Alabama,2022-02-13,181195482.0,Beverages
Alabama,2022-02-20,178404182.10000002,Beverages
Alabama,2022-02-27,192108734.99999997,Beverages
Alabama,2022-03-04,200427369.5,Beverages
Alabama,2022-03-07,226966250.7,Beverages
Alabama,2022-03-13,194057783.89999998,Beverages
Alabama,2022-03-20,194303302.9,Beverages
Alabama,2022-03-27,195635388.89999998,Beverages
Alabama,2022-04-09,227759611.10000002,Beverages
Alabama,2022-04-12,191867741.4,Beverages
Alabama,2022-04-17,199965774.7,Beverages
Alabama,2022-04-24,197876829.3,Beverages
Alabama,2022-05-06,209711181.6,Beverages
Alabama,2022-05-15,208193476.8,Beverages
Alabama,2022-05-22,219547509.4,Beverages
Alabama,2022-05-29,212449962.2,Beverages
Alabama,2022-06-02,184970125.1,Beverages
Alabama,2022-06-03,197917627.70000002,Beverages
Alabama,2022-06-11,197814663.39999998,Beverages
Alabama,2022-06-19,220358695.29999998,Beverages
Alabama,2022-06-26,220100178.99999997,Beverages
Alabama,2022-07-08,226809534.5,Beverages
Alabama,2022-07-17,212769922.8,Beverages
Alabama,2022-07-24,215436685.6,Beverages
Alabama,2022-07-31,221654891.4,Beverages
Alabama,2022-08-05,207537233.1,Beverages
Alabama,2022-08-14,224323609.89999998,Beverages
Alabama,2022-08-21,215153556.3,Beverages
Alabama,2022-08-28,215670829.20000002,Beverages
Alabama,2022-09-01,178676923.60000002,Beverages
Alabama,2022-09-10,211016006.4,Beverages
Alabama,2022-09-18,213270227.9,Beverages
Alabama,2022-09-25,215556915.6,Beverages
Alabama,2022-10-04,202888791.1,Beverages
Alabama,2022-10-07,212433149.4,Beverages
Alabama,2022-10-16,204418180.9,Beverages
Alabama,2022-10-23,198480434.59999996,Beverages
Alabama,2022-10-30,194245501.60000002,Beverages
Alabama,2022-11-09,215165394.79999998,Beverages
Alabama,2022-11-12,194239368.7,Beverages
Alabama,2022-11-13,194267617.20000002,Beverages
Alabama,2022-11-20,197053090.0,Beverages
Alabama,2022-11-27,192420636.6,Beverages
Alabama,2022-12-06,209838487.5,Beverages
Alabama,2022-12-18,200415284.1,Beverages
Alabama,2022-12-25,200741723.89999998,Beverages
Alabama,2023-01-01,184497797.3,Beverages
Alabama,2023-01-15,185544784.3,Beverages
Alabama,2023-01-22,182246124.7,Beverages
Alabama,2023-01-29,183105937.6,Beverages
Alabama,2023-02-04,205535418.60000002,Beverages
Alabama,2023-02-19,191443698.2,Beverages
Alabama,2023-02-26,199003415.99999997,Beverages
Alabama,2023-03-19,210866566.7,Beverages
Alabama,2023-03-26,202214026.20000002,Beverages
Alabama,2023-04-16,203132040.5,Beverages
Alabama,2023-04-23,206852538.60000002,Beverages
Alabama,2023-04-30,211451722.70000002,Beverages
Alabama,2023-05-02,192305583.9,Beverages
Alabama,2023-05-03,209478342.50000003,Beverages
Alabama,2023-07-05,219573277.3,Beverages
Alabama,2023-08-01,186490147.6,Beverages
Alabama,2023-09-04,202345731.9,Beverages
Alabama,2023-12-02,191999971.10000002,Beverages
Alabama,2023-12-03,218905535.8,Beverages
Arizona,2019-01-12,109101594.60000001,Beverages
Arizona,2019-03-11,115424158.7,Beverages
Arizona,2019-06-10,119877789.3,Beverages
Arizona,2019-08-12,110405117.1,Beverages
Arizona,2019-10-11,120785283.0,Beverages
Arizona,2019-10-13,117122711.6,Beverages
Arizona,2019-10-20,116127753.8,Beverages
Arizona,2019-10-27,115216831.39999999,Beverages
Arizona,2019-11-17,116490977.0,Beverages
Arizona,2019-11-24,114640798.30000001,Beverages
Arizona,2019-12-15,110395320.6,Beverages
Arizona,2019-12-22,117291973.5,Beverages
Arizona,2019-12-29,108536780.4,Beverages
Arizona,2020-01-03,118349205.6,Beverages
Arizona,2020-01-11,123994824.2,Beverages
Arizona,2020-01-19,110294021.9,Beverages
Arizona,2020-01-26,109185129.2,Beverages
Arizona,2020-02-02,115328264.30000001,Beverages
Arizona,2020-02-08,135907143.5,Beverages
Arizona,2020-02-16,110562941.7,Beverages
Arizona,2020-02-23,110993229.1,Beverages
Arizona,2020-03-05,134864796.6,Beverages
Arizona,2020-03-15,139557887.4,Beverages
Arizona,2020-03-22,135979843.39999998,Beverages
Arizona,2020-03-29,119847336.0,Beverages
Arizona,2020-04-10,132505937.30000001,Beverages
Arizona,2020-04-19,125902822.2,Beverages
Arizona,2020-04-26,127294783.0,Beverages
Arizona,2020-05-01,109641290.89999999,Beverages
Arizona,2020-05-04,125962618.3,Beverages
Arizona,2020-05-07,144153474.9,Beverages
Arizona,2020-05-17,130942704.6,Beverages
Arizona,2020-05-24,131535234.89999999,Beverages
Arizona,2020-05-31,131413795.10000001,Beverages
Arizona,2020-06-09,140717020.60000002,Beverages
Arizona,2020-06-12,118392564.30000001,Beverages
Arizona,2020-06-14,139014230.70000002,Beverages
Arizona,2020-06-21,134529099.4,Beverages
Arizona,2020-06-28,135096231.10000002,Beverages
Arizona,2020-07-06,138359362.8,Beverages
Arizona,2020-07-19,135991552.6,Beverages
Arizona,2020-07-26,132190420.9,Beverages
Arizona,2020-08-03,127985444.2,Beverages
Arizona,2020-08-11,130904550.5,Beverages
Arizona,2020-08-16,139367249.6,Beverages
Arizona,2020-08-23,135396922.10000002,Beverages
Arizona,2020-08-30,135895402.9,Beverages
Arizona,2020-09-02,111821589.7,Beverages
Arizona,2020-09-08,139932969.39999998,Beverages
Arizona,2020-09-13,132210325.8,Beverages
Arizona,2020-09-20,130208124.9,Beverages
Arizona,2020-09-27,127220753.8,Beverages
Arizona,2020-10-05,136028524.5,Beverages
Arizona,2020-10-18,130530705.5,Beverages
Arizona,2020-10-25,125675791.7,Beverages
Arizona,2020-11-10,133872032.10000001,Beverages
Arizona,2020-11-15,123016312.6,Beverages
Arizona,2020-11-22,126324974.6,Beverages
Arizona,2020-11-29,119295867.89999999,Beverages
Arizona,2020-12-01,110420623.39999999,Beverages
Arizona,2020-12-04,123654446.2,Beverages
Arizona,2020-12-07,136606141.5,Beverages
Arizona,2020-12-13,120157852.89999999,Beverages
Arizona,2020-12-20,123308775.5,Beverages
Arizona,2020-12-27,117662825.2,Beverages
Arizona,2021-01-08,144662531.5,Beverages
Arizona,2021-01-17,123411182.9,Beverages
Arizona,2021-01-24,118460351.10000001,Beverages
Arizona,2021-01-31,119030150.7,Beverages
Arizona,2021-02-05,144090338.5,Beverages
Arizona,2021-02-14,123255297.4,Beverages
Arizona,2021-02-21,122351716.69999999,Beverages
Arizona,2021-02-28,124760493.7,Beverages
Arizona,2021-03-01,119728725.19999999,Beverages
Arizona,2021-03-10,200820084.70000002,Beverages
Arizona,2021-03-14,150363246.1,Beverages
Arizona,2021-03-21,144705320.5,Beverages
Arizona,2021-03-28,125617567.8,Beverages
Arizona,2021-04-04,140912771.70000002,Beverages
Arizona,2021-04-07,155493045.0,Beverages
Arizona,2021-04-18,134735709.4,Beverages
Arizona,2021-04-25,139157806.0,Beverages
Arizona,2021-05-09,155366160.2,Beverages
Arizona,2021-05-12,186262764.20000002,Beverages
Arizona,2021-05-16,147870671.4,Beverages
Arizona,2021-05-23,146832910.9,Beverages
Arizona,2021-05-30,149964412.1,Beverages
Arizona,2021-06-06,153270396.0,Beverages
Arizona,2021-06-13,152816610.70000002,Beverages
Arizona,2021-06-20,154949376.2,Beverages
Arizona,2021-06-27,147305127.3,Beverages
Arizona,2021-07-02,126877371.2,Beverages
Arizona,2021-07-03,136194918.1,Beverages
Arizona,2021-07-11,201120666.9,Beverages
Arizona,2021-07-18,146199273.8,Beverages
Arizona,2021-07-25,140495761.29999998,Beverages
Arizona,2021-08-08,154347015.1,Beverages
Arizona,2021-08-15,149953473.10000002,Beverages
Arizona,2021-08-22,146414999.70000002,Beverages
Arizona,2021-08-29,147911738.1,Beverages
Arizona,2021-09-05,152933490.9,Beverages
Arizona,2021-09-19,148517046.5,Beverages
Arizona,2021-09-26,143876041.6,Beverages
Arizona,2021-10-01,121976001.2,Beverages
Arizona,2021-10-10,201963815.2,Beverages
Arizona,2021-10-17,197141586.79999998,Beverages
Arizona,2021-10-24,195856139.9,Beverages
Arizona,2021-10-31,194283831.3,Beverages
Arizona,2021-11-04,138011955.9,Beverages
Arizona,2021-11-07,150801486.29999998,Beverages
Arizona,2021-11-14,196009266.2,Beverages
Arizona,2021-11-21,199577574.0,Beverages
Arizona,2021-11-28,184063173.8,Beverages
Arizona,2021-12-09,149966652.89999998,Beverages
Arizona,2021-12-12,187993597.4,Beverages
Arizona,2021-12-19,191792531.8,Beverages
Arizona,2021-12-26,187019454.4,Beverages
Arizona,2022-01-05,210346536.79999998,Beverages
Arizona,2022-01-16,190506027.8,Beverages
Arizona,2022-01-23,184460686.79999998,Beverages
Arizona,2022-01-30,184840307.1,Beverages
Arizona,2022-02-01,182124830.9,Beverages
Arizona,2022-02-10,214133475.0,Beverages
Arizona,2022-02-13,193758114.9,Beverages
Arizona,2022-02-20,186140485.6,Beverages
Arizona,2022-02-27,191804855.70000002,Beverages
Arizona,2022-03-04,216587578.0,Beverages
Arizona,2022-03-07,230278333.9,Beverages
Arizona,2022-03-13,199341790.20000002,Beverages
Arizona,2022-03-20,203135958.2,Beverages
Arizona,2022-03-27,204330836.5,Beverages
Arizona,2022-04-09,232958487.29999998,Beverages
Arizona,2022-04-12,195652307.2,Beverages
Arizona,2022-04-17,217866946.60000002,Beverages
Arizona,2022-04-24,207194455.8,Beverages
Arizona,2022-05-06,221466462.0,Beverages
Arizona,2022-05-15,215137302.1,Beverages
Arizona,2022-05-22,215304100.4,Beverages
Arizona,2022-05-29,219462134.1,Beverages
Arizona,2022-06-02,191822689.70000002,Beverages
Arizona,2022-06-03,204336119.09999996,Beverages
Arizona,2022-06-11,212352076.00000003,Beverages
Arizona,2022-06-19,224705587.29999998,Beverages
Arizona,2022-06-26,215666630.00000003,Beverages
Arizona,2022-07-08,225961035.4,Beverages
Arizona,2022-07-17,218623208.29999998,Beverages
Arizona,2022-07-24,213178650.3,Beverages
Arizona,2022-07-31,211959850.9,Beverages
Arizona,2022-08-05,219329549.1,Beverages
Arizona,2022-08-14,220700930.1,Beverages
Arizona,2022-08-21,215522849.1,Beverages
Arizona,2022-08-28,222686060.39999998,Beverages
Arizona,2022-09-01,187226998.1,Beverages
Arizona,2022-09-10,218976018.5,Beverages
Arizona,2022-09-18,218387231.4,Beverages
Arizona,2022-09-25,211204050.2,Beverages
Arizona,2022-10-04,219518920.5,Beverages
Arizona,2022-10-07,220195809.9,Beverages
Arizona,2022-10-16,211117837.39999998,Beverages
Arizona,2022-10-23,206019098.1,Beverages
Arizona,2022-10-30,203716151.29999998,Beverages
Arizona,2022-11-09,226231108.1,Beverages
Arizona,2022-11-12,200138362.2,Beverages
Arizona,2022-11-13,209536786.6,Beverages
Arizona,2022-11-20,206468807.0,Beverages
Arizona,2022-11-27,200179529.7,Beverages
Arizona,2022-12-06,228960137.29999998,Beverages
Arizona,2022-12-18,204225386.70000002,Beverages
Arizona,2022-12-25,206642209.69999996,Beverages
Arizona,2023-01-01,188408489.6,Beverages
Arizona,2023-01-15,199308520.6,Beverages
Arizona,2023-01-22,191351463.50000003,Beverages
Arizona,2023-01-29,193432651.5,Beverages
Arizona,2023-02-04,215603137.5,Beverages
Arizona,2023-02-19,200168687.4,Beverages
Arizona,2023-02-26,201565059.0,Beverages
Arizona,2023-03-19,227766017.4,Beverages
Arizona,2023-03-26,207113291.6,Beverages
Arizona,2023-04-16,223021337.40000004,Beverages
Arizona,2023-04-23,220557322.8,Beverages
Arizona,2023-04-30,231156458.4,Beverages
Arizona,2023-05-02,203668152.6,Beverages
Arizona,2023-05-03,216243765.10000002,Beverages
Arizona,2023-07-05,240505460.4,Beverages
Arizona,2023-08-01,194629090.49999997,Beverages
Arizona,2023-09-04,229352434.70000002,Beverages
Arizona,2023-12-02,210784001.1,Beverages
Arizona,2023-12-03,235892871.3,Beverages
Arkansas,2019-01-12,58049432.2,Beverages
Arkansas,2019-03-11,58551066.5,Beverages
Arkansas,2019-06-10,67349815.0,Beverages
Arkansas,2019-08-12,59101265.4,Beverages
Arkansas,2019-10-11,59494648.0,Beverages
Arkansas,2019-10-13,63679442.7,Beverages
Arkansas,2019-10-20,59248420.7,Beverages
Arkansas,2019-10-27,57654429.7,Beverages
Arkansas,2019-11-17,58265258.6,Beverages
Arkansas,2019-11-24,59690104.199999996,Beverages
Arkansas,2019-12-15,58035927.199999996,Beverages
Arkansas,2019-12-22,61147230.4,Beverages
Arkansas,2019-12-29,58290655.300000004,Beverages
Arkansas,2020-01-03,61187919.900000006,Beverages
Arkansas,2020-01-11,61173664.6,Beverages
Arkansas,2020-01-19,56718755.8,Beverages
Arkansas,2020-01-26,55036033.800000004,Beverages
Arkansas,2020-02-02,58093735.4,Beverages
Arkansas,2020-02-08,70280652.3,Beverages
Arkansas,2020-02-16,56891695.800000004,Beverages
Arkansas,2020-02-23,55979415.7,Beverages
Arkansas,2020-03-05,65718901.800000004,Beverages
Arkansas,2020-03-15,69299261.8,Beverages
Arkansas,2020-03-22,66672577.7,Beverages
Arkansas,2020-03-29,59930918.1,Beverages
Arkansas,2020-04-10,67850338.3,Beverages
Arkansas,2020-04-19,62510706.4,Beverages
Arkansas,2020-04-26,63303777.0,Beverages
Arkansas,2020-05-01,56942259.1,Beverages
Arkansas,2020-05-04,63610285.4,Beverages
Arkansas,2020-05-07,76591712.69999999,Beverages
Arkansas,2020-05-17,67059258.8,Beverages
Arkansas,2020-05-24,69534675.3,Beverages
Arkansas,2020-05-31,67420352.5,Beverages
Arkansas,2020-06-09,70544924.5,Beverages
Arkansas,2020-06-12,60541395.6,Beverages
Arkansas,2020-06-14,70697389.6,Beverages
Arkansas,2020-06-21,70943346.3,Beverages
Arkansas,2020-06-28,69082980.10000001,Beverages
Arkansas,2020-07-06,70882885.1,Beverages
Arkansas,2020-07-19,71755452.19999999,Beverages
Arkansas,2020-07-26,70313070.5,Beverages
Arkansas,2020-08-03,63599449.800000004,Beverages
Arkansas,2020-08-11,63896293.099999994,Beverages
Arkansas,2020-08-16,72517548.3,Beverages
Arkansas,2020-08-23,70270226.89999999,Beverages
Arkansas,2020-08-30,69321236.8,Beverages
Arkansas,2020-09-02,58021179.800000004,Beverages
Arkansas,2020-09-08,71170811.7,Beverages
Arkansas,2020-09-13,71051325.39999999,Beverages
Arkansas,2020-09-20,68622671.7,Beverages
Arkansas,2020-09-27,64905092.0,Beverages
Arkansas,2020-10-05,66725736.300000004,Beverages
Arkansas,2020-10-18,64996749.3,Beverages
Arkansas,2020-10-25,62410736.4,Beverages
Arkansas,2020-11-10,67105075.199999996,Beverages
Arkansas,2020-11-15,63680879.199999996,Beverages
Arkansas,2020-11-22,64469134.6,Beverages
Arkansas,2020-11-29,62518777.7,Beverages
Arkansas,2020-12-01,57854513.5,Beverages
Arkansas,2020-12-04,63528109.2,Beverages
Arkansas,2020-12-07,71426614.9,Beverages
Arkansas,2020-12-13,62551317.900000006,Beverages
Arkansas,2020-12-20,63362784.599999994,Beverages
Arkansas,2020-12-27,63040187.6,Beverages
Arkansas,2021-01-08,76563569.5,Beverages
Arkansas,2021-01-17,61751788.5,Beverages
Arkansas,2021-01-24,59692624.3,Beverages
Arkansas,2021-01-31,60629838.0,Beverages
Arkansas,2021-02-05,70271403.1,Beverages
Arkansas,2021-02-14,63052100.0,Beverages
Arkansas,2021-02-21,56331935.5,Beverages
Arkansas,2021-02-28,65438139.6,Beverages
Arkansas,2021-03-01,61067744.9,Beverages
Arkansas,2021-03-10,105087223.4,Beverages
Arkansas,2021-03-14,73830082.4,Beverages
Arkansas,2021-03-21,71996986.8,Beverages
Arkansas,2021-03-28,64565241.0,Beverages
Arkansas,2021-04-04,68515096.7,Beverages
Arkansas,2021-04-07,80327966.2,Beverages
Arkansas,2021-04-18,67525813.3,Beverages
Arkansas,2021-04-25,67632913.5,Beverages
Arkansas,2021-05-09,77173311.0,Beverages
Arkansas,2021-05-12,95357790.4,Beverages
Arkansas,2021-05-16,69891687.0,Beverages
Arkansas,2021-05-23,71888897.9,Beverages
Arkansas,2021-05-30,72688735.7,Beverages
Arkansas,2021-06-06,73746656.1,Beverages
Arkansas,2021-06-13,75043823.1,Beverages
Arkansas,2021-06-20,78781472.0,Beverages
Arkansas,2021-06-27,74788922.2,Beverages
Arkansas,2021-07-02,62729411.6,Beverages
Arkansas,2021-07-03,67470844.8,Beverages
Arkansas,2021-07-11,98227444.3,Beverages
Arkansas,2021-07-18,77954785.8,Beverages
Arkansas,2021-07-25,76727707.1,Beverages
Arkansas,2021-08-08,76788499.5,Beverages
Arkansas,2021-08-15,78200291.60000001,Beverages
Arkansas,2021-08-22,75360901.6,Beverages
Arkansas,2021-08-29,76041638.5,Beverages
Arkansas,2021-09-05,71602055.80000001,Beverages
Arkansas,2021-09-19,74662067.8,Beverages
Arkansas,2021-09-26,70631842.19999999,Beverages
Arkansas,2021-10-01,62054714.199999996,Beverages
Arkansas,2021-10-10,104309748.19999999,Beverages
Arkansas,2021-10-17,101130187.6,Beverages
Arkansas,2021-10-24,98315875.9,Beverages
Arkansas,2021-10-31,96518729.50000001,Beverages
Arkansas,2021-11-04,68454422.6,Beverages
Arkansas,2021-11-07,76636654.19999999,Beverages
Arkansas,2021-11-14,99626518.50000001,Beverages
Arkansas,2021-11-21,100440189.2,Beverages
Arkansas,2021-11-28,95547889.20000002,Beverages
Arkansas,2021-12-09,76970528.8,Beverages
Arkansas,2021-12-12,96826619.39999999,Beverages
Arkansas,2021-12-19,99984093.69999999,Beverages
Arkansas,2021-12-26,99759952.19999999,Beverages
Arkansas,2022-01-05,103805093.89999999,Beverages
Arkansas,2022-01-16,98948579.5,Beverages
Arkansas,2022-01-23,92112220.2,Beverages
Arkansas,2022-01-30,94644193.20000002,Beverages
Arkansas,2022-02-01,93380356.69999999,Beverages
Arkansas,2022-02-10,112136003.5,Beverages
Arkansas,2022-02-13,97702065.6,Beverages
Arkansas,2022-02-20,90819494.30000001,Beverages
Arkansas,2022-02-27,99037114.9,Beverages
Arkansas,2022-03-04,103811547.80000001,Beverages
Arkansas,2022-03-07,119976405.5,Beverages
Arkansas,2022-03-13,102169602.4,Beverages
Arkansas,2022-03-20,102381503.10000001,Beverages
Arkansas,2022-03-27,99464637.10000001,Beverages
Arkansas,2022-04-09,118942575.29999998,Beverages
Arkansas,2022-04-12,99768471.79999998,Beverages
Arkansas,2022-04-17,104085975.5,Beverages
Arkansas,2022-04-24,100996169.10000001,Beverages
Arkansas,2022-05-06,109057663.60000001,Beverages
Arkansas,2022-05-15,110749148.4,Beverages
Arkansas,2022-05-22,110460401.70000002,Beverages
Arkansas,2022-05-29,109863858.89999999,Beverages
Arkansas,2022-06-02,96618080.90000002,Beverages
Arkansas,2022-06-03,103093646.0,Beverages
Arkansas,2022-06-11,104366456.9,Beverages
Arkansas,2022-06-19,117770997.19999999,Beverages
Arkansas,2022-06-26,114411031.9,Beverages
Arkansas,2022-07-08,116148959.30000001,Beverages
Arkansas,2022-07-17,114762338.9,Beverages
Arkansas,2022-07-24,114581651.4,Beverages
Arkansas,2022-07-31,114979801.60000001,Beverages
Arkansas,2022-08-05,105764202.7,Beverages
Arkansas,2022-08-14,118150218.69999999,Beverages
Arkansas,2022-08-21,112180743.0,Beverages
Arkansas,2022-08-28,113832343.8,Beverages
Arkansas,2022-09-01,94532466.60000001,Beverages
Arkansas,2022-09-10,112645109.0,Beverages
Arkansas,2022-09-18,113416519.2,Beverages
Arkansas,2022-09-25,110869551.89999999,Beverages
Arkansas,2022-10-04,105314661.19999999,Beverages
Arkansas,2022-10-07,117172559.00000001,Beverages
Arkansas,2022-10-16,109648626.3,Beverages
Arkansas,2022-10-23,105598574.80000001,Beverages
Arkansas,2022-10-30,102518257.5,Beverages
Arkansas,2022-11-09,116255197.7,Beverages
Arkansas,2022-11-12,102920615.79999998,Beverages
Arkansas,2022-11-13,104922414.3,Beverages
Arkansas,2022-11-20,104002356.5,Beverages
Arkansas,2022-11-27,103751416.3,Beverages
Arkansas,2022-12-06,110363535.0,Beverages
Arkansas,2022-12-18,104855819.60000001,Beverages
Arkansas,2022-12-25,110014384.19999999,Beverages
Arkansas,2023-01-01,96531611.8,Beverages
Arkansas,2023-01-15,101487861.5,Beverages
Arkansas,2023-01-22,96226247.7,Beverages
Arkansas,2023-01-29,98786791.39999999,Beverages
Arkansas,2023-02-04,109455464.5,Beverages
Arkansas,2023-02-19,100840048.19999999,Beverages
Arkansas,2023-02-26,102483062.80000001,Beverages
Arkansas,2023-03-19,111784587.4,Beverages
Arkansas,2023-03-26,102395451.1,Beverages
Arkansas,2023-04-16,111327537.5,Beverages
Arkansas,2023-04-23,110406153.0,Beverages
Arkansas,2023-04-30,111996706.0,Beverages
Arkansas,2023-05-02,100758299.10000001,Beverages
Arkansas,2023-05-03,111201473.7,Beverages
Arkansas,2023-07-05,116455073.00000001,Beverages
Arkansas,2023-08-01,99012693.50000001,Beverages
Arkansas,2023-09-04,112740581.30000001,Beverages
Arkansas,2023-12-02,103288441.0,Beverages
Arkansas,2023-12-03,116121675.89999999,Beverages
California,2019-01-12,444766890.59999996,Beverages
California,2019-03-11,492597099.4,Beverages
California,2019-06-10,506587724.1,Beverages
California,2019-08-12,449865324.40000004,Beverages
California,2019-10-11,497063951.7,Beverages
California,2019-10-13,504318965.7,Beverages
California,2019-10-20,491957816.8,Beverages
California,2019-10-27,505768871.6,Beverages
California,2019-11-17,486794358.5,Beverages
California,2019-11-24,477240954.9,Beverages
California,2019-12-15,461461505.5,Beverages
California,2019-12-22,491464690.1,Beverages
California,2019-12-29,446846318.6,Beverages
California,2020-01-03,488089629.5,Beverages
California,2020-01-11,517917262.5,Beverages
California,2020-01-19,439475031.59999996,Beverages
California,2020-01-26,450336277.4,Beverages
California,2020-02-02,467920812.5,Beverages
California,2020-02-08,571725103.4,Beverages
California,2020-02-16,446287373.4,Beverages
California,2020-02-23,454404243.0,Beverages
California,2020-03-05,523453598.6,Beverages
California,2020-03-15,594467896.6999999,Beverages
California,2020-03-22,514100498.90000004,Beverages
California,2020-03-29,465090389.20000005,Beverages
California,2020-04-10,554931496.9000001,Beverages
California,2020-04-19,499937571.79999995,Beverages
California,2020-04-26,511961312.5,Beverages
California,2020-05-01,450124199.0,Beverages
California,2020-05-04,489779220.2,Beverages
California,2020-05-07,585581852.4,Beverages
California,2020-05-17,506672447.79999995,Beverages
California,2020-05-24,528426454.4,Beverages
California,2020-05-31,525499508.9,Beverages
California,2020-06-09,590828387.0,Beverages
California,2020-06-12,479476191.5,Beverages
California,2020-06-14,572134465.0,Beverages
California,2020-06-21,539820647.4,Beverages
California,2020-06-28,550818407.0,Beverages
California,2020-07-06,556528877.4,Beverages
California,2020-07-19,566344439.3000001,Beverages
California,2020-07-26,563610656.6999999,Beverages
California,2020-08-03,504525418.40000004,Beverages
California,2020-08-11,513811148.90000004,Beverages
California,2020-08-16,590385374.1999999,Beverages
California,2020-08-23,586280791.9,Beverages
California,2020-08-30,577902644.1,Beverages
California,2020-09-02,446322188.5,Beverages
California,2020-09-08,572375904.9000001,Beverages
California,2020-09-13,555189446.6,Beverages
California,2020-09-20,546802449.0,Beverages
California,2020-09-27,536372040.3,Beverages
California,2020-10-05,532766127.8,Beverages
California,2020-10-18,535362222.1,Beverages
California,2020-10-25,529163244.1,Beverages
California,2020-11-10,543419227.7,Beverages
California,2020-11-15,497866037.5,Beverages
California,2020-11-22,521507021.7,Beverages
California,2020-11-29,471884848.7,Beverages
California,2020-12-01,449525600.59999996,Beverages
California,2020-12-04,484255476.8,Beverages
California,2020-12-07,572401489.1999999,Beverages
California,2020-12-13,487555071.8,Beverages
California,2020-12-20,505770196.2,Beverages
California,2020-12-27,474551685.6,Beverages
California,2021-01-08,602999391.6,Beverages
California,2021-01-17,488099008.09999996,Beverages
California,2021-01-24,475172742.7,Beverages
California,2021-01-31,476419789.8,Beverages
California,2021-02-05,552679134.7,Beverages
California,2021-02-14,485051220.6,Beverages
California,2021-02-21,482836202.2,Beverages
California,2021-02-28,514375628.90000004,Beverages
California,2021-03-01,479823371.0,Beverages
California,2021-03-10,847187814.9,Beverages
California,2021-03-14,612121418.3,Beverages
California,2021-03-21,535505288.4,Beverages
California,2021-03-28,488584341.90000004,Beverages
California,2021-04-04,536621575.4,Beverages
California,2021-04-07,622923227.6,Beverages
California,2021-04-18,515453323.29999995,Beverages
California,2021-04-25,532877585.70000005,Beverages
California,2021-05-09,625640391.9,Beverages
California,2021-05-12,748674114.6999999,Beverages
California,2021-05-16,551703982.5,Beverages
California,2021-05-23,564105034.3,Beverages
California,2021-05-30,580968751.4,Beverages
California,2021-06-06,578471229.1999999,Beverages
California,2021-06-13,589885974.1,Beverages
California,2021-06-20,602011587.0,Beverages
California,2021-06-27,585311316.3,Beverages
California,2021-07-02,494320646.6,Beverages
California,2021-07-03,538794932.5,Beverages
California,2021-07-11,783320345.9000001,Beverages
California,2021-07-18,608751470.5,Beverages
California,2021-07-25,598589158.0,Beverages
California,2021-08-08,611364709.1,Beverages
California,2021-08-15,638156863.5,Beverages
California,2021-08-22,617148867.9,Beverages
California,2021-08-29,595262791.2,Beverages
California,2021-09-05,576813822.5,Beverages
California,2021-09-19,586302816.1,Beverages
California,2021-09-26,580649015.4,Beverages
California,2021-10-01,478632113.0,Beverages
California,2021-10-10,815989723.9,Beverages
California,2021-10-17,818621940.4,Beverages
California,2021-10-24,782324756.1999999,Beverages
California,2021-10-31,801781952.4,Beverages
California,2021-11-04,508801549.0,Beverages
California,2021-11-07,612497091.4,Beverages
California,2021-11-14,792175855.0000001,Beverages
California,2021-11-21,804762761.8000002,Beverages
California,2021-11-28,738558959.5,Beverages
California,2021-12-09,602636475.4,Beverages
California,2021-12-12,755743319.9,Beverages
California,2021-12-19,774968961.5,Beverages
California,2021-12-26,749275823.4000001,Beverages
California,2022-01-05,822427062.2,Beverages
California,2022-01-16,755673420.5,Beverages
California,2022-01-23,750604359.6,Beverages
California,2022-01-30,732224035.4000001,Beverages
California,2022-02-01,729386633.3000001,Beverages
California,2022-02-10,856445643.0,Beverages
California,2022-02-13,762696332.9999999,Beverages
California,2022-02-20,739917837.5999999,Beverages
California,2022-02-27,757884374.0,Beverages
California,2022-03-04,819513915.0,Beverages
California,2022-03-07,935576184.6,Beverages
California,2022-03-13,779023246.0,Beverages
California,2022-03-20,773456532.8000001,Beverages
California,2022-03-27,798854527.9999999,Beverages
California,2022-04-09,953230705.0,Beverages
California,2022-04-12,764715118.1,Beverages
California,2022-04-17,822280164.6,Beverages
California,2022-04-24,798871465.4,Beverages
California,2022-05-06,867362897.3,Beverages
California,2022-05-15,812869873.9,Beverages
California,2022-05-22,823723310.0,Beverages
California,2022-05-29,854870957.3,Beverages
California,2022-06-02,745632437.3000001,Beverages
California,2022-06-03,775923008.9999999,Beverages
California,2022-06-11,813144569.1,Beverages
California,2022-06-19,886160929.0,Beverages
California,2022-06-26,888243244.7,Beverages
California,2022-07-08,925362007.9000001,Beverages
California,2022-07-17,896695789.9,Beverages
California,2022-07-24,921542953.5,Beverages
California,2022-07-31,903223651.4000001,Beverages
California,2022-08-05,837782910.0,Beverages
California,2022-08-14,938316356.1,Beverages
California,2022-08-21,900851966.6999998,Beverages
California,2022-08-28,909390978.8000001,Beverages
California,2022-09-01,736430206.7,Beverages
California,2022-09-10,866381839.0,Beverages
California,2022-09-18,867638860.1,Beverages
California,2022-09-25,855686656.1,Beverages
California,2022-10-04,831441980.3000001,Beverages
California,2022-10-07,892737987.6,Beverages
California,2022-10-16,826542797.3,Beverages
California,2022-10-23,836400783.5,Beverages
California,2022-10-30,821263498.8000001,Beverages
California,2022-11-09,941975596.5,Beverages
California,2022-11-12,779963945.8,Beverages
California,2022-11-13,811480817.3,Beverages
California,2022-11-20,832806518.2,Beverages
California,2022-11-27,792984859.5999999,Beverages
California,2022-12-06,894410019.9,Beverages
California,2022-12-18,802540094.2,Beverages
California,2022-12-25,815368628.4000001,Beverages
California,2023-01-01,756579579.1,Beverages
California,2023-01-15,766999016.8,Beverages
California,2023-01-22,764986978.7,Beverages
California,2023-01-29,778317434.5999999,Beverages
California,2023-02-04,813344182.4,Beverages
California,2023-02-19,786199418.8999999,Beverages
California,2023-02-26,786344636.4,Beverages
California,2023-03-19,841308841.1,Beverages
California,2023-03-26,789656125.1,Beverages
California,2023-04-16,835223086.1999999,Beverages
California,2023-04-23,850571753.5000001,Beverages
California,2023-04-30,874642690.5,Beverages
California,2023-05-02,787384368.4000001,Beverages
California,2023-05-03,839560395.8000001,Beverages
California,2023-07-05,883254115.9,Beverages
California,2023-08-01,756624460.2,Beverages
California,2023-09-04,860323109.8,Beverages
California,2023-12-02,845801292.3,Beverages
California,2023-12-03,921784603.5,Beverages
Colorado,2019-01-12,89816716.3,Beverages
Colorado,2019-03-11,92194329.0,Beverages
Colorado,2019-06-10,100423015.9,Beverages
Colorado,2019-08-12,92967544.89999999,Beverages
Colorado,2019-10-11,95171404.69999999,Beverages
Colorado,2019-10-13,96208959.3,Beverages
Colorado,2019-10-20,96070971.2,Beverages
Colorado,2019-10-27,97471702.1,Beverages
Colorado,2019-11-17,94977960.7,Beverages
Colorado,2019-11-24,95674566.19999999,Beverages
Colorado,2019-12-15,97765963.30000001,Beverages
Colorado,2019-12-22,102108204.1,Beverages
Colorado,2019-12-29,91828009.4,Beverages
Colorado,2020-01-03,98316102.4,Beverages
Colorado,2020-01-11,97188915.5,Beverages
Colorado,2020-01-19,93556020.80000001,Beverages
Colorado,2020-01-26,91933086.7,Beverages
Colorado,2020-02-02,96637421.6,Beverages
Colorado,2020-02-08,116777703.5,Beverages
Colorado,2020-02-16,93183876.7,Beverages
Colorado,2020-02-23,92341806.10000001,Beverages
Colorado,2020-03-05,105416647.2,Beverages
Colorado,2020-03-15,117149278.4,Beverages
Colorado,2020-03-22,104354542.8,Beverages
Colorado,2020-03-29,94075698.0,Beverages
Colorado,2020-04-10,106364272.0,Beverages
Colorado,2020-04-19,99657929.5,Beverages
Colorado,2020-04-26,100031056.1,Beverages
Colorado,2020-05-01,93858490.4,Beverages
Colorado,2020-05-04,96546500.80000001,Beverages
Colorado,2020-05-07,124000018.10000001,Beverages
Colorado,2020-05-17,106926595.6,Beverages
Colorado,2020-05-24,110779344.0,Beverages
Colorado,2020-05-31,106394738.1,Beverages
Colorado,2020-06-09,115955629.4,Beverages
Colorado,2020-06-12,97886273.3,Beverages
Colorado,2020-06-14,114522304.5,Beverages
Colorado,2020-06-21,111039373.0,Beverages
Colorado,2020-06-28,116567564.6,Beverages
Colorado,2020-07-06,115018398.5,Beverages
Colorado,2020-07-19,119223162.4,Beverages
Colorado,2020-07-26,115636419.7,Beverages
Colorado,2020-08-03,103348721.3,Beverages
Colorado,2020-08-11,104033043.4,Beverages
Colorado,2020-08-16,118885839.7,Beverages
Colorado,2020-08-23,116517360.6,Beverages
Colorado,2020-08-30,114589945.6,Beverages
Colorado,2020-09-02,91717704.80000001,Beverages
Colorado,2020-09-08,119457330.9,Beverages
Colorado,2020-09-13,107410888.2,Beverages
Colorado,2020-09-20,109526976.69999999,Beverages
Colorado,2020-09-27,107762178.2,Beverages
Colorado,2020-10-05,105115083.39999999,Beverages
Colorado,2020-10-18,103854517.7,Beverages
Colorado,2020-10-25,101886131.2,Beverages
Colorado,2020-11-10,107613659.9,Beverages
Colorado,2020-11-15,100429080.39999999,Beverages
Colorado,2020-11-22,104943496.6,Beverages
Colorado,2020-11-29,94796795.6,Beverages
Colorado,2020-12-01,94406018.39999999,Beverages
Colorado,2020-12-04,100414296.0,Beverages
Colorado,2020-12-07,119333471.9,Beverages
Colorado,2020-12-13,102075750.69999999,Beverages
Colorado,2020-12-20,104443757.6,Beverages
Colorado,2020-12-27,99610493.8,Beverages
Colorado,2021-01-08,123397870.3,Beverages
Colorado,2021-01-17,100352533.3,Beverages
Colorado,2021-01-24,98388621.1,Beverages
Colorado,2021-01-31,99306859.8,Beverages
Colorado,2021-02-05,113113760.39999999,Beverages
Colorado,2021-02-14,98307861.0,Beverages
Colorado,2021-02-21,97443598.9,Beverages
Colorado,2021-02-28,101868949.8,Beverages
Colorado,2021-03-01,99516019.1,Beverages
Colorado,2021-03-10,164057354.2,Beverages
Colorado,2021-03-14,128981247.9,Beverages
Colorado,2021-03-21,105019246.8,Beverages
Colorado,2021-03-28,99085283.39999999,Beverages
Colorado,2021-04-04,104844288.5,Beverages
Colorado,2021-04-07,129578193.69999999,Beverages
Colorado,2021-04-18,99335213.10000001,Beverages
Colorado,2021-04-25,104244477.0,Beverages
Colorado,2021-05-09,125204216.39999999,Beverages
Colorado,2021-05-12,151955869.5,Beverages
Colorado,2021-05-16,109714051.2,Beverages
Colorado,2021-05-23,117625052.5,Beverages
Colorado,2021-05-30,116957171.10000001,Beverages
Colorado,2021-06-06,121425334.3,Beverages
Colorado,2021-06-13,125933476.30000001,Beverages
Colorado,2021-06-20,127783969.3,Beverages
Colorado,2021-06-27,120337963.8,Beverages
Colorado,2021-07-02,101010048.8,Beverages
Colorado,2021-07-03,110131175.60000001,Beverages
Colorado,2021-07-11,156696702.40000004,Beverages
Colorado,2021-07-18,124870675.9,Beverages
Colorado,2021-07-25,124809030.39999999,Beverages
Colorado,2021-08-08,126279290.5,Beverages
Colorado,2021-08-15,127856916.8,Beverages
Colorado,2021-08-22,124153755.6,Beverages
Colorado,2021-08-29,120426229.1,Beverages
Colorado,2021-09-05,112816690.89999999,Beverages
Colorado,2021-09-19,118347312.2,Beverages
Colorado,2021-09-26,116470674.8,Beverages
Colorado,2021-10-01,99984580.5,Beverages
Colorado,2021-10-10,163295548.0,Beverages
Colorado,2021-10-17,158171904.69999996,Beverages
Colorado,2021-10-24,157175507.0,Beverages
Colorado,2021-10-31,155305035.70000005,Beverages
Colorado,2021-11-04,107102292.8,Beverages
Colorado,2021-11-07,127485651.30000001,Beverages
Colorado,2021-11-14,156901319.00000003,Beverages
Colorado,2021-11-21,160371574.7,Beverages
Colorado,2021-11-28,147374438.29999998,Beverages
Colorado,2021-12-09,117995179.2,Beverages
Colorado,2021-12-12,158281659.0,Beverages
Colorado,2021-12-19,163200758.70000005,Beverages
Colorado,2021-12-26,156967757.4,Beverages
Colorado,2022-01-05,166665062.60000002,Beverages
Colorado,2022-01-16,156254016.4,Beverages
Colorado,2022-01-23,150034320.4,Beverages
Colorado,2022-01-30,152646637.4,Beverages
Colorado,2022-02-01,151947526.0,Beverages
Colorado,2022-02-10,171144802.70000002,Beverages
Colorado,2022-02-13,155012982.89999998,Beverages
Colorado,2022-02-20,151291673.4,Beverages
Colorado,2022-02-27,155238168.39999998,Beverages
Colorado,2022-03-04,166188104.2,Beverages
Colorado,2022-03-07,192748763.70000002,Beverages
Colorado,2022-03-13,165585876.8,Beverages
Colorado,2022-03-20,154499195.1,Beverages
Colorado,2022-03-27,156865111.2,Beverages
Colorado,2022-04-09,190922801.0,Beverages
Colorado,2022-04-12,158470699.00000003,Beverages
Colorado,2022-04-17,166284415.89999998,Beverages
Colorado,2022-04-24,160943181.9,Beverages
Colorado,2022-05-06,176922383.39999998,Beverages
Colorado,2022-05-15,172753761.9,Beverages
Colorado,2022-05-22,170755924.79999998,Beverages
Colorado,2022-05-29,175164905.2,Beverages
Colorado,2022-06-02,153916049.30000004,Beverages
Colorado,2022-06-03,162120987.1,Beverages
Colorado,2022-06-11,163509209.70000002,Beverages
Colorado,2022-06-19,188954673.1,Beverages
Colorado,2022-06-26,183110600.79999998,Beverages
Colorado,2022-07-08,191155092.2,Beverages
Colorado,2022-07-17,191510122.1,Beverages
Colorado,2022-07-24,190447519.1,Beverages
Colorado,2022-07-31,187086252.10000002,Beverages
Colorado,2022-08-05,168274038.0,Beverages
Colorado,2022-08-14,194019812.60000002,Beverages
Colorado,2022-08-21,185820295.7,Beverages
Colorado,2022-08-28,184995506.50000003,Beverages
Colorado,2022-09-01,153105242.59999996,Beverages
Colorado,2022-09-10,171131406.6,Beverages
Colorado,2022-09-18,178738199.3,Beverages
Colorado,2022-09-25,173668948.4,Beverages
Colorado,2022-10-04,164003270.1,Beverages
Colorado,2022-10-07,188835246.9,Beverages
Colorado,2022-10-16,168565630.3,Beverages
Colorado,2022-10-23,165083337.9,Beverages
Colorado,2022-10-30,159706081.7,Beverages
Colorado,2022-11-09,183501224.5,Beverages
Colorado,2022-11-12,166933506.70000002,Beverages
Colorado,2022-11-13,165084506.00000003,Beverages
Colorado,2022-11-20,166380492.10000002,Beverages
Colorado,2022-11-27,159140608.9,Beverages
Colorado,2022-12-06,189261834.7,Beverages
Colorado,2022-12-18,172438878.20000002,Beverages
Colorado,2022-12-25,174350868.5,Beverages
Colorado,2023-01-01,157223681.6,Beverages
Colorado,2023-01-15,164136084.70000002,Beverages
Colorado,2023-01-22,157271987.79999998,Beverages
Colorado,2023-01-29,159977860.39999998,Beverages
Colorado,2023-02-04,164277029.20000002,Beverages
Colorado,2023-02-19,161916342.4,Beverages
Colorado,2023-02-26,162974536.39999998,Beverages
Colorado,2023-03-19,175970340.2,Beverages
Colorado,2023-03-26,162208710.6,Beverages
Colorado,2023-04-16,171275346.0,Beverages
Colorado,2023-04-23,171663317.7,Beverages
Colorado,2023-04-30,176581203.7,Beverages
Colorado,2023-05-02,160037908.20000002,Beverages
Colorado,2023-05-03,176596201.70000002,Beverages
Colorado,2023-07-05,184271718.6,Beverages
Colorado,2023-08-01,159222411.60000002,Beverages
Colorado,2023-09-04,176090725.70000002,Beverages
Colorado,2023-12-02,167733876.8,Beverages
Colorado,2023-12-03,187274807.4,Beverages
Connecticut,2019-01-12,49715400.0,Beverages
Connecticut,2019-03-11,48505472.5,Beverages
Connecticut,2019-06-10,53879305.800000004,Beverages
Connecticut,2019-08-12,50434583.2,Beverages
Connecticut,2019-10-11,51251704.5,Beverages
Connecticut,2019-10-13,50404578.0,Beverages
Connecticut,2019-10-20,47666438.8,Beverages
Connecticut,2019-10-27,48601957.300000004,Beverages
Connecticut,2019-11-17,49800476.2,Beverages
Connecticut,2019-11-24,51528057.900000006,Beverages
Connecticut,2019-12-15,49935384.199999996,Beverages
Connecticut,2019-12-22,52849555.1,Beverages
Connecticut,2019-12-29,51807783.800000004,Beverages
Connecticut,2020-01-03,49149288.9,Beverages
Connecticut,2020-01-11,49676493.300000004,Beverages
Connecticut,2020-01-19,49862781.1,Beverages
Connecticut,2020-01-26,45722598.3,Beverages
Connecticut,2020-02-02,47694238.800000004,Beverages
Connecticut,2020-02-08,61118340.7,Beverages
Connecticut,2020-02-16,45861184.4,Beverages
Connecticut,2020-02-23,47425737.0,Beverages
Connecticut,2020-03-05,52974800.3,Beverages
Connecticut,2020-03-15,59045572.400000006,Beverages
Connecticut,2020-03-22,57791337.2,Beverages
Connecticut,2020-03-29,49852833.0,Beverages
Connecticut,2020-04-10,55141356.099999994,Beverages
Connecticut,2020-04-19,50759622.7,Beverages
Connecticut,2020-04-26,48865178.300000004,Beverages
Connecticut,2020-05-01,51480724.699999996,Beverages
Connecticut,2020-05-04,53631291.6,Beverages
Connecticut,2020-05-07,64622006.9,Beverages
Connecticut,2020-05-17,53808717.8,Beverages
Connecticut,2020-05-24,58935642.5,Beverages
Connecticut,2020-05-31,56522796.2,Beverages
Connecticut,2020-06-09,57635875.2,Beverages
Connecticut,2020-06-12,50343532.3,Beverages
Connecticut,2020-06-14,58424323.0,Beverages
Connecticut,2020-06-21,57546803.199999996,Beverages
Connecticut,2020-06-28,61324731.699999996,Beverages
Connecticut,2020-07-06,59096839.199999996,Beverages
Connecticut,2020-07-19,60398186.5,Beverages
Connecticut,2020-07-26,58895237.300000004,Beverages
Connecticut,2020-08-03,54082293.8,Beverages
Connecticut,2020-08-11,53427772.5,Beverages
Connecticut,2020-08-16,59759999.3,Beverages
Connecticut,2020-08-23,56648743.7,Beverages
Connecticut,2020-08-30,56701167.7,Beverages
Connecticut,2020-09-02,49722500.2,Beverages
Connecticut,2020-09-08,61462742.5,Beverages
Connecticut,2020-09-13,53851189.7,Beverages
Connecticut,2020-09-20,52199488.199999996,Beverages
Connecticut,2020-09-27,52925030.1,Beverages
Connecticut,2020-10-05,54553226.199999996,Beverages
Connecticut,2020-10-18,50287285.400000006,Beverages
Connecticut,2020-10-25,51161592.7,Beverages
Connecticut,2020-11-10,52812895.9,Beverages
Connecticut,2020-11-15,51093362.6,Beverages
Connecticut,2020-11-22,53017863.7,Beverages
Connecticut,2020-11-29,53722581.4,Beverages
Connecticut,2020-12-01,48415563.8,Beverages
Connecticut,2020-12-04,53431059.199999996,Beverages
Connecticut,2020-12-07,58824663.8,Beverages
Connecticut,2020-12-13,51911248.300000004,Beverages
Connecticut,2020-12-20,53144299.9,Beverages
Connecticut,2020-12-27,54173404.1,Beverages
Connecticut,2021-01-08,62411952.9,Beverages
Connecticut,2021-01-17,50424393.1,Beverages
Connecticut,2021-01-24,48601548.0,Beverages
Connecticut,2021-01-31,49340662.6,Beverages
Connecticut,2021-02-05,56650298.9,Beverages
Connecticut,2021-02-14,48445497.3,Beverages
Connecticut,2021-02-21,48419982.3,Beverages
Connecticut,2021-02-28,50433783.699999996,Beverages
Connecticut,2021-03-01,51177327.8,Beverages
Connecticut,2021-03-10,85104099.60000001,Beverages
Connecticut,2021-03-14,61969852.599999994,Beverages
Connecticut,2021-03-21,59840727.699999996,Beverages
Connecticut,2021-03-28,53057117.3,Beverages
Connecticut,2021-04-04,55135293.199999996,Beverages
Connecticut,2021-04-07,65723602.4,Beverages
Connecticut,2021-04-18,53130379.300000004,Beverages
Connecticut,2021-04-25,54592899.6,Beverages
Connecticut,2021-05-09,61558289.800000004,Beverages
Connecticut,2021-05-12,79199934.39999999,Beverages
Connecticut,2021-05-16,57398523.400000006,Beverages
Connecticut,2021-05-23,62710961.8,Beverages
Connecticut,2021-05-30,61165551.0,Beverages
Connecticut,2021-06-06,60103151.5,Beverages
Connecticut,2021-06-13,64410423.9,Beverages
Connecticut,2021-06-20,62381124.0,Beverages
Connecticut,2021-06-27,62839851.2,Beverages
Connecticut,2021-07-02,53205534.9,Beverages
Connecticut,2021-07-03,55369442.5,Beverages
Connecticut,2021-07-11,81651391.19999999,Beverages
Connecticut,2021-07-18,60635362.5,Beverages
Connecticut,2021-07-25,62040830.6,Beverages
Connecticut,2021-08-08,64615187.5,Beverages
Connecticut,2021-08-15,64943054.9,Beverages
Connecticut,2021-08-22,63753983.7,Beverages
Connecticut,2021-08-29,61636785.5,Beverages
Connecticut,2021-09-05,58135893.199999996,Beverages
Connecticut,2021-09-19,56803055.8,Beverages
Connecticut,2021-09-26,57388238.5,Beverages
Connecticut,2021-10-01,50935533.5,Beverages
Connecticut,2021-10-10,83490393.99999999,Beverages
Connecticut,2021-10-17,79115418.4,Beverages
Connecticut,2021-10-24,79963453.49999999,Beverages
Connecticut,2021-10-31,77952094.9,Beverages
Connecticut,2021-11-04,54576849.400000006,Beverages
Connecticut,2021-11-07,60408635.6,Beverages
Connecticut,2021-11-14,81330192.8,Beverages
Connecticut,2021-11-21,84134165.89999999,Beverages
Connecticut,2021-11-28,79050121.80000001,Beverages
Connecticut,2021-12-09,58979019.1,Beverages
Connecticut,2021-12-12,80338614.1,Beverages
Connecticut,2021-12-19,84685485.7,Beverages
Connecticut,2021-12-26,84664547.69999999,Beverages
Connecticut,2022-01-05,84565666.9,Beverages
Connecticut,2022-01-16,79998410.3,Beverages
Connecticut,2022-01-23,75730959.9,Beverages
Connecticut,2022-01-30,79225631.39999999,Beverages
Connecticut,2022-02-01,78707959.6,Beverages
Connecticut,2022-02-10,88582157.1,Beverages
Connecticut,2022-02-13,77308767.5,Beverages
Connecticut,2022-02-20,75044847.5,Beverages
Connecticut,2022-02-27,78074991.60000001,Beverages
Connecticut,2022-03-04,83539947.4,Beverages
Connecticut,2022-03-07,101589519.00000001,Beverages
Connecticut,2022-03-13,79458362.89999999,Beverages
Connecticut,2022-03-20,79850855.30000001,Beverages
Connecticut,2022-03-27,80412221.39999999,Beverages
Connecticut,2022-04-09,93921008.80000001,Beverages
Connecticut,2022-04-12,81630154.10000001,Beverages
Connecticut,2022-04-17,83716932.0,Beverages
Connecticut,2022-04-24,78705229.1,Beverages
Connecticut,2022-05-06,92901719.9,Beverages
Connecticut,2022-05-15,86752612.39999999,Beverages
Connecticut,2022-05-22,95588771.2,Beverages
Connecticut,2022-05-29,92648750.60000001,Beverages
Connecticut,2022-06-02,78867982.99999999,Beverages
Connecticut,2022-06-03,81244603.7,Beverages
Connecticut,2022-06-11,88105835.19999999,Beverages
Connecticut,2022-06-19,91475328.9,Beverages
Connecticut,2022-06-26,93202712.30000001,Beverages
Connecticut,2022-07-08,95748091.19999999,Beverages
Connecticut,2022-07-17,93692698.70000002,Beverages
Connecticut,2022-07-24,93947415.8,Beverages
Connecticut,2022-07-31,94252643.60000001,Beverages
Connecticut,2022-08-05,87613823.0,Beverages
Connecticut,2022-08-14,93238518.4,Beverages
Connecticut,2022-08-21,94701139.4,Beverages
Connecticut,2022-08-28,93541953.7,Beverages
Connecticut,2022-09-01,79982309.39999999,Beverages
Connecticut,2022-09-10,88062177.4,Beverages
Connecticut,2022-09-18,86482696.30000001,Beverages
Connecticut,2022-09-25,87625521.70000002,Beverages
Connecticut,2022-10-04,84788564.3,Beverages
Connecticut,2022-10-07,94364112.5,Beverages
Connecticut,2022-10-16,83598256.39999999,Beverages
Connecticut,2022-10-23,84847909.19999999,Beverages
Connecticut,2022-10-30,82234259.10000001,Beverages
Connecticut,2022-11-09,87799469.39999999,Beverages
Connecticut,2022-11-12,85484044.10000001,Beverages
Connecticut,2022-11-13,84784922.2,Beverages
Connecticut,2022-11-20,87584795.80000001,Beverages
Connecticut,2022-11-27,89099386.0,Beverages
Connecticut,2022-12-06,94343154.0,Beverages
Connecticut,2022-12-18,87927075.00000001,Beverages
Connecticut,2022-12-25,94160701.8,Beverages
Connecticut,2023-01-01,81444065.5,Beverages
Connecticut,2023-01-15,81338878.49999999,Beverages
Connecticut,2023-01-22,80180535.60000001,Beverages
Connecticut,2023-01-29,81503817.9,Beverages
Connecticut,2023-02-04,86141282.2,Beverages
Connecticut,2023-02-19,81341663.5,Beverages
Connecticut,2023-02-26,82172856.8,Beverages
Connecticut,2023-03-19,91217475.1,Beverages
Connecticut,2023-03-26,83520434.0,Beverages
Connecticut,2023-04-16,89649419.7,Beverages
Connecticut,2023-04-23,87752373.19999999,Beverages
Connecticut,2023-04-30,88123968.3,Beverages
Connecticut,2023-05-02,82428772.89999999,Beverages
Connecticut,2023-05-03,88221789.39999999,Beverages
Connecticut,2023-07-05,93007531.1,Beverages
Connecticut,2023-08-01,84761850.2,Beverages
Connecticut,2023-09-04,91590688.60000001,Beverages
Connecticut,2023-12-02,82315194.3,Beverages
Connecticut,2023-12-03,95286711.39999999,Beverages
Florida,2019-01-12,358112985.7,Beverages
Florida,2019-03-11,389736360.6,Beverages
Florida,2019-06-10,397812263.7,Beverages
Florida,2019-08-12,369604454.5,Beverages
Florida,2019-10-11,386937677.8,Beverages
Florida,2019-10-13,391310683.6,Beverages
Florida,2019-10-20,386318006.0,Beverages
Florida,2019-10-27,383741451.2,Beverages
Florida,2019-11-17,388918010.90000004,Beverages
Florida,2019-11-24,382545143.8,Beverages
Florida,2019-12-15,370622457.90000004,Beverages
Florida,2019-12-22,392523627.2,Beverages
Florida,2019-12-29,383971631.40000004,Beverages
Florida,2020-01-03,418283543.5,Beverages
Florida,2020-01-11,418301136.4,Beverages
Florida,2020-01-19,379065263.20000005,Beverages
Florida,2020-01-26,368781893.7,Beverages
Florida,2020-02-02,384924916.40000004,Beverages
Florida,2020-02-08,430782299.59999996,Beverages
Florida,2020-02-16,394220223.2,Beverages
Florida,2020-02-23,399232704.2,Beverages
Florida,2020-03-05,415458416.5,Beverages
Florida,2020-03-15,501395271.90000004,Beverages
Florida,2020-03-22,456728427.6,Beverages
Florida,2020-03-29,415475921.7,Beverages
Florida,2020-04-10,405135428.7,Beverages
Florida,2020-04-19,406314240.9,Beverages
Florida,2020-04-26,403638588.4,Beverages
Florida,2020-05-01,384552790.5,Beverages
Florida,2020-05-04,414217511.0,Beverages
Florida,2020-05-07,448570750.59999996,Beverages
Florida,2020-05-17,418764433.3,Beverages
Florida,2020-05-24,433358492.9,Beverages
Florida,2020-05-31,425634982.7,Beverages
Florida,2020-06-09,390860704.8,Beverages
Florida,2020-06-12,386563175.0,Beverages
Florida,2020-06-14,418428105.3,Beverages
Florida,2020-06-21,430682945.8,Beverages
Florida,2020-06-28,455034694.70000005,Beverages
Florida,2020-07-06,418545830.6,Beverages
Florida,2020-07-19,428211673.7,Beverages
Florida,2020-07-26,417570225.3,Beverages
Florida,2020-08-03,431690355.7,Beverages
Florida,2020-08-11,402426821.40000004,Beverages
Florida,2020-08-16,420287991.7,Beverages
Florida,2020-08-23,432183858.90000004,Beverages
Florida,2020-08-30,498199308.5,Beverages
Florida,2020-09-02,385408868.9,Beverages
Florida,2020-09-08,416202636.5,Beverages
Florida,2020-09-13,389580757.3,Beverages
Florida,2020-09-20,401149841.8,Beverages
Florida,2020-09-27,402325924.5,Beverages
Florida,2020-10-05,414827331.70000005,Beverages
Florida,2020-10-18,408146193.20000005,Beverages
Florida,2020-10-25,404464567.2,Beverages
Florida,2020-11-10,408643646.6,Beverages
Florida,2020-11-15,393181793.40000004,Beverages
Florida,2020-11-22,428095160.3,Beverages
Florida,2020-11-29,373685633.3,Beverages
Florida,2020-12-01,380194398.70000005,Beverages
Florida,2020-12-04,405555022.4,Beverages
Florida,2020-12-07,411049343.9,Beverages
Florida,2020-12-13,392477293.1,Beverages
Florida,2020-12-20,418158146.90000004,Beverages
Florida,2020-12-27,396895270.59999996,Beverages
Florida,2021-01-08,474960315.0,Beverages
Florida,2021-01-17,404563342.0,Beverages
Florida,2021-01-24,396317574.3,Beverages
Florida,2021-01-31,407009773.40000004,Beverages
Florida,2021-02-05,456177067.5,Beverages
Florida,2021-02-14,417646269.8,Beverages
Florida,2021-02-21,416763943.5,Beverages
Florida,2021-02-28,437229448.3,Beverages
Florida,2021-03-01,407668716.9,Beverages
Florida,2021-03-10,650291093.9000001,Beverages
Florida,2021-03-14,528051576.6,Beverages
Florida,2021-03-21,500049042.4,Beverages
Florida,2021-03-28,458062674.6,Beverages
Florida,2021-04-04,452821844.2,Beverages
Florida,2021-04-07,495492035.2,Beverages
Florida,2021-04-18,439545090.6,Beverages
Florida,2021-04-25,437757559.79999995,Beverages
Florida,2021-05-09,463238157.8,Beverages
Florida,2021-05-12,614205921.5,Beverages
Florida,2021-05-16,454518215.6,Beverages
Florida,2021-05-23,461793037.3,Beverages
Florida,2021-05-30,468613673.09999996,Beverages
Florida,2021-06-06,453226022.3,Beverages
Florida,2021-06-13,468182254.59999996,Beverages
Florida,2021-06-20,463942370.3,Beverages
Florida,2021-06-27,471658231.20000005,Beverages
Florida,2021-07-02,408426576.3,Beverages
Florida,2021-07-03,451704203.59999996,Beverages
Florida,2021-07-11,626921178.5,Beverages
Florida,2021-07-18,461906089.2,Beverages
Florida,2021-07-25,464260466.3,Beverages
Florida,2021-08-08,460012876.7,Beverages
Florida,2021-08-15,465739560.8,Beverages
Florida,2021-08-22,462049706.20000005,Beverages
Florida,2021-08-29,451769857.0,Beverages
Florida,2021-09-05,463060774.29999995,Beverages
Florida,2021-09-19,441054934.1,Beverages
Florida,2021-09-26,443549009.09999996,Beverages
Florida,2021-10-01,402837256.09999996,Beverages
Florida,2021-10-10,658073955.6,Beverages
Florida,2021-10-17,649087749.0,Beverages
Florida,2021-10-24,636492809.7,Beverages
Florida,2021-10-31,639670899.0999999,Beverages
Florida,2021-11-04,431834953.3,Beverages
Florida,2021-11-07,445551996.1,Beverages
Florida,2021-11-14,641627351.9999999,Beverages
Florida,2021-11-21,647095618.3,Beverages
Florida,2021-11-28,580412387.6,Beverages
Florida,2021-12-09,434420849.0,Beverages
Florida,2021-12-12,621894064.2,Beverages
Florida,2021-12-19,657419273.2,Beverages
Florida,2021-12-26,637666451.5,Beverages
Florida,2022-01-05,702046035.3,Beverages
Florida,2022-01-16,632875897.6999999,Beverages
Florida,2022-01-23,621955678.9,Beverages
Florida,2022-01-30,628041475.9000001,Beverages
Florida,2022-02-01,646500603.6999999,Beverages
Florida,2022-02-10,693030079.2,Beverages
Florida,2022-02-13,645108903.8000001,Beverages
Florida,2022-02-20,659433678.3,Beverages
Florida,2022-02-27,689853278.4,Beverages
Florida,2022-03-04,700061265.4,Beverages
Florida,2022-03-07,735338902.0000001,Beverages
Florida,2022-03-13,690230809.8000001,Beverages
Florida,2022-03-20,689715125.8000001,Beverages
Florida,2022-03-27,705833671.7,Beverages
Florida,2022-04-09,681125303.6,Beverages
Florida,2022-04-12,672178981.0,Beverages
Florida,2022-04-17,700335011.4,Beverages
Florida,2022-04-24,691133574.2,Beverages
Florida,2022-05-06,697035015.9,Beverages
Florida,2022-05-15,699768169.7,Beverages
Florida,2022-05-22,717341218.4000001,Beverages
Florida,2022-05-29,729620556.1999999,Beverages
Florida,2022-06-02,637532932.2,Beverages
Florida,2022-06-03,690201657.4,Beverages
Florida,2022-06-11,699055504.2,Beverages
Florida,2022-06-19,707407753.4,Beverages
Florida,2022-06-26,711378457.5,Beverages
Florida,2022-07-08,716789624.2999998,Beverages
Florida,2022-07-17,705424400.4,Beverages
Florida,2022-07-24,707109542.3000001,Beverages
Florida,2022-07-31,711378169.6999999,Beverages
Florida,2022-08-05,715244615.1,Beverages
Florida,2022-08-14,706877465.6999999,Beverages
Florida,2022-08-21,725848243.8,Beverages
Florida,2022-08-28,782741439.9999999,Beverages
Florida,2022-09-01,629065724.6999999,Beverages
Florida,2022-09-10,688756402.9,Beverages
Florida,2022-09-18,670728453.3999999,Beverages
Florida,2022-09-25,755860884.3000001,Beverages
Florida,2022-10-04,708494981.6,Beverages
Florida,2022-10-07,681830724.3000001,Beverages
Florida,2022-10-16,700430109.6999999,Beverages
Florida,2022-10-23,687631033.3,Beverages
Florida,2022-10-30,693609730.9000001,Beverages
Florida,2022-11-09,667077992.1,Beverages
Florida,2022-11-12,686888529.1,Beverages
Florida,2022-11-13,673068717.7,Beverages
Florida,2022-11-20,714995052.5,Beverages
Florida,2022-11-27,627978196.3000001,Beverages
Florida,2022-12-06,697115836.3000001,Beverages
Florida,2022-12-18,710659033.4000001,Beverages
Florida,2022-12-25,705162943.0999999,Beverages
Florida,2023-01-01,684937805.6,Beverages
Florida,2023-01-15,682750236.9999999,Beverages
Florida,2023-01-22,669250018.4000001,Beverages
Florida,2023-01-29,674965744.6999999,Beverages
Florida,2023-02-04,758696511.7,Beverages
Florida,2023-02-19,713110008.2,Beverages
Florida,2023-02-26,742464645.7,Beverages
Florida,2023-03-19,789712001.3,Beverages
Florida,2023-03-26,744549563.8,Beverages
Florida,2023-04-16,733380085.9,Beverages
Florida,2023-04-23,732692297.5999999,Beverages
Florida,2023-04-30,740510455.3,Beverages
Florida,2023-05-02,697150558.4,Beverages
Florida,2023-05-03,771680292.9,Beverages
Florida,2023-07-05,756307224.6999999,Beverages
Florida,2023-08-01,681025298.5000001,Beverages
Florida,2023-09-04,743252354.1,Beverages
Florida,2023-12-02,705981954.3,Beverages
Florida,2023-12-03,831072061.1999999,Beverages
Georgia,2019-01-12,198967926.5,Beverages
Georgia,2019-03-11,204848830.2,Beverages
Georgia,2019-06-10,234203405.8,Beverages
Georgia,2019-08-12,200151766.39999998,Beverages
Georgia,2019-10-11,202242822.9,Beverages
Georgia,2019-10-13,222103635.0,Beverages
Georgia,2019-10-20,212086739.8,Beverages
Georgia,2019-10-27,203641241.0,Beverages
Georgia,2019-11-17,201290192.6,Beverages
Georgia,2019-11-24,208396413.5,Beverages
Georgia,2019-12-15,200972764.70000002,Beverages
Georgia,2019-12-22,216037052.2,Beverages
Georgia,2019-12-29,198566369.5,Beverages
Georgia,2020-01-03,210589114.6,Beverages
Georgia,2020-01-11,222344498.5,Beverages
Georgia,2020-01-19,199106822.2,Beverages
Georgia,2020-01-26,193934424.7,Beverages
Georgia,2020-02-02,200642375.6,Beverages
Georgia,2020-02-08,248666926.3,Beverages
Georgia,2020-02-16,196362471.10000002,Beverages
Georgia,2020-02-23,194551781.8,Beverages
Georgia,2020-03-05,232382555.5,Beverages
Georgia,2020-03-15,248795257.3,Beverages
Georgia,2020-03-22,232566669.9,Beverages
Georgia,2020-03-29,214214934.0,Beverages
Georgia,2020-04-10,237617892.0,Beverages
Georgia,2020-04-19,218540152.1,Beverages
Georgia,2020-04-26,218926836.5,Beverages
Georgia,2020-05-01,193036456.1,Beverages
Georgia,2020-05-04,222801139.4,Beverages
Georgia,2020-05-07,255137713.70000002,Beverages
Georgia,2020-05-17,239786256.29999998,Beverages
Georgia,2020-05-24,248894329.89999998,Beverages
Georgia,2020-05-31,235973653.8,Beverages
Georgia,2020-06-09,249712778.3,Beverages
Georgia,2020-06-12,208040534.0,Beverages
Georgia,2020-06-14,234400321.4,Beverages
Georgia,2020-06-21,239868510.7,Beverages
Georgia,2020-06-28,244150499.89999998,Beverages
Georgia,2020-07-06,235192872.7,Beverages
Georgia,2020-07-19,251597266.5,Beverages
Georgia,2020-07-26,248674782.1,Beverages
Georgia,2020-08-03,216011116.7,Beverages
Georgia,2020-08-11,220289341.3,Beverages
Georgia,2020-08-16,255956751.5,Beverages
Georgia,2020-08-23,245783094.5,Beverages
Georgia,2020-08-30,243810935.5,Beverages
Georgia,2020-09-02,201281094.7,Beverages
Georgia,2020-09-08,252157408.7,Beverages
Georgia,2020-09-13,244525535.9,Beverages
Georgia,2020-09-20,235833613.29999998,Beverages
Georgia,2020-09-27,235304027.20000002,Beverages
Georgia,2020-10-05,233306057.6,Beverages
Georgia,2020-10-18,223960845.9,Beverages
Georgia,2020-10-25,224262382.70000002,Beverages
Georgia,2020-11-10,228323938.29999998,Beverages
Georgia,2020-11-15,219240355.2,Beverages
Georgia,2020-11-22,229627656.29999998,Beverages
Georgia,2020-11-29,216485518.0,Beverages
Georgia,2020-12-01,200613877.5,Beverages
Georgia,2020-12-04,214020656.29999998,Beverages
Georgia,2020-12-07,238917136.29999998,Beverages
Georgia,2020-12-13,215266326.60000002,Beverages
Georgia,2020-12-20,226573996.89999998,Beverages
Georgia,2020-12-27,214648293.70000002,Beverages
Georgia,2021-01-08,272363199.8,Beverages
Georgia,2021-01-17,214238532.3,Beverages
Georgia,2021-01-24,208876209.79999998,Beverages
Georgia,2021-01-31,212596582.6,Beverages
Georgia,2021-02-05,247764853.1,Beverages
Georgia,2021-02-14,210672516.6,Beverages
Georgia,2021-02-21,206944928.10000002,Beverages
Georgia,2021-02-28,225430197.6,Beverages
Georgia,2021-03-01,208934978.8,Beverages
Georgia,2021-03-10,369777976.5,Beverages
Georgia,2021-03-14,267795168.8,Beverages
Georgia,2021-03-21,252912762.6,Beverages
Georgia,2021-03-28,232747665.8,Beverages
Georgia,2021-04-04,242501063.5,Beverages
Georgia,2021-04-07,274063879.0,Beverages
Georgia,2021-04-18,237770628.8,Beverages
Georgia,2021-04-25,234825958.4,Beverages
Georgia,2021-05-09,271945813.8,Beverages
Georgia,2021-05-12,329236652.40000004,Beverages
Georgia,2021-05-16,249325086.8,Beverages
Georgia,2021-05-23,258169301.1,Beverages
Georgia,2021-05-30,259966082.5,Beverages
Georgia,2021-06-06,255134239.0,Beverages
Georgia,2021-06-13,253894710.2,Beverages
Georgia,2021-06-20,258893196.0,Beverages
Georgia,2021-06-27,253975877.1,Beverages
Georgia,2021-07-02,213638443.5,Beverages
Georgia,2021-07-03,229526110.20000002,Beverages
Georgia,2021-07-11,336660308.7,Beverages
Georgia,2021-07-18,266538613.8,Beverages
Georgia,2021-07-25,265685591.39999998,Beverages
Georgia,2021-08-08,270212454.3,Beverages
Georgia,2021-08-15,272436319.3,Beverages
Georgia,2021-08-22,260774672.8,Beverages
Georgia,2021-08-29,261886848.4,Beverages
Georgia,2021-09-05,249585216.6,Beverages
Georgia,2021-09-19,247987379.1,Beverages
Georgia,2021-09-26,244814211.5,Beverages
Georgia,2021-10-01,214363911.5,Beverages
Georgia,2021-10-10,356385300.9,Beverages
Georgia,2021-10-17,358048744.40000004,Beverages
Georgia,2021-10-24,348127397.20000005,Beverages
Georgia,2021-10-31,346260582.09999996,Beverages
Georgia,2021-11-04,230404564.7,Beverages
Georgia,2021-11-07,252953399.60000002,Beverages
Georgia,2021-11-14,344501414.29999995,Beverages
Georgia,2021-11-21,354222036.4,Beverages
Georgia,2021-11-28,328540754.40000004,Beverages
Georgia,2021-12-09,256028111.5,Beverages
Georgia,2021-12-12,333122176.2,Beverages
Georgia,2021-12-19,352359919.0,Beverages
Georgia,2021-12-26,337901544.6,Beverages
Georgia,2022-01-05,386374892.5,Beverages
Georgia,2022-01-16,347151522.7,Beverages
Georgia,2022-01-23,327200418.40000004,Beverages
Georgia,2022-01-30,336182789.3,Beverages
Georgia,2022-02-01,328585373.9,Beverages
Georgia,2022-02-10,400501219.2,Beverages
Georgia,2022-02-13,333802364.70000005,Beverages
Georgia,2022-02-20,328715272.2,Beverages
Georgia,2022-02-27,352766122.8,Beverages
Georgia,2022-03-04,363376986.6,Beverages
Georgia,2022-03-07,402606622.59999996,Beverages
Georgia,2022-03-13,360956609.90000004,Beverages
Georgia,2022-03-20,359985779.09999996,Beverages
Georgia,2022-03-27,364039432.9,Beverages
Georgia,2022-04-09,407907754.7,Beverages
Georgia,2022-04-12,350833583.2,Beverages
Georgia,2022-04-17,374126939.90000004,Beverages
Georgia,2022-04-24,367838163.1999999,Beverages
Georgia,2022-05-06,381414562.49999994,Beverages
Georgia,2022-05-15,383504530.59999996,Beverages
Georgia,2022-05-22,410982914.59999996,Beverages
Georgia,2022-05-29,401053272.1,Beverages
Georgia,2022-06-02,337213215.40000004,Beverages
Georgia,2022-06-03,358685338.7,Beverages
Georgia,2022-06-11,361574736.0,Beverages
Georgia,2022-06-19,402468012.9,Beverages
Georgia,2022-06-26,395036684.90000004,Beverages
Georgia,2022-07-08,406489668.29999995,Beverages
Georgia,2022-07-17,390307593.0,Beverages
Georgia,2022-07-24,388923197.6,Beverages
Georgia,2022-07-31,403928381.5,Beverages
Georgia,2022-08-05,385078069.3,Beverages
Georgia,2022-08-14,411516993.00000006,Beverages
Georgia,2022-08-21,397965156.5,Beverages
Georgia,2022-08-28,402234121.8,Beverages
Georgia,2022-09-01,329252569.3,Beverages
Georgia,2022-09-10,376048075.8000001,Beverages
Georgia,2022-09-18,391431160.99999994,Beverages
Georgia,2022-09-25,395074476.5,Beverages
Georgia,2022-10-04,364285112.6,Beverages
Georgia,2022-10-07,383730360.1999999,Beverages
Georgia,2022-10-16,376757118.20000005,Beverages
Georgia,2022-10-23,368951982.1,Beverages
Georgia,2022-10-30,363390718.4,Beverages
Georgia,2022-11-09,394161386.59999996,Beverages
Georgia,2022-11-12,353241000.2,Beverages
Georgia,2022-11-13,360856331.20000005,Beverages
Georgia,2022-11-20,373185740.4,Beverages
Georgia,2022-11-27,358143173.59999996,Beverages
Georgia,2022-12-06,381382226.9,Beverages
Georgia,2022-12-18,373390982.00000006,Beverages
Georgia,2022-12-25,379725854.4,Beverages
Georgia,2023-01-01,346758543.5,Beverages
Georgia,2023-01-15,359865758.8,Beverages
Georgia,2023-01-22,342184672.00000006,Beverages
Georgia,2023-01-29,347824435.0,Beverages
Georgia,2023-02-04,387840198.2,Beverages
Georgia,2023-02-19,352448461.59999996,Beverages
Georgia,2023-02-26,369505222.20000005,Beverages
Georgia,2023-03-19,386918415.1,Beverages
Georgia,2023-03-26,374538068.0,Beverages
Georgia,2023-04-16,382272127.09999996,Beverages
Georgia,2023-04-23,387642647.7,Beverages
Georgia,2023-04-30,395601558.59999996,Beverages
Georgia,2023-05-02,350918543.6,Beverages
Georgia,2023-05-03,379897875.7,Beverages
Georgia,2023-07-05,404105159.3,Beverages
Georgia,2023-08-01,346855321.50000006,Beverages
Georgia,2023-09-04,367936366.6,Beverages
Georgia,2023-12-02,357158483.2,Beverages
Georgia,2023-12-03,405494385.6,Beverages
Illinois,2019-01-12,167913696.79999998,Beverages
Illinois,2019-03-11,169707087.1,Beverages
Illinois,2019-06-10,181091999.3,Beverages
Illinois,2019-08-12,173166397.0,Beverages
Illinois,2019-10-11,172375680.9,Beverages
Illinois,2019-10-13,179473338.89999998,Beverages
Illinois,2019-10-20,171747244.7,Beverages
Illinois,2019-10-27,169394536.70000002,Beverages
Illinois,2019-11-17,175223242.79999998,Beverages
Illinois,2019-11-24,177531815.9,Beverages
Illinois,2019-12-15,177846809.0,Beverages
Illinois,2019-12-22,191928058.0,Beverages
Illinois,2019-12-29,171748546.2,Beverages
Illinois,2020-01-03,177994077.1,Beverages
Illinois,2020-01-11,179673231.6,Beverages
Illinois,2020-01-19,169757178.3,Beverages
Illinois,2020-01-26,165295901.2,Beverages
Illinois,2020-02-02,171263874.5,Beverages
Illinois,2020-02-08,201691235.7,Beverages
Illinois,2020-02-16,166798754.79999998,Beverages
Illinois,2020-02-23,169047636.1,Beverages
Illinois,2020-03-05,189455075.70000002,Beverages
Illinois,2020-03-15,219442898.5,Beverages
Illinois,2020-03-22,199431897.8,Beverages
Illinois,2020-03-29,165303611.3,Beverages
Illinois,2020-04-10,186846617.70000002,Beverages
Illinois,2020-04-19,187133888.70000002,Beverages
Illinois,2020-04-26,182357647.7,Beverages
Illinois,2020-05-01,167140896.9,Beverages
Illinois,2020-05-04,181787540.5,Beverages
Illinois,2020-05-07,225472692.60000002,Beverages
Illinois,2020-05-17,192199667.6,Beverages
Illinois,2020-05-24,200253494.5,Beverages
Illinois,2020-05-31,194605742.4,Beverages
Illinois,2020-06-09,197631547.79999998,Beverages
Illinois,2020-06-12,177749652.9,Beverages
Illinois,2020-06-14,203480045.3,Beverages
Illinois,2020-06-21,202414362.8,Beverages
Illinois,2020-06-28,206700072.20000002,Beverages
Illinois,2020-07-06,204592724.8,Beverages
Illinois,2020-07-19,206801534.7,Beverages
Illinois,2020-07-26,198012496.29999998,Beverages
Illinois,2020-08-03,185463112.4,Beverages
Illinois,2020-08-11,183691947.9,Beverages
Illinois,2020-08-16,201018393.29999998,Beverages
Illinois,2020-08-23,198010028.39999998,Beverages
Illinois,2020-08-30,202292392.0,Beverages
Illinois,2020-09-02,169341635.7,Beverages
Illinois,2020-09-08,205098054.20000002,Beverages
Illinois,2020-09-13,188541211.2,Beverages
Illinois,2020-09-20,187393954.2,Beverages
Illinois,2020-09-27,184003042.20000002,Beverages
Illinois,2020-10-05,191978796.9,Beverages
Illinois,2020-10-18,182486649.0,Beverages
Illinois,2020-10-25,176608689.79999998,Beverages
Illinois,2020-11-10,189641772.5,Beverages
Illinois,2020-11-15,184675765.8,Beverages
Illinois,2020-11-22,190376092.79999998,Beverages
Illinois,2020-11-29,176420194.2,Beverages
Illinois,2020-12-01,172692448.70000002,Beverages
Illinois,2020-12-04,190544085.9,Beverages
Illinois,2020-12-07,209603297.7,Beverages
Illinois,2020-12-13,185424145.79999998,Beverages
Illinois,2020-12-20,191245120.4,Beverages
Illinois,2020-12-27,182005350.5,Beverages
Illinois,2021-01-08,215890758.1,Beverages
Illinois,2021-01-17,176009847.8,Beverages
Illinois,2021-01-24,173498389.0,Beverages
Illinois,2021-01-31,178906159.9,Beverages
Illinois,2021-02-05,205547366.1,Beverages
Illinois,2021-02-14,173567181.4,Beverages
Illinois,2021-02-21,174743017.1,Beverages
Illinois,2021-02-28,182399000.6,Beverages
Illinois,2021-03-01,175411413.60000002,Beverages
Illinois,2021-03-10,296380377.70000005,Beverages
Illinois,2021-03-14,227953426.3,Beverages
Illinois,2021-03-21,207344505.5,Beverages
Illinois,2021-03-28,174024961.0,Beverages
Illinois,2021-04-04,196802111.29999998,Beverages
Illinois,2021-04-07,235170641.8,Beverages
Illinois,2021-04-18,191078035.7,Beverages
Illinois,2021-04-25,196608505.8,Beverages
Illinois,2021-05-09,221934069.8,Beverages
Illinois,2021-05-12,276496520.1,Beverages
Illinois,2021-05-16,199445721.9,Beverages
Illinois,2021-05-23,211622438.79999998,Beverages
Illinois,2021-05-30,215845234.4,Beverages
Illinois,2021-06-06,215831841.10000002,Beverages
Illinois,2021-06-13,223371606.60000002,Beverages
Illinois,2021-06-20,224377051.4,Beverages
Illinois,2021-06-27,206643417.0,Beverages
Illinois,2021-07-02,180591262.20000002,Beverages
Illinois,2021-07-03,194041116.7,Beverages
Illinois,2021-07-11,281852379.50000006,Beverages
Illinois,2021-07-18,211555287.4,Beverages
Illinois,2021-07-25,216729519.5,Beverages
Illinois,2021-08-08,215452540.0,Beverages
Illinois,2021-08-15,218662233.9,Beverages
Illinois,2021-08-22,220926047.5,Beverages
Illinois,2021-08-29,227183378.39999998,Beverages
Illinois,2021-09-05,203636305.1,Beverages
Illinois,2021-09-19,205718169.8,Beverages
Illinois,2021-09-26,202708357.29999998,Beverages
Illinois,2021-10-01,179843016.10000002,Beverages
Illinois,2021-10-10,295098247.49999994,Beverages
Illinois,2021-10-17,282872885.1,Beverages
Illinois,2021-10-24,278433538.7,Beverages
Illinois,2021-10-31,280869615.50000006,Beverages
Illinois,2021-11-04,197492724.6,Beverages
Illinois,2021-11-07,215153859.60000002,Beverages
Illinois,2021-11-14,290798410.5,Beverages
Illinois,2021-11-21,288337806.9,Beverages
Illinois,2021-11-28,269485167.99999994,Beverages
Illinois,2021-12-09,203910157.5,Beverages
Illinois,2021-12-12,287001795.40000004,Beverages
Illinois,2021-12-19,296964593.50000006,Beverages
Illinois,2021-12-26,285742747.7,Beverages
Illinois,2022-01-05,304066448.5,Beverages
Illinois,2022-01-16,282114330.90000004,Beverages
Illinois,2022-01-23,270482373.0,Beverages
Illinois,2022-01-30,278716822.09999996,Beverages
Illinois,2022-02-01,274788692.70000005,Beverages
Illinois,2022-02-10,312342154.2,Beverages
Illinois,2022-02-13,276682042.9000001,Beverages
Illinois,2022-02-20,268026848.2,Beverages
Illinois,2022-02-27,283594385.6,Beverages
Illinois,2022-03-04,298511322.7,Beverages
Illinois,2022-03-07,351403843.2,Beverages
Illinois,2022-03-13,292041460.3,Beverages
Illinois,2022-03-20,285403066.00000006,Beverages
Illinois,2022-03-27,284209192.79999995,Beverages
Illinois,2022-04-09,329332329.8,Beverages
Illinois,2022-04-12,292748360.0,Beverages
Illinois,2022-04-17,306965125.3000001,Beverages
Illinois,2022-04-24,289583066.3,Beverages
Illinois,2022-05-06,326723707.29999995,Beverages
Illinois,2022-05-15,323031481.09999996,Beverages
Illinois,2022-05-22,320361779.59999996,Beverages
Illinois,2022-05-29,323720623.79999995,Beverages
Illinois,2022-06-02,275702914.3,Beverages
Illinois,2022-06-03,291370428.90000004,Beverages
Illinois,2022-06-11,297530774.9,Beverages
Illinois,2022-06-19,332607271.20000005,Beverages
Illinois,2022-06-26,329321501.4,Beverages
Illinois,2022-07-08,331640631.3,Beverages
Illinois,2022-07-17,322944141.7,Beverages
Illinois,2022-07-24,326426322.29999995,Beverages
Illinois,2022-07-31,330043854.70000005,Beverages
Illinois,2022-08-05,307796461.90000004,Beverages
Illinois,2022-08-14,326737720.1999999,Beverages
Illinois,2022-08-21,329101262.20000005,Beverages
Illinois,2022-08-28,331581766.5,Beverages
Illinois,2022-09-01,272958611.1,Beverages
Illinois,2022-09-10,311670696.0,Beverages
Illinois,2022-09-18,315605854.2,Beverages
Illinois,2022-09-25,307020258.3000001,Beverages
Illinois,2022-10-04,300737050.6999999,Beverages
Illinois,2022-10-07,325136996.8,Beverages
Illinois,2022-10-16,300046468.1,Beverages
Illinois,2022-10-23,296777577.2,Beverages
Illinois,2022-10-30,299171321.8,Beverages
Illinois,2022-11-09,320151748.6999999,Beverages
Illinois,2022-11-12,303436767.4,Beverages
Illinois,2022-11-13,301720764.4,Beverages
Illinois,2022-11-20,304754900.2,Beverages
Illinois,2022-11-27,297964400.2,Beverages
Illinois,2022-12-06,329303479.50000006,Beverages
Illinois,2022-12-18,314639055.5,Beverages
Illinois,2022-12-25,315346156.70000005,Beverages
Illinois,2023-01-01,288821985.2,Beverages
Illinois,2023-01-15,288290274.4,Beverages
Illinois,2023-01-22,280675073.0,Beverages
Illinois,2023-01-29,289687953.90000004,Beverages
Illinois,2023-02-04,300303597.2,Beverages
Illinois,2023-02-19,287407472.09999996,Beverages
Illinois,2023-02-26,296223460.9,Beverages
Illinois,2023-03-19,324581347.9,Beverages
Illinois,2023-03-26,286576558.29999995,Beverages
Illinois,2023-04-16,320376885.0,Beverages
Illinois,2023-04-23,309761429.4,Beverages
Illinois,2023-04-30,317674935.5,Beverages
Illinois,2023-05-02,291522543.09999996,Beverages
Illinois,2023-05-03,315399968.6,Beverages
Illinois,2023-07-05,327722103.09999996,Beverages
Illinois,2023-08-01,282394916.0,Beverages
Illinois,2023-09-04,324769882.5,Beverages
Illinois,2023-12-02,304521955.99999994,Beverages
Illinois,2023-12-03,345355526.4,Beverages
Indiana,2019-01-12,117489218.5,Beverages
Indiana,2019-03-11,117416241.5,Beverages
Indiana,2019-06-10,127850724.6,Beverages
Indiana,2019-08-12,116356930.60000001,Beverages
Indiana,2019-10-11,116620225.60000001,Beverages
Indiana,2019-10-13,124695383.0,Beverages
Indiana,2019-10-20,119459990.60000001,Beverages
Indiana,2019-10-27,117871950.8,Beverages
Indiana,2019-11-17,118206969.8,Beverages
Indiana,2019-11-24,122410436.5,Beverages
Indiana,2019-12-15,120252020.6,Beverages
Indiana,2019-12-22,128150634.2,Beverages
Indiana,2019-12-29,119937600.9,Beverages
Indiana,2020-01-03,122128860.2,Beverages
Indiana,2020-01-11,126201511.10000001,Beverages
Indiana,2020-01-19,118935093.8,Beverages
Indiana,2020-01-26,111034723.3,Beverages
Indiana,2020-02-02,116658531.60000001,Beverages
Indiana,2020-02-08,140146751.8,Beverages
Indiana,2020-02-16,115526770.7,Beverages
Indiana,2020-02-23,117564244.7,Beverages
Indiana,2020-03-05,131456100.7,Beverages
Indiana,2020-03-15,139416011.3,Beverages
Indiana,2020-03-22,138751371.1,Beverages
Indiana,2020-03-29,117694236.2,Beverages
Indiana,2020-04-10,132507588.1,Beverages
Indiana,2020-04-19,127241009.2,Beverages
Indiana,2020-04-26,126769642.9,Beverages
Indiana,2020-05-01,115775164.10000001,Beverages
Indiana,2020-05-04,121100726.5,Beverages
Indiana,2020-05-07,157947107.9,Beverages
Indiana,2020-05-17,134296407.5,Beverages
Indiana,2020-05-24,143051261.0,Beverages
Indiana,2020-05-31,138437085.70000002,Beverages
Indiana,2020-06-09,138670536.29999998,Beverages
Indiana,2020-06-12,122077376.6,Beverages
Indiana,2020-06-14,143814236.2,Beverages
Indiana,2020-06-21,143264040.20000002,Beverages
Indiana,2020-06-28,146009547.1,Beverages
Indiana,2020-07-06,144255565.0,Beverages
Indiana,2020-07-19,146675199.0,Beverages
Indiana,2020-07-26,140947398.0,Beverages
Indiana,2020-08-03,124331397.2,Beverages
Indiana,2020-08-11,128086367.7,Beverages
Indiana,2020-08-16,142549612.9,Beverages
Indiana,2020-08-23,140948982.5,Beverages
Indiana,2020-08-30,141686410.79999998,Beverages
Indiana,2020-09-02,115649156.4,Beverages
Indiana,2020-09-08,141463338.8,Beverages
Indiana,2020-09-13,136944933.1,Beverages
Indiana,2020-09-20,136103330.4,Beverages
Indiana,2020-09-27,134674308.6,Beverages
Indiana,2020-10-05,134548293.5,Beverages
Indiana,2020-10-18,129107106.0,Beverages
Indiana,2020-10-25,127075612.7,Beverages
Indiana,2020-11-10,131283883.69999999,Beverages
Indiana,2020-11-15,130455323.3,Beverages
Indiana,2020-11-22,133432689.89999999,Beverages
Indiana,2020-11-29,128159889.39999999,Beverages
Indiana,2020-12-01,116809952.5,Beverages
Indiana,2020-12-04,127886318.4,Beverages
Indiana,2020-12-07,143800890.7,Beverages
Indiana,2020-12-13,128019493.2,Beverages
Indiana,2020-12-20,133118910.80000001,Beverages
Indiana,2020-12-27,130197785.9,Beverages
Indiana,2021-01-08,151862964.20000002,Beverages
Indiana,2021-01-17,128577177.39999999,Beverages
Indiana,2021-01-24,124676972.2,Beverages
Indiana,2021-01-31,127354830.9,Beverages
Indiana,2021-02-05,143657223.9,Beverages
Indiana,2021-02-14,125762666.6,Beverages
Indiana,2021-02-21,124536406.8,Beverages
Indiana,2021-02-28,129668749.5,Beverages
Indiana,2021-03-01,124091850.0,Beverages
Indiana,2021-03-10,205571441.7,Beverages
Indiana,2021-03-14,150372214.5,Beverages
Indiana,2021-03-21,150386321.4,Beverages
Indiana,2021-03-28,130329187.60000001,Beverages
Indiana,2021-04-04,135173535.4,Beverages
Indiana,2021-04-07,166676546.0,Beverages
Indiana,2021-04-18,135305520.5,Beverages
Indiana,2021-04-25,138778033.3,Beverages
Indiana,2021-05-09,153501542.9,Beverages
Indiana,2021-05-12,189111353.8,Beverages
Indiana,2021-05-16,143572669.0,Beverages
Indiana,2021-05-23,152381776.8,Beverages
Indiana,2021-05-30,156489210.4,Beverages
Indiana,2021-06-06,152115832.79999998,Beverages
Indiana,2021-06-13,157382641.4,Beverages
Indiana,2021-06-20,160605817.0,Beverages
Indiana,2021-06-27,151626563.79999998,Beverages
Indiana,2021-07-02,125502845.3,Beverages
Indiana,2021-07-03,134629998.3,Beverages
Indiana,2021-07-11,195899421.69999996,Beverages
Indiana,2021-07-18,152121651.5,Beverages
Indiana,2021-07-25,154413738.20000002,Beverages
Indiana,2021-08-08,150564393.29999998,Beverages
Indiana,2021-08-15,155768674.70000002,Beverages
Indiana,2021-08-22,155327367.5,Beverages
Indiana,2021-08-29,157342316.7,Beverages
Indiana,2021-09-05,143864879.8,Beverages
Indiana,2021-09-19,148392708.3,Beverages
Indiana,2021-09-26,144973768.7,Beverages
Indiana,2021-10-01,123636112.9,Beverages
Indiana,2021-10-10,204222462.90000004,Beverages
Indiana,2021-10-17,201261578.00000003,Beverages
Indiana,2021-10-24,198294086.7,Beverages
Indiana,2021-10-31,194870632.5,Beverages
Indiana,2021-11-04,136162877.4,Beverages
Indiana,2021-11-07,153095084.4,Beverages
Indiana,2021-11-14,201623508.4,Beverages
Indiana,2021-11-21,205513525.29999998,Beverages
Indiana,2021-11-28,192477586.20000002,Beverages
Indiana,2021-12-09,146855493.4,Beverages
Indiana,2021-12-12,198276752.0,Beverages
Indiana,2021-12-19,208021927.00000003,Beverages
Indiana,2021-12-26,202810431.9,Beverages
Indiana,2022-01-05,212444441.30000004,Beverages
Indiana,2022-01-16,200986654.0,Beverages
Indiana,2022-01-23,190665257.29999998,Beverages
Indiana,2022-01-30,194169760.09999996,Beverages
Indiana,2022-02-01,190740274.4,Beverages
Indiana,2022-02-10,219252981.9,Beverages
Indiana,2022-02-13,195285775.79999998,Beverages
Indiana,2022-02-20,191968142.2,Beverages
Indiana,2022-02-27,200298365.3,Beverages
Indiana,2022-03-04,206089831.70000002,Beverages
Indiana,2022-03-07,245802193.0,Beverages
Indiana,2022-03-13,205372538.4,Beverages
Indiana,2022-03-20,205327213.8,Beverages
Indiana,2022-03-27,201956399.0,Beverages
Indiana,2022-04-09,231355926.79999998,Beverages
Indiana,2022-04-12,200675534.5,Beverages
Indiana,2022-04-17,215450720.7,Beverages
Indiana,2022-04-24,205818235.5,Beverages
Indiana,2022-05-06,223844828.0,Beverages
Indiana,2022-05-15,222954020.6,Beverages
Indiana,2022-05-22,231422187.5,Beverages
Indiana,2022-05-29,231492773.20000002,Beverages
Indiana,2022-06-02,194929081.10000002,Beverages
Indiana,2022-06-03,202181302.70000002,Beverages
Indiana,2022-06-11,207047246.9,Beverages
Indiana,2022-06-19,232822647.4,Beverages
Indiana,2022-06-26,231333341.3,Beverages
Indiana,2022-07-08,233222693.00000003,Beverages
Indiana,2022-07-17,226763654.6,Beverages
Indiana,2022-07-24,230490076.9,Beverages
Indiana,2022-07-31,228600502.0,Beverages
Indiana,2022-08-05,213902089.4,Beverages
Indiana,2022-08-14,231687004.70000002,Beverages
Indiana,2022-08-21,232468230.3,Beverages
Indiana,2022-08-28,233265351.7,Beverages
Indiana,2022-09-01,190489566.9,Beverages
Indiana,2022-09-10,216869531.29999998,Beverages
Indiana,2022-09-18,226801840.49999997,Beverages
Indiana,2022-09-25,220893360.7,Beverages
Indiana,2022-10-04,208023751.70000002,Beverages
Indiana,2022-10-07,225822174.7,Beverages
Indiana,2022-10-16,213503256.8,Beverages
Indiana,2022-10-23,209982291.50000003,Beverages
Indiana,2022-10-30,208293556.40000004,Beverages
Indiana,2022-11-09,225562301.5,Beverages
Indiana,2022-11-12,209083530.79999998,Beverages
Indiana,2022-11-13,212211042.1,Beverages
Indiana,2022-11-20,214986854.0,Beverages
Indiana,2022-11-27,213289681.59999996,Beverages
Indiana,2022-12-06,224741381.20000002,Beverages
Indiana,2022-12-18,218718280.3,Beverages
Indiana,2022-12-25,229211987.2,Beverages
Indiana,2023-01-01,198002149.4,Beverages
Indiana,2023-01-15,204160487.7,Beverages
Indiana,2023-01-22,202091664.3,Beverages
Indiana,2023-01-29,201375176.79999998,Beverages
Indiana,2023-02-04,209455407.79999995,Beverages
Indiana,2023-02-19,207748355.4,Beverages
Indiana,2023-02-26,210958999.4,Beverages
Indiana,2023-03-19,231016338.8,Beverages
Indiana,2023-03-26,207930970.99999997,Beverages
Indiana,2023-04-16,225317024.1,Beverages
Indiana,2023-04-23,224558086.4,Beverages
Indiana,2023-04-30,227926724.5,Beverages
Indiana,2023-05-02,206145477.0,Beverages
Indiana,2023-05-03,218242634.5,Beverages
Indiana,2023-07-05,232091906.09999996,Beverages
Indiana,2023-08-01,196394617.6,Beverages
Indiana,2023-09-04,223116174.9,Beverages
Indiana,2023-12-02,210189134.4,Beverages
Indiana,2023-12-03,233961027.20000002,Beverages
Iowa,2019-01-12,60702757.5,Beverages
Iowa,2019-03-11,62361904.300000004,Beverages
Iowa,2019-06-10,63444415.199999996,Beverages
Iowa,2019-08-12,63074139.699999996,Beverages
Iowa,2019-10-11,62117990.1,Beverages
Iowa,2019-10-13,63034589.599999994,Beverages
Iowa,2019-10-20,62527283.800000004,Beverages
Iowa,2019-10-27,63267656.8,Beverages
Iowa,2019-11-17,64211460.5,Beverages
Iowa,2019-11-24,62835743.5,Beverages
Iowa,2019-12-15,63146271.7,Beverages
Iowa,2019-12-22,67258272.9,Beverages
Iowa,2019-12-29,59575156.3,Beverages
Iowa,2020-01-03,64202566.4,Beverages
Iowa,2020-01-11,65694280.5,Beverages
Iowa,2020-01-19,59727419.5,Beverages
Iowa,2020-01-26,58551028.8,Beverages
Iowa,2020-02-02,60863494.800000004,Beverages
Iowa,2020-02-08,75647605.69999999,Beverages
Iowa,2020-02-16,60434569.3,Beverages
Iowa,2020-02-23,60677983.699999996,Beverages
Iowa,2020-03-05,71602720.3,Beverages
Iowa,2020-03-15,72534465.1,Beverages
Iowa,2020-03-22,69277941.60000001,Beverages
Iowa,2020-03-29,62548450.9,Beverages
Iowa,2020-04-10,67069561.7,Beverages
Iowa,2020-04-19,67003318.199999996,Beverages
Iowa,2020-04-26,67021798.9,Beverages
Iowa,2020-05-01,59067695.9,Beverages
Iowa,2020-05-04,66389956.599999994,Beverages
Iowa,2020-05-07,80322689.4,Beverages
Iowa,2020-05-17,70218530.0,Beverages
Iowa,2020-05-24,72411481.9,Beverages
Iowa,2020-05-31,69696598.8,Beverages
Iowa,2020-06-09,72476737.9,Beverages
Iowa,2020-06-12,65202298.4,Beverages
Iowa,2020-06-14,75197005.7,Beverages
Iowa,2020-06-21,72152020.7,Beverages
Iowa,2020-06-28,77381430.9,Beverages
Iowa,2020-07-06,79630033.7,Beverages
Iowa,2020-07-19,76522154.0,Beverages
Iowa,2020-07-26,72772272.9,Beverages
Iowa,2020-08-03,65961485.2,Beverages
Iowa,2020-08-11,67146619.39999999,Beverages
Iowa,2020-08-16,73974141.6,Beverages
Iowa,2020-08-23,73771597.10000001,Beverages
Iowa,2020-08-30,73745120.30000001,Beverages
Iowa,2020-09-02,59036831.3,Beverages
Iowa,2020-09-08,74943873.3,Beverages
Iowa,2020-09-13,67693987.9,Beverages
Iowa,2020-09-20,68574621.80000001,Beverages
Iowa,2020-09-27,67464350.7,Beverages
Iowa,2020-10-05,70346549.8,Beverages
Iowa,2020-10-18,66751333.1,Beverages
Iowa,2020-10-25,64181268.5,Beverages
Iowa,2020-11-10,68954556.8,Beverages
Iowa,2020-11-15,65557143.7,Beverages
Iowa,2020-11-22,67064477.099999994,Beverages
Iowa,2020-11-29,61554063.3,Beverages
Iowa,2020-12-01,60918898.800000004,Beverages
Iowa,2020-12-04,66163153.599999994,Beverages
Iowa,2020-12-07,76363181.89999999,Beverages
Iowa,2020-12-13,64664950.699999996,Beverages
Iowa,2020-12-20,67615054.8,Beverages
Iowa,2020-12-27,62352024.199999996,Beverages
Iowa,2021-01-08,79648389.30000001,Beverages
Iowa,2021-01-17,61756295.4,Beverages
Iowa,2021-01-24,63355695.8,Beverages
Iowa,2021-01-31,64409989.699999996,Beverages
Iowa,2021-02-05,79067028.2,Beverages
Iowa,2021-02-14,63001779.5,Beverages
Iowa,2021-02-21,64439883.300000004,Beverages
Iowa,2021-02-28,67613100.3,Beverages
Iowa,2021-03-01,61085596.2,Beverages
Iowa,2021-03-10,107123241.4,Beverages
Iowa,2021-03-14,76630966.5,Beverages
Iowa,2021-03-21,73557243.60000001,Beverages
Iowa,2021-03-28,65324666.5,Beverages
Iowa,2021-04-04,73011509.6,Beverages
Iowa,2021-04-07,86352759.3,Beverages
Iowa,2021-04-18,70207099.0,Beverages
Iowa,2021-04-25,73279235.4,Beverages
Iowa,2021-05-09,79767882.6,Beverages
Iowa,2021-05-12,102169961.2,Beverages
Iowa,2021-05-16,75215700.80000001,Beverages
Iowa,2021-05-23,76143299.60000001,Beverages
Iowa,2021-05-30,77550280.3,Beverages
Iowa,2021-06-06,84625327.1,Beverages
Iowa,2021-06-13,84954703.60000001,Beverages
Iowa,2021-06-20,81627168.60000001,Beverages
Iowa,2021-06-27,78577608.1,Beverages
Iowa,2021-07-02,64829760.400000006,Beverages
Iowa,2021-07-03,70225990.19999999,Beverages
Iowa,2021-07-11,103094969.80000001,Beverages
Iowa,2021-07-18,79597242.7,Beverages
Iowa,2021-07-25,81060402.3,Beverages
Iowa,2021-08-08,80043512.4,Beverages
Iowa,2021-08-15,82384684.8,Beverages
Iowa,2021-08-22,81136829.9,Beverages
Iowa,2021-08-29,79453066.39999999,Beverages
Iowa,2021-09-05,76275585.3,Beverages
Iowa,2021-09-19,75359497.3,Beverages
Iowa,2021-09-26,74902560.4,Beverages
Iowa,2021-10-01,63759010.3,Beverages
Iowa,2021-10-10,106932039.39999999,Beverages
Iowa,2021-10-17,103822588.80000001,Beverages
Iowa,2021-10-24,101866410.5,Beverages
Iowa,2021-10-31,100572083.89999999,Beverages
Iowa,2021-11-04,70719000.3,Beverages
Iowa,2021-11-07,79246251.2,Beverages
Iowa,2021-11-14,103832896.6,Beverages
Iowa,2021-11-21,102844372.6,Beverages
Iowa,2021-11-28,96761842.8,Beverages
Iowa,2021-12-09,73285694.39999999,Beverages
Iowa,2021-12-12,102182784.2,Beverages
Iowa,2021-12-19,105762342.4,Beverages
Iowa,2021-12-26,100465036.8,Beverages
Iowa,2022-01-05,114451834.0,Beverages
Iowa,2022-01-16,99577445.1,Beverages
Iowa,2022-01-23,97405832.9,Beverages
Iowa,2022-01-30,98044269.5,Beverages
Iowa,2022-02-01,95784306.19999999,Beverages
Iowa,2022-02-10,112398449.3,Beverages
Iowa,2022-02-13,99808343.5,Beverages
Iowa,2022-02-20,99853708.60000001,Beverages
Iowa,2022-02-27,102026029.70000002,Beverages
Iowa,2022-03-04,111445943.5,Beverages
Iowa,2022-03-07,127666470.60000001,Beverages
Iowa,2022-03-13,106060560.39999999,Beverages
Iowa,2022-03-20,107590345.3,Beverages
Iowa,2022-03-27,105383640.6,Beverages
Iowa,2022-04-09,118474983.99999999,Beverages
Iowa,2022-04-12,107410635.9,Beverages
Iowa,2022-04-17,114022027.39999999,Beverages
Iowa,2022-04-24,107798902.30000001,Beverages
Iowa,2022-05-06,122942226.69999999,Beverages
Iowa,2022-05-15,120045447.4,Beverages
Iowa,2022-05-22,116091521.0,Beverages
Iowa,2022-05-29,116918119.39999999,Beverages
Iowa,2022-06-02,98650650.6,Beverages
Iowa,2022-06-03,106337263.69999999,Beverages
Iowa,2022-06-11,108982305.69999999,Beverages
Iowa,2022-06-19,121225511.29999998,Beverages
Iowa,2022-06-26,123142813.99999999,Beverages
Iowa,2022-07-08,121017678.8,Beverages
Iowa,2022-07-17,120250570.9,Beverages
Iowa,2022-07-24,121581654.0,Beverages
Iowa,2022-07-31,118833542.0,Beverages
Iowa,2022-08-05,113497322.7,Beverages
Iowa,2022-08-14,118799397.30000001,Beverages
Iowa,2022-08-21,117909148.19999999,Beverages
Iowa,2022-08-28,116479096.89999999,Beverages
Iowa,2022-09-01,97403751.6,Beverages
Iowa,2022-09-10,113810897.99999999,Beverages
Iowa,2022-09-18,114396176.4,Beverages
Iowa,2022-09-25,111609040.4,Beverages
Iowa,2022-10-04,111233416.4,Beverages
Iowa,2022-10-07,118292839.19999999,Beverages
Iowa,2022-10-16,110027794.39999999,Beverages
Iowa,2022-10-23,109087987.3,Beverages
Iowa,2022-10-30,107437127.50000001,Beverages
Iowa,2022-11-09,114040880.7,Beverages
Iowa,2022-11-12,109326075.30000001,Beverages
Iowa,2022-11-13,108897484.30000001,Beverages
Iowa,2022-11-20,111104859.8,Beverages
Iowa,2022-11-27,106727485.2,Beverages
Iowa,2022-12-06,123855970.89999999,Beverages
Iowa,2022-12-18,113552627.2,Beverages
Iowa,2022-12-25,109408805.2,Beverages
Iowa,2023-01-01,103388682.0,Beverages
Iowa,2023-01-15,104857393.3,Beverages
Iowa,2023-01-22,102454896.5,Beverages
Iowa,2023-01-29,103796978.5,Beverages
Iowa,2023-02-04,114064233.0,Beverages
Iowa,2023-02-19,105959998.7,Beverages
Iowa,2023-02-26,106334891.39999999,Beverages
Iowa,2023-03-19,115425745.8,Beverages
Iowa,2023-03-26,107398798.3,Beverages
Iowa,2023-04-16,117667201.6,Beverages
Iowa,2023-04-23,116093178.49999999,Beverages
Iowa,2023-04-30,120826305.9,Beverages
Iowa,2023-05-02,107185444.6,Beverages
Iowa,2023-05-03,114188856.8,Beverages
Iowa,2023-07-05,123791460.50000001,Beverages
Iowa,2023-08-01,102855771.00000001,Beverages
Iowa,2023-09-04,118362929.30000001,Beverages
Iowa,2023-12-02,111245454.8,Beverages
Iowa,2023-12-03,118082890.4,Beverages
Kansas,2019-01-12,48255942.9,Beverages
Kansas,2019-03-11,47489199.3,Beverages
Kansas,2019-06-10,50331958.5,Beverages
Kansas,2019-08-12,48371113.7,Beverages
Kansas,2019-10-11,48524049.9,Beverages
Kansas,2019-10-13,48317065.4,Beverages
Kansas,2019-10-20,48601947.9,Beverages
Kansas,2019-10-27,48102109.5,Beverages
Kansas,2019-11-17,48710294.0,Beverages
Kansas,2019-11-24,50469567.400000006,Beverages
Kansas,2019-12-15,49474511.599999994,Beverages
Kansas,2019-12-22,52416567.0,Beverages
Kansas,2019-12-29,48921431.3,Beverages
Kansas,2020-01-03,49739278.5,Beverages
Kansas,2020-01-11,49731547.3,Beverages
Kansas,2020-01-19,45970257.6,Beverages
Kansas,2020-01-26,45578142.0,Beverages
Kansas,2020-02-02,48454429.7,Beverages
Kansas,2020-02-08,55336553.1,Beverages
Kansas,2020-02-16,46986707.2,Beverages
Kansas,2020-02-23,47027994.0,Beverages
Kansas,2020-03-05,55107459.6,Beverages
Kansas,2020-03-15,56199275.699999996,Beverages
Kansas,2020-03-22,56741186.099999994,Beverages
Kansas,2020-03-29,49573935.0,Beverages
Kansas,2020-04-10,52679711.4,Beverages
Kansas,2020-04-19,53915809.4,Beverages
Kansas,2020-04-26,53151527.1,Beverages
Kansas,2020-05-01,47926649.0,Beverages
Kansas,2020-05-04,51139582.6,Beverages
Kansas,2020-05-07,62341966.5,Beverages
Kansas,2020-05-17,55211389.8,Beverages
Kansas,2020-05-24,55036532.1,Beverages
Kansas,2020-05-31,54431344.4,Beverages
Kansas,2020-06-09,56449770.7,Beverages
Kansas,2020-06-12,50030283.3,Beverages
Kansas,2020-06-14,58714695.599999994,Beverages
Kansas,2020-06-21,57777801.300000004,Beverages
Kansas,2020-06-28,59540738.0,Beverages
Kansas,2020-07-06,60420221.5,Beverages
Kansas,2020-07-19,57934641.6,Beverages
Kansas,2020-07-26,55812175.1,Beverages
Kansas,2020-08-03,50679733.5,Beverages
Kansas,2020-08-11,52059074.199999996,Beverages
Kansas,2020-08-16,56533007.800000004,Beverages
Kansas,2020-08-23,54631652.5,Beverages
Kansas,2020-08-30,54662599.1,Beverages
Kansas,2020-09-02,46767766.4,Beverages
Kansas,2020-09-08,56686281.4,Beverages
Kansas,2020-09-13,53396659.1,Beverages
Kansas,2020-09-20,53610089.3,Beverages
Kansas,2020-09-27,52805520.800000004,Beverages
Kansas,2020-10-05,54867045.4,Beverages
Kansas,2020-10-18,52216444.1,Beverages
Kansas,2020-10-25,50123547.800000004,Beverages
Kansas,2020-11-10,53467895.699999996,Beverages
Kansas,2020-11-15,50940708.900000006,Beverages
Kansas,2020-11-22,52763617.5,Beverages
Kansas,2020-11-29,51187350.4,Beverages
Kansas,2020-12-01,47874479.699999996,Beverages
Kansas,2020-12-04,53992654.9,Beverages
Kansas,2020-12-07,57070126.2,Beverages
Kansas,2020-12-13,51776970.099999994,Beverages
Kansas,2020-12-20,52936445.7,Beverages
Kansas,2020-12-27,52101710.5,Beverages
Kansas,2021-01-08,60808014.2,Beverages
Kansas,2021-01-17,49405362.9,Beverages
Kansas,2021-01-24,49264080.800000004,Beverages
Kansas,2021-01-31,50249196.699999996,Beverages
Kansas,2021-02-05,59355868.2,Beverages
Kansas,2021-02-14,49473048.800000004,Beverages
Kansas,2021-02-21,48029085.1,Beverages
Kansas,2021-02-28,52003515.800000004,Beverages
Kansas,2021-03-01,50868820.0,Beverages
Kansas,2021-03-10,82900044.3,Beverages
Kansas,2021-03-14,59343851.099999994,Beverages
Kansas,2021-03-21,59205729.400000006,Beverages
Kansas,2021-03-28,52129781.9,Beverages
Kansas,2021-04-04,55653198.7,Beverages
Kansas,2021-04-07,65793575.800000004,Beverages
Kansas,2021-04-18,54961228.8,Beverages
Kansas,2021-04-25,56106391.199999996,Beverages
Kansas,2021-05-09,61220163.599999994,Beverages
Kansas,2021-05-12,78480380.6,Beverages
Kansas,2021-05-16,56506821.4,Beverages
Kansas,2021-05-23,58120184.6,Beverages
Kansas,2021-05-30,58608591.1,Beverages
Kansas,2021-06-06,62516133.4,Beverages
Kansas,2021-06-13,63747306.1,Beverages
Kansas,2021-06-20,64694666.0,Beverages
Kansas,2021-06-27,61546477.2,Beverages
Kansas,2021-07-02,51903921.800000004,Beverages
Kansas,2021-07-03,54781178.7,Beverages
Kansas,2021-07-11,79954985.1,Beverages
Kansas,2021-07-18,60484849.300000004,Beverages
Kansas,2021-07-25,61028083.7,Beverages
Kansas,2021-08-08,61015142.1,Beverages
Kansas,2021-08-15,61587649.4,Beverages
Kansas,2021-08-22,60003063.0,Beverages
Kansas,2021-08-29,60315652.3,Beverages
Kansas,2021-09-05,58628491.800000004,Beverages
Kansas,2021-09-19,58620693.0,Beverages
Kansas,2021-09-26,57965249.5,Beverages
Kansas,2021-10-01,50589575.9,Beverages
Kansas,2021-10-10,84206740.7,Beverages
Kansas,2021-10-17,81123034.4,Beverages
Kansas,2021-10-24,79347468.2,Beverages
Kansas,2021-10-31,78863272.3,Beverages
Kansas,2021-11-04,56348859.5,Beverages
Kansas,2021-11-07,61453800.1,Beverages
Kansas,2021-11-14,80314797.0,Beverages
Kansas,2021-11-21,82999328.80000001,Beverages
Kansas,2021-11-28,78440980.19999999,Beverages
Kansas,2021-12-09,58019745.6,Beverages
Kansas,2021-12-12,80608215.70000002,Beverages
Kansas,2021-12-19,84460875.80000001,Beverages
Kansas,2021-12-26,83443647.2,Beverages
Kansas,2022-01-05,86997852.79999998,Beverages
Kansas,2022-01-16,78883181.00000001,Beverages
Kansas,2022-01-23,75806888.1,Beverages
Kansas,2022-01-30,78220589.9,Beverages
Kansas,2022-02-01,79504172.6,Beverages
Kansas,2022-02-10,87253391.50000001,Beverages
Kansas,2022-02-13,79062421.10000001,Beverages
Kansas,2022-02-20,75767594.6,Beverages
Kansas,2022-02-27,80457891.5,Beverages
Kansas,2022-03-04,86725018.7,Beverages
Kansas,2022-03-07,97005013.6,Beverages
Kansas,2022-03-13,81663312.10000001,Beverages
Kansas,2022-03-20,83082912.7,Beverages
Kansas,2022-03-27,82019286.2,Beverages
Kansas,2022-04-09,93015446.1,Beverages
Kansas,2022-04-12,82078818.7,Beverages
Kansas,2022-04-17,87097621.3,Beverages
Kansas,2022-04-24,83057568.3,Beverages
Kansas,2022-05-06,90128641.60000001,Beverages
Kansas,2022-05-15,90747538.80000001,Beverages
Kansas,2022-05-22,87205384.39999999,Beverages
Kansas,2022-05-29,88373729.5,Beverages
Kansas,2022-06-02,78785427.80000001,Beverages
Kansas,2022-06-03,83339036.60000001,Beverages
Kansas,2022-06-11,84389780.39999999,Beverages
Kansas,2022-06-19,95907245.0,Beverages
Kansas,2022-06-26,92862803.4,Beverages
Kansas,2022-07-08,93112553.8,Beverages
Kansas,2022-07-17,92242837.30000001,Beverages
Kansas,2022-07-24,91465018.60000001,Beverages
Kansas,2022-07-31,90742378.0,Beverages
Kansas,2022-08-05,86153843.00000001,Beverages
Kansas,2022-08-14,92208148.49999999,Beverages
Kansas,2022-08-21,88534642.8,Beverages
Kansas,2022-08-28,89760227.89999999,Beverages
Kansas,2022-09-01,76822109.1,Beverages
Kansas,2022-09-10,88764636.5,Beverages
Kansas,2022-09-18,89581306.4,Beverages
Kansas,2022-09-25,87433217.2,Beverages
Kansas,2022-10-04,86064766.3,Beverages
Kansas,2022-10-07,92985888.9,Beverages
Kansas,2022-10-16,85774103.39999999,Beverages
Kansas,2022-10-23,84007160.0,Beverages
Kansas,2022-10-30,83002733.3,Beverages
Kansas,2022-11-09,90032273.6,Beverages
Kansas,2022-11-12,84610185.30000001,Beverages
Kansas,2022-11-13,83975554.39999999,Beverages
Kansas,2022-11-20,85163591.0,Beverages
Kansas,2022-11-27,86453162.6,Beverages
Kansas,2022-12-06,92872869.0,Beverages
Kansas,2022-12-18,87682836.8,Beverages
Kansas,2022-12-25,91741789.60000001,Beverages
Kansas,2023-01-01,82286820.5,Beverages
Kansas,2023-01-15,81402484.0,Beverages
Kansas,2023-01-22,79711319.1,Beverages
Kansas,2023-01-29,82211004.9,Beverages
Kansas,2023-02-04,88919304.3,Beverages
Kansas,2023-02-19,82138037.9,Beverages
Kansas,2023-02-26,84463677.10000001,Beverages
Kansas,2023-03-19,92039958.7,Beverages
Kansas,2023-03-26,84923537.19999999,Beverages
Kansas,2023-04-16,92228322.39999999,Beverages
Kansas,2023-04-23,91618566.5,Beverages
Kansas,2023-04-30,93432681.0,Beverages
Kansas,2023-05-02,82693189.3,Beverages
Kansas,2023-05-03,90385105.0,Beverages
Kansas,2023-07-05,94692553.4,Beverages
Kansas,2023-08-01,80180821.39999999,Beverages
Kansas,2023-09-04,94272251.20000002,Beverages
Kansas,2023-12-02,85796600.9,Beverages
Kansas,2023-12-03,93010720.5,Beverages
Kentucky,2019-01-12,91340443.0,Beverages
Kentucky,2019-03-11,92866944.89999999,Beverages
Kentucky,2019-06-10,106008269.1,Beverages
Kentucky,2019-08-12,92458439.10000001,Beverages
Kentucky,2019-10-11,92808300.6,Beverages
Kentucky,2019-10-13,98289686.60000001,Beverages
Kentucky,2019-10-20,94431652.60000001,Beverages
Kentucky,2019-10-27,91910509.2,Beverages
Kentucky,2019-11-17,92285214.3,Beverages
Kentucky,2019-11-24,95351246.9,Beverages
Kentucky,2019-12-15,92535178.4,Beverages
Kentucky,2019-12-22,97877582.7,Beverages
Kentucky,2019-12-29,92581514.5,Beverages
Kentucky,2020-01-03,96896522.89999999,Beverages
Kentucky,2020-01-11,97721871.5,Beverages
Kentucky,2020-01-19,89904459.0,Beverages
Kentucky,2020-01-26,87337779.19999999,Beverages
Kentucky,2020-02-02,90383282.10000001,Beverages
Kentucky,2020-02-08,108364954.0,Beverages
Kentucky,2020-02-16,88680139.7,Beverages
Kentucky,2020-02-23,89359544.7,Beverages
Kentucky,2020-03-05,105113497.89999999,Beverages
Kentucky,2020-03-15,108537872.80000001,Beverages
Kentucky,2020-03-22,106471732.8,Beverages
Kentucky,2020-03-29,93433675.60000001,Beverages
Kentucky,2020-04-10,105812852.5,Beverages
Kentucky,2020-04-19,99475278.89999999,Beverages
Kentucky,2020-04-26,98793975.89999999,Beverages
Kentucky,2020-05-01,91668506.5,Beverages
Kentucky,2020-05-04,98418689.2,Beverages
Kentucky,2020-05-07,118344908.89999999,Beverages
Kentucky,2020-05-17,105373534.0,Beverages
Kentucky,2020-05-24,111736557.89999999,Beverages
Kentucky,2020-05-31,108405878.7,Beverages
Kentucky,2020-06-09,108898996.8,Beverages
Kentucky,2020-06-12,96239478.7,Beverages
Kentucky,2020-06-14,110489788.80000001,Beverages
Kentucky,2020-06-21,108919624.39999999,Beverages
Kentucky,2020-06-28,109608394.60000001,Beverages
Kentucky,2020-07-06,112052843.7,Beverages
Kentucky,2020-07-19,110998494.4,Beverages
Kentucky,2020-07-26,107452067.4,Beverages
Kentucky,2020-08-03,98146651.5,Beverages
Kentucky,2020-08-11,99884015.0,Beverages
Kentucky,2020-08-16,110780990.9,Beverages
Kentucky,2020-08-23,107156717.7,Beverages
Kentucky,2020-08-30,106359010.5,Beverages
Kentucky,2020-09-02,90103077.4,Beverages
Kentucky,2020-09-08,110548963.1,Beverages
Kentucky,2020-09-13,108814337.7,Beverages
Kentucky,2020-09-20,106393443.8,Beverages
Kentucky,2020-09-27,102811444.2,Beverages
Kentucky,2020-10-05,105641996.8,Beverages
Kentucky,2020-10-18,100459116.4,Beverages
Kentucky,2020-10-25,99021954.3,Beverages
Kentucky,2020-11-10,101261774.6,Beverages
Kentucky,2020-11-15,101550361.6,Beverages
Kentucky,2020-11-22,103523877.2,Beverages
Kentucky,2020-11-29,98671875.0,Beverages
Kentucky,2020-12-01,91660184.6,Beverages
Kentucky,2020-12-04,101853087.89999999,Beverages
Kentucky,2020-12-07,111351522.7,Beverages
Kentucky,2020-12-13,98495215.3,Beverages
Kentucky,2020-12-20,100865901.8,Beverages
Kentucky,2020-12-27,99073802.10000001,Beverages
Kentucky,2021-01-08,117300344.2,Beverages
Kentucky,2021-01-17,99316227.60000001,Beverages
Kentucky,2021-01-24,95310487.7,Beverages
Kentucky,2021-01-31,96229501.3,Beverages
Kentucky,2021-02-05,112421501.6,Beverages
Kentucky,2021-02-14,97978469.10000001,Beverages
Kentucky,2021-02-21,92934125.1,Beverages
Kentucky,2021-02-28,99976448.5,Beverages
Kentucky,2021-03-01,97850318.6,Beverages
Kentucky,2021-03-10,163410998.9,Beverages
Kentucky,2021-03-14,116409590.4,Beverages
Kentucky,2021-03-21,115326864.8,Beverages
Kentucky,2021-03-28,103167419.5,Beverages
Kentucky,2021-04-04,108849186.2,Beverages
Kentucky,2021-04-07,125646304.4,Beverages
Kentucky,2021-04-18,107204172.0,Beverages
Kentucky,2021-04-25,107620403.3,Beverages
Kentucky,2021-05-09,119446256.60000001,Beverages
Kentucky,2021-05-12,150843600.1,Beverages
Kentucky,2021-05-16,111966687.1,Beverages
Kentucky,2021-05-23,118306198.7,Beverages
Kentucky,2021-05-30,119293343.1,Beverages
Kentucky,2021-06-06,118342924.9,Beverages
Kentucky,2021-06-13,120608752.7,Beverages
Kentucky,2021-06-20,123091896.3,Beverages
Kentucky,2021-06-27,117190358.10000001,Beverages
Kentucky,2021-07-02,98295922.4,Beverages
Kentucky,2021-07-03,105832542.0,Beverages
Kentucky,2021-07-11,154353902.5,Beverages
Kentucky,2021-07-18,117990160.9,Beverages
Kentucky,2021-07-25,118148967.9,Beverages
Kentucky,2021-08-08,119557385.19999999,Beverages
Kentucky,2021-08-15,120277717.10000001,Beverages
Kentucky,2021-08-22,117423059.0,Beverages
Kentucky,2021-08-29,120550384.7,Beverages
Kentucky,2021-09-05,112626698.2,Beverages
Kentucky,2021-09-19,115075277.2,Beverages
Kentucky,2021-09-26,109298751.7,Beverages
Kentucky,2021-10-01,97469454.4,Beverages
Kentucky,2021-10-10,160624309.8,Beverages
Kentucky,2021-10-17,158469037.80000004,Beverages
Kentucky,2021-10-24,154857048.1,Beverages
Kentucky,2021-10-31,152099528.29999998,Beverages
Kentucky,2021-11-04,110300929.9,Beverages
Kentucky,2021-11-07,118579601.2,Beverages
Kentucky,2021-11-14,157931326.0,Beverages
Kentucky,2021-11-21,162353803.4,Beverages
Kentucky,2021-11-28,149030289.8,Beverages
Kentucky,2021-12-09,115777032.6,Beverages
Kentucky,2021-12-12,153606721.90000004,Beverages
Kentucky,2021-12-19,160380710.10000002,Beverages
Kentucky,2021-12-26,154868195.1,Beverages
Kentucky,2022-01-05,171664151.2,Beverages
Kentucky,2022-01-16,156262856.2,Beverages
Kentucky,2022-01-23,144556708.5,Beverages
Kentucky,2022-01-30,147313253.0,Beverages
Kentucky,2022-02-01,150002539.5,Beverages
Kentucky,2022-02-10,176005998.5,Beverages
Kentucky,2022-02-13,152843858.6,Beverages
Kentucky,2022-02-20,145625623.6,Beverages
Kentucky,2022-02-27,156479215.79999998,Beverages
Kentucky,2022-03-04,166881514.0,Beverages
Kentucky,2022-03-07,188779241.0,Beverages
Kentucky,2022-03-13,161981216.1,Beverages
Kentucky,2022-03-20,163477368.89999998,Beverages
Kentucky,2022-03-27,164099532.9,Beverages
Kentucky,2022-04-09,183658226.20000002,Beverages
Kentucky,2022-04-12,156960934.6,Beverages
Kentucky,2022-04-17,169953128.29999998,Beverages
Kentucky,2022-04-24,164162639.39999998,Beverages
Kentucky,2022-05-06,175125575.9,Beverages
Kentucky,2022-05-15,172918709.00000003,Beverages
Kentucky,2022-05-22,180195377.8,Beverages
Kentucky,2022-05-29,175426518.6,Beverages
Kentucky,2022-06-02,153560693.89999998,Beverages
Kentucky,2022-06-03,160721352.6,Beverages
Kentucky,2022-06-11,163543172.20000002,Beverages
Kentucky,2022-06-19,181679224.9,Beverages
Kentucky,2022-06-26,178023499.70000002,Beverages
Kentucky,2022-07-08,182657159.1,Beverages
Kentucky,2022-07-17,176803762.0,Beverages
Kentucky,2022-07-24,175521543.0,Beverages
Kentucky,2022-07-31,176939926.7,Beverages
Kentucky,2022-08-05,170241063.4,Beverages
Kentucky,2022-08-14,182433637.4,Beverages
Kentucky,2022-08-21,178715626.79999998,Beverages
Kentucky,2022-08-28,180785746.2,Beverages
Kentucky,2022-09-01,150103192.7,Beverages
Kentucky,2022-09-10,169675963.50000003,Beverages
Kentucky,2022-09-18,176248302.7,Beverages
Kentucky,2022-09-25,175430228.10000002,Beverages
Kentucky,2022-10-04,167126413.7,Beverages
Kentucky,2022-10-07,177231551.20000002,Beverages
Kentucky,2022-10-16,169028833.1,Beverages
Kentucky,2022-10-23,164783226.7,Beverages
Kentucky,2022-10-30,161908388.2,Beverages
Kentucky,2022-11-09,177213325.19999996,Beverages
Kentucky,2022-11-12,159951955.29999998,Beverages
Kentucky,2022-11-13,164839820.5,Beverages
Kentucky,2022-11-20,165319823.4,Beverages
Kentucky,2022-11-27,163202263.89999998,Beverages
Kentucky,2022-12-06,173551980.8,Beverages
Kentucky,2022-12-18,167654026.6,Beverages
Kentucky,2022-12-25,171908926.2,Beverages
Kentucky,2023-01-01,154450235.0,Beverages
Kentucky,2023-01-15,159888961.79999998,Beverages
Kentucky,2023-01-22,151381165.29999998,Beverages
Kentucky,2023-01-29,152849458.49999997,Beverages
Kentucky,2023-02-04,169379032.7,Beverages
Kentucky,2023-02-19,162073335.30000004,Beverages
Kentucky,2023-02-26,163522695.4,Beverages
Kentucky,2023-03-19,176332061.1,Beverages
Kentucky,2023-03-26,163351236.4,Beverages
Kentucky,2023-04-16,174619208.7,Beverages
Kentucky,2023-04-23,175063638.79999998,Beverages
Kentucky,2023-04-30,177480411.4,Beverages
Kentucky,2023-05-02,159539413.6,Beverages
Kentucky,2023-05-03,172605244.89999998,Beverages
Kentucky,2023-07-05,182477460.4,Beverages
Kentucky,2023-08-01,155431103.2,Beverages
Kentucky,2023-09-04,173760111.1,Beverages
Kentucky,2023-12-02,161038286.7,Beverages
Kentucky,2023-12-03,182420653.9,Beverages
Louisiana,2019-01-12,94697654.89999999,Beverages
Louisiana,2019-03-11,98130560.5,Beverages
Louisiana,2019-06-10,110909954.6,Beverages
Louisiana,2019-08-12,96719430.39999999,Beverages
Louisiana,2019-10-11,99092391.8,Beverages
Louisiana,2019-10-13,109354746.7,Beverages
Louisiana,2019-10-20,100499698.5,Beverages
Louisiana,2019-10-27,94643763.7,Beverages
Louisiana,2019-11-17,97123839.4,Beverages
Louisiana,2019-11-24,98028446.1,Beverages
Louisiana,2019-12-15,96959218.10000001,Beverages
Louisiana,2019-12-22,100853710.19999999,Beverages
Louisiana,2019-12-29,90497588.9,Beverages
Louisiana,2020-01-03,100284981.89999999,Beverages
Louisiana,2020-01-11,104994962.30000001,Beverages
Louisiana,2020-01-19,93011763.9,Beverages
Louisiana,2020-01-26,88883700.1,Beverages
Louisiana,2020-02-02,93133150.60000001,Beverages
Louisiana,2020-02-08,109735019.4,Beverages
Louisiana,2020-02-16,94246834.10000001,Beverages
Louisiana,2020-02-23,92767324.9,Beverages
Louisiana,2020-03-05,109850443.4,Beverages
Louisiana,2020-03-15,121196144.8,Beverages
Louisiana,2020-03-22,111529226.7,Beverages
Louisiana,2020-03-29,97224311.9,Beverages
Louisiana,2020-04-10,117294523.10000001,Beverages
Louisiana,2020-04-19,102183590.7,Beverages
Louisiana,2020-04-26,102360001.9,Beverages
Louisiana,2020-05-01,89999954.0,Beverages
Louisiana,2020-05-04,102909681.2,Beverages
Louisiana,2020-05-07,120137016.3,Beverages
Louisiana,2020-05-17,109640845.5,Beverages
Louisiana,2020-05-24,114631357.1,Beverages
Louisiana,2020-05-31,109870800.8,Beverages
Louisiana,2020-06-09,123030206.0,Beverages
Louisiana,2020-06-12,100212641.6,Beverages
Louisiana,2020-06-14,113522142.80000001,Beverages
Louisiana,2020-06-21,115258587.7,Beverages
Louisiana,2020-06-28,107808977.9,Beverages
Louisiana,2020-07-06,117541818.39999999,Beverages
Louisiana,2020-07-19,107757841.2,Beverages
Louisiana,2020-07-26,105961502.30000001,Beverages
Louisiana,2020-08-03,104279826.8,Beverages
Louisiana,2020-08-11,107041449.1,Beverages
Louisiana,2020-08-16,117135983.3,Beverages
Louisiana,2020-08-23,117579800.7,Beverages
Louisiana,2020-08-30,113353058.60000001,Beverages
Louisiana,2020-09-02,94376732.6,Beverages
Louisiana,2020-09-08,119096375.8,Beverages
Louisiana,2020-09-13,116867036.10000001,Beverages
Louisiana,2020-09-20,110526069.0,Beverages
Louisiana,2020-09-27,106003069.39999999,Beverages
Louisiana,2020-10-05,110854351.0,Beverages
Louisiana,2020-10-18,104986483.7,Beverages
Louisiana,2020-10-25,103272851.6,Beverages
Louisiana,2020-11-10,113938298.39999999,Beverages
Louisiana,2020-11-15,103533350.6,Beverages
Louisiana,2020-11-22,107565397.8,Beverages
Louisiana,2020-11-29,99539467.39999999,Beverages
Louisiana,2020-12-01,95317537.7,Beverages
Louisiana,2020-12-04,102756056.7,Beverages
Louisiana,2020-12-07,120242881.69999999,Beverages
Louisiana,2020-12-13,103283351.3,Beverages
Louisiana,2020-12-20,103692117.8,Beverages
Louisiana,2020-12-27,96683773.4,Beverages
Louisiana,2021-01-08,120506480.6,Beverages
Louisiana,2021-01-17,99444705.4,Beverages
Louisiana,2021-01-24,95771376.7,Beverages
Louisiana,2021-01-31,96830454.2,Beverages
Louisiana,2021-02-05,115298734.6,Beverages
Louisiana,2021-02-14,101323999.2,Beverages
Louisiana,2021-02-21,93576881.8,Beverages
Louisiana,2021-02-28,105990169.3,Beverages
Louisiana,2021-03-01,96612059.0,Beverages
Louisiana,2021-03-10,173218605.1,Beverages
Louisiana,2021-03-14,129302802.19999999,Beverages
Louisiana,2021-03-21,119445818.3,Beverages
Louisiana,2021-03-28,102299326.10000001,Beverages
Louisiana,2021-04-04,111799498.2,Beverages
Louisiana,2021-04-07,125522124.6,Beverages
Louisiana,2021-04-18,106648613.5,Beverages
Louisiana,2021-04-25,111133388.7,Beverages
Louisiana,2021-05-09,120514381.89999999,Beverages
Louisiana,2021-05-12,155559148.60000002,Beverages
Louisiana,2021-05-16,115508714.2,Beverages
Louisiana,2021-05-23,115983094.5,Beverages
Louisiana,2021-05-30,117946580.6,Beverages
Louisiana,2021-06-06,121498261.80000001,Beverages
Louisiana,2021-06-13,121378724.39999999,Beverages
Louisiana,2021-06-20,127441197.0,Beverages
Louisiana,2021-06-27,113377115.0,Beverages
Louisiana,2021-07-02,103625081.3,Beverages
Louisiana,2021-07-03,110243755.4,Beverages
Louisiana,2021-07-11,163231951.7,Beverages
Louisiana,2021-07-18,122116302.8,Beverages
Louisiana,2021-07-25,118351245.5,Beverages
Louisiana,2021-08-08,128188334.9,Beverages
Louisiana,2021-08-15,127627598.7,Beverages
Louisiana,2021-08-22,130957346.60000001,Beverages
Louisiana,2021-08-29,128868690.10000001,Beverages
Louisiana,2021-09-05,119514121.30000001,Beverages
Louisiana,2021-09-19,115984165.9,Beverages
Louisiana,2021-09-26,113668155.4,Beverages
Louisiana,2021-10-01,103409390.3,Beverages
Louisiana,2021-10-10,177059756.4,Beverages
Louisiana,2021-10-17,168011333.6,Beverages
Louisiana,2021-10-24,163730358.20000002,Beverages
Louisiana,2021-10-31,164478870.6,Beverages
Louisiana,2021-11-04,109647914.19999999,Beverages
Louisiana,2021-11-07,117870621.2,Beverages
Louisiana,2021-11-14,162728719.0,Beverages
Louisiana,2021-11-21,162507491.79999998,Beverages
Louisiana,2021-11-28,149328484.4,Beverages
Louisiana,2021-12-09,121134944.89999999,Beverages
Louisiana,2021-12-12,159058610.1,Beverages
Louisiana,2021-12-19,161572466.20000002,Beverages
Louisiana,2021-12-26,152224239.6,Beverages
Louisiana,2022-01-05,174211277.9,Beverages
Louisiana,2022-01-16,156687247.5,Beverages
Louisiana,2022-01-23,149990485.8,Beverages
Louisiana,2022-01-30,149359133.5,Beverages
Louisiana,2022-02-01,148960741.79999998,Beverages
Louisiana,2022-02-10,186352065.29999998,Beverages
Louisiana,2022-02-13,157276014.60000002,Beverages
Louisiana,2022-02-20,148218415.39999998,Beverages
Louisiana,2022-02-27,166316041.4,Beverages
Louisiana,2022-03-04,171748523.39999998,Beverages
Louisiana,2022-03-07,186831002.79999998,Beverages
Louisiana,2022-03-13,165907039.2,Beverages
Louisiana,2022-03-20,167508572.9,Beverages
Louisiana,2022-03-27,164240357.7,Beverages
Louisiana,2022-04-09,184547199.3,Beverages
Louisiana,2022-04-12,165763268.6,Beverages
Louisiana,2022-04-17,169258764.3,Beverages
Louisiana,2022-04-24,166594558.79999998,Beverages
Louisiana,2022-05-06,179757688.8,Beverages
Louisiana,2022-05-15,181429032.6,Beverages
Louisiana,2022-05-22,178706787.5,Beverages
Louisiana,2022-05-29,179804431.79999998,Beverages
Louisiana,2022-06-02,157396925.20000002,Beverages
Louisiana,2022-06-03,167521896.30000004,Beverages
Louisiana,2022-06-11,174802410.6,Beverages
Louisiana,2022-06-19,187019145.6,Beverages
Louisiana,2022-06-26,179657907.39999998,Beverages
Louisiana,2022-07-08,190762050.2,Beverages
Louisiana,2022-07-17,175186924.60000002,Beverages
Louisiana,2022-07-24,179277667.9,Beverages
Louisiana,2022-07-31,181707226.70000002,Beverages
Louisiana,2022-08-05,180020153.6,Beverages
Louisiana,2022-08-14,190112553.1,Beverages
Louisiana,2022-08-21,183999610.9,Beverages
Louisiana,2022-08-28,189354773.60000002,Beverages
Louisiana,2022-09-01,155342817.29999998,Beverages
Louisiana,2022-09-10,190158067.8,Beverages
Louisiana,2022-09-18,179685597.40000004,Beverages
Louisiana,2022-09-25,185329802.9,Beverages
Louisiana,2022-10-04,174670882.19999996,Beverages
Louisiana,2022-10-07,185262751.10000002,Beverages
Louisiana,2022-10-16,183986891.79999998,Beverages
Louisiana,2022-10-23,175022138.5,Beverages
Louisiana,2022-10-30,171403890.6,Beverages
Louisiana,2022-11-09,187018948.2,Beverages
Louisiana,2022-11-12,171279353.79999998,Beverages
Louisiana,2022-11-13,172481938.20000002,Beverages
Louisiana,2022-11-20,173115456.1,Beverages
Louisiana,2022-11-27,162599691.3,Beverages
Louisiana,2022-12-06,186536876.5,Beverages
Louisiana,2022-12-18,171487541.89999998,Beverages
Louisiana,2022-12-25,168922814.29999998,Beverages
Louisiana,2023-01-01,154640918.0,Beverages
Louisiana,2023-01-15,163716218.7,Beverages
Louisiana,2023-01-22,156680224.3,Beverages
Louisiana,2023-01-29,155106852.19999996,Beverages
Louisiana,2023-02-04,176985211.4,Beverages
Louisiana,2023-02-19,165177666.10000002,Beverages
Louisiana,2023-02-26,172155747.60000002,Beverages
Louisiana,2023-03-19,184514764.1,Beverages
Louisiana,2023-03-26,169522980.7,Beverages
Louisiana,2023-04-16,173702707.6,Beverages
Louisiana,2023-04-23,177272791.8,Beverages
Louisiana,2023-04-30,181174166.7,Beverages
Louisiana,2023-05-02,164619110.7,Beverages
Louisiana,2023-05-03,180681855.6,Beverages
Louisiana,2023-07-05,193168731.29999998,Beverages
Louisiana,2023-08-01,161935635.6,Beverages
Louisiana,2023-09-04,181956635.0,Beverages
Louisiana,2023-12-02,171534050.8,Beverages
Louisiana,2023-12-03,198036326.9,Beverages
Maine,2019-01-12,25031692.5,Beverages
Maine,2019-03-11,24844075.1,Beverages
Maine,2019-06-10,26536447.900000002,Beverages
Maine,2019-08-12,24713977.9,Beverages
Maine,2019-10-11,24804826.2,Beverages
Maine,2019-10-13,26810547.3,Beverages
Maine,2019-10-20,26272241.099999998,Beverages
Maine,2019-10-27,24846762.7,Beverages
Maine,2019-11-17,25124018.599999998,Beverages
Maine,2019-11-24,25092645.700000003,Beverages
Maine,2019-12-15,25869598.5,Beverages
Maine,2019-12-22,26726614.7,Beverages
Maine,2019-12-29,25243164.8,Beverages
Maine,2020-01-03,25700047.299999997,Beverages
Maine,2020-01-11,26208035.599999998,Beverages
Maine,2020-01-19,26100869.5,Beverages
Maine,2020-01-26,23671917.2,Beverages
Maine,2020-02-02,24839107.4,Beverages
Maine,2020-02-08,35887495.6,Beverages
Maine,2020-02-16,25099315.0,Beverages
Maine,2020-02-23,25238851.599999998,Beverages
Maine,2020-03-05,27783408.3,Beverages
Maine,2020-03-15,28773985.9,Beverages
Maine,2020-03-22,28465732.8,Beverages
Maine,2020-03-29,25032203.3,Beverages
Maine,2020-04-10,28196622.0,Beverages
Maine,2020-04-19,27337984.6,Beverages
Maine,2020-04-26,25890805.6,Beverages
Maine,2020-05-01,25024726.400000002,Beverages
Maine,2020-05-04,26134163.0,Beverages
Maine,2020-05-07,35955266.2,Beverages
Maine,2020-05-17,29233512.7,Beverages
Maine,2020-05-24,31587574.5,Beverages
Maine,2020-05-31,30695405.900000002,Beverages
Maine,2020-06-09,30068749.099999998,Beverages
Maine,2020-06-12,25819043.0,Beverages
Maine,2020-06-14,31735651.7,Beverages
Maine,2020-06-21,33461790.099999998,Beverages
Maine,2020-06-28,32666216.900000002,Beverages
Maine,2020-07-06,31030851.7,Beverages
Maine,2020-07-19,34398251.400000006,Beverages
Maine,2020-07-26,34256703.6,Beverages
Maine,2020-08-03,26842940.3,Beverages
Maine,2020-08-11,26444945.2,Beverages
Maine,2020-08-16,34846874.0,Beverages
Maine,2020-08-23,32438671.3,Beverages
Maine,2020-08-30,31354861.299999997,Beverages
Maine,2020-09-02,24780924.0,Beverages
Maine,2020-09-08,34201021.6,Beverages
Maine,2020-09-13,29549898.0,Beverages
Maine,2020-09-20,29477979.0,Beverages
Maine,2020-09-27,28839966.7,Beverages
Maine,2020-10-05,28044138.8,Beverages
Maine,2020-10-18,28172231.599999998,Beverages
Maine,2020-10-25,26759991.4,Beverages
Maine,2020-11-10,28329168.8,Beverages
Maine,2020-11-15,27075403.8,Beverages
Maine,2020-11-22,26885825.1,Beverages
Maine,2020-11-29,26273515.900000002,Beverages
Maine,2020-12-01,24355262.1,Beverages
Maine,2020-12-04,25833007.8,Beverages
Maine,2020-12-07,32885624.0,Beverages
Maine,2020-12-13,26552092.9,Beverages
Maine,2020-12-20,27075288.5,Beverages
Maine,2020-12-27,27093728.8,Beverages
Maine,2021-01-08,36198813.9,Beverages
Maine,2021-01-17,27089362.9,Beverages
Maine,2021-01-24,26264300.6,Beverages
Maine,2021-01-31,26116338.099999998,Beverages
Maine,2021-02-05,29137324.4,Beverages
Maine,2021-02-14,27211331.299999997,Beverages
Maine,2021-02-21,26945072.2,Beverages
Maine,2021-02-28,27028027.9,Beverages
Maine,2021-03-01,26270826.7,Beverages
Maine,2021-03-10,43463387.0,Beverages
Maine,2021-03-14,30657060.0,Beverages
Maine,2021-03-21,30670986.0,Beverages
Maine,2021-03-28,26865894.8,Beverages
Maine,2021-04-04,28185004.4,Beverages
Maine,2021-04-07,36680245.400000006,Beverages
Maine,2021-04-18,28809628.2,Beverages
Maine,2021-04-25,28539332.599999998,Beverages
Maine,2021-05-09,33063174.2,Beverages
Maine,2021-05-12,40174635.7,Beverages
Maine,2021-05-16,31277692.2,Beverages
Maine,2021-05-23,33579850.6,Beverages
Maine,2021-05-30,33587974.5,Beverages
Maine,2021-06-06,32751825.700000003,Beverages
Maine,2021-06-13,34354336.2,Beverages
Maine,2021-06-20,35928123.1,Beverages
Maine,2021-06-27,34567762.199999996,Beverages
Maine,2021-07-02,26379035.900000002,Beverages
Maine,2021-07-03,27970334.2,Beverages
Maine,2021-07-11,41105433.400000006,Beverages
Maine,2021-07-18,35155856.5,Beverages
Maine,2021-07-25,35574006.800000004,Beverages
Maine,2021-08-08,36088446.7,Beverages
Maine,2021-08-15,37660011.8,Beverages
Maine,2021-08-22,35352230.699999996,Beverages
Maine,2021-08-29,33851395.3,Beverages
Maine,2021-09-05,29339259.2,Beverages
Maine,2021-09-19,31713372.599999998,Beverages
Maine,2021-09-26,31024787.299999997,Beverages
Maine,2021-10-01,26118467.1,Beverages
Maine,2021-10-10,43838076.099999994,Beverages
Maine,2021-10-17,43846987.60000001,Beverages
Maine,2021-10-24,41226742.9,Beverages
Maine,2021-10-31,40259828.900000006,Beverages
Maine,2021-11-04,27250032.4,Beverages
Maine,2021-11-07,33697577.2,Beverages
Maine,2021-11-14,42309514.6,Beverages
Maine,2021-11-21,41755768.900000006,Beverages
Maine,2021-11-28,39584633.0,Beverages
Maine,2021-12-09,31746175.400000002,Beverages
Maine,2021-12-12,41096060.99999999,Beverages
Maine,2021-12-19,43594914.10000001,Beverages
Maine,2021-12-26,41576613.300000004,Beverages
Maine,2022-01-05,44706504.5,Beverages
Maine,2022-01-16,43350787.1,Beverages
Maine,2022-01-23,39822332.0,Beverages
Maine,2022-01-30,41230768.800000004,Beverages
Maine,2022-02-01,40280282.5,Beverages
Maine,2022-02-10,45716878.699999996,Beverages
Maine,2022-02-13,41681664.4,Beverages
Maine,2022-02-20,41618979.1,Beverages
Maine,2022-02-27,41625883.7,Beverages
Maine,2022-03-04,42883243.099999994,Beverages
Maine,2022-03-07,60165439.300000004,Beverages
Maine,2022-03-13,42707838.3,Beverages
Maine,2022-03-20,42695171.900000006,Beverages
Maine,2022-03-27,42142863.0,Beverages
Maine,2022-04-09,50340572.2,Beverages
Maine,2022-04-12,42473738.6,Beverages
Maine,2022-04-17,45834935.9,Beverages
Maine,2022-04-24,41993770.5,Beverages
Maine,2022-05-06,50254515.199999996,Beverages
Maine,2022-05-15,49489859.800000004,Beverages
Maine,2022-05-22,49955614.8,Beverages
Maine,2022-05-29,50620252.10000001,Beverages
Maine,2022-06-02,40438797.6,Beverages
Maine,2022-06-03,42524510.70000001,Beverages
Maine,2022-06-11,43840590.5,Beverages
Maine,2022-06-19,53278672.9,Beverages
Maine,2022-06-26,53405146.9,Beverages
Maine,2022-07-08,56130667.1,Beverages
Maine,2022-07-17,57223095.7,Beverages
Maine,2022-07-24,56848076.0,Beverages
Maine,2022-07-31,56910943.3,Beverages
Maine,2022-08-05,46270968.800000004,Beverages
Maine,2022-08-14,55607959.9,Beverages
Maine,2022-08-21,54262439.2,Beverages
Maine,2022-08-28,52309755.4,Beverages
Maine,2022-09-01,39650663.1,Beverages
Maine,2022-09-10,46496664.2,Beverages
Maine,2022-09-18,49097846.199999996,Beverages
Maine,2022-09-25,46571181.6,Beverages
Maine,2022-10-04,42469419.1,Beverages
Maine,2022-10-07,54669439.6,Beverages
Maine,2022-10-16,46908089.1,Beverages
Maine,2022-10-23,44300276.800000004,Beverages
Maine,2022-10-30,43331365.6,Beverages
Maine,2022-11-09,48100551.1,Beverages
Maine,2022-11-12,44077649.900000006,Beverages
Maine,2022-11-13,44716273.099999994,Beverages
Maine,2022-11-20,44409591.00000001,Beverages
Maine,2022-11-27,43874864.9,Beverages
Maine,2022-12-06,52791107.599999994,Beverages
Maine,2022-12-18,46588230.8,Beverages
Maine,2022-12-25,47018805.7,Beverages
Maine,2023-01-01,42599536.400000006,Beverages
Maine,2023-01-15,44353320.8,Beverages
Maine,2023-01-22,43405431.60000001,Beverages
Maine,2023-01-29,43975210.6,Beverages
Maine,2023-02-04,44473894.6,Beverages
Maine,2023-02-19,45523131.0,Beverages
Maine,2023-02-26,44869120.50000001,Beverages
Maine,2023-03-19,48532856.6,Beverages
Maine,2023-03-26,44174255.1,Beverages
Maine,2023-04-16,48286698.0,Beverages
Maine,2023-04-23,45977851.7,Beverages
Maine,2023-04-30,47178282.4,Beverages
Maine,2023-05-02,42648131.7,Beverages
Maine,2023-05-03,46290150.8,Beverages
Maine,2023-07-05,49205689.0,Beverages
Maine,2023-08-01,42122441.199999996,Beverages
Maine,2023-09-04,45983215.3,Beverages
Maine,2023-12-02,46050376.400000006,Beverages
Maine,2023-12-03,48906544.1,Beverages
Maryland,2019-01-12,89261853.2,Beverages
Maryland,2019-03-11,88673877.5,Beverages
Maryland,2019-06-10,97008034.1,Beverages
Maryland,2019-08-12,87415041.10000001,Beverages
Maryland,2019-10-11,88525552.9,Beverages
Maryland,2019-10-13,93758114.9,Beverages
Maryland,2019-10-20,90181316.30000001,Beverages
Maryland,2019-10-27,88416678.7,Beverages
Maryland,2019-11-17,90307204.5,Beverages
Maryland,2019-11-24,93588028.4,Beverages
Maryland,2019-12-15,90575816.0,Beverages
Maryland,2019-12-22,97500111.89999999,Beverages
Maryland,2019-12-29,92797309.60000001,Beverages
Maryland,2020-01-03,90814110.0,Beverages
Maryland,2020-01-11,92795121.60000001,Beverages
Maryland,2020-01-19,88445894.3,Beverages
Maryland,2020-01-26,85581662.7,Beverages
Maryland,2020-02-02,87410693.1,Beverages
Maryland,2020-02-08,107791834.6,Beverages
Maryland,2020-02-16,87373770.2,Beverages
Maryland,2020-02-23,88053306.19999999,Beverages
Maryland,2020-03-05,95277516.69999999,Beverages
Maryland,2020-03-15,111894147.4,Beverages
Maryland,2020-03-22,106607340.3,Beverages
Maryland,2020-03-29,92700909.89999999,Beverages
Maryland,2020-04-10,98860220.4,Beverages
Maryland,2020-04-19,96380380.8,Beverages
Maryland,2020-04-26,93906193.4,Beverages
Maryland,2020-05-01,88313854.0,Beverages
Maryland,2020-05-04,94743295.5,Beverages
Maryland,2020-05-07,115323225.5,Beverages
Maryland,2020-05-17,98558236.8,Beverages
Maryland,2020-05-24,105278231.5,Beverages
Maryland,2020-05-31,103364484.5,Beverages
Maryland,2020-06-09,103513800.3,Beverages
Maryland,2020-06-12,87783075.0,Beverages
Maryland,2020-06-14,105414879.9,Beverages
Maryland,2020-06-21,104003905.8,Beverages
Maryland,2020-06-28,108601123.8,Beverages
Maryland,2020-07-06,104723816.2,Beverages
Maryland,2020-07-19,112171285.60000001,Beverages
Maryland,2020-07-26,108600663.0,Beverages
Maryland,2020-08-03,95686987.3,Beverages
Maryland,2020-08-11,94532177.1,Beverages
Maryland,2020-08-16,104793631.3,Beverages
Maryland,2020-08-23,103139792.9,Beverages
Maryland,2020-08-30,103695375.60000001,Beverages
Maryland,2020-09-02,88660395.4,Beverages
Maryland,2020-09-08,105563906.6,Beverages
Maryland,2020-09-13,100237643.1,Beverages
Maryland,2020-09-20,99489149.80000001,Beverages
Maryland,2020-09-27,99204981.0,Beverages
Maryland,2020-10-05,96078169.1,Beverages
Maryland,2020-10-18,94137273.9,Beverages
Maryland,2020-10-25,94352307.0,Beverages
Maryland,2020-11-10,97253304.0,Beverages
Maryland,2020-11-15,95314037.6,Beverages
Maryland,2020-11-22,98100246.7,Beverages
Maryland,2020-11-29,97386230.3,Beverages
Maryland,2020-12-01,89531136.4,Beverages
Maryland,2020-12-04,95539930.0,Beverages
Maryland,2020-12-07,106991407.6,Beverages
Maryland,2020-12-13,94176747.80000001,Beverages
Maryland,2020-12-20,97236199.8,Beverages
Maryland,2020-12-27,98295540.69999999,Beverages
Maryland,2021-01-08,113493002.8,Beverages
Maryland,2021-01-17,94368590.60000001,Beverages
Maryland,2021-01-24,92456852.10000001,Beverages
Maryland,2021-01-31,93789248.2,Beverages
Maryland,2021-02-05,102050026.0,Beverages
Maryland,2021-02-14,91850610.5,Beverages
Maryland,2021-02-21,92005609.9,Beverages
Maryland,2021-02-28,94576325.5,Beverages
Maryland,2021-03-01,91957430.8,Beverages
Maryland,2021-03-10,153026721.4,Beverages
Maryland,2021-03-14,116997061.39999999,Beverages
Maryland,2021-03-21,112804604.3,Beverages
Maryland,2021-03-28,98218067.39999999,Beverages
Maryland,2021-04-04,99821595.10000001,Beverages
Maryland,2021-04-07,120566973.3,Beverages
Maryland,2021-04-18,99378358.3,Beverages
Maryland,2021-04-25,98801109.39999999,Beverages
Maryland,2021-05-09,110387782.8,Beverages
Maryland,2021-05-12,137448770.10000002,Beverages
Maryland,2021-05-16,104297427.7,Beverages
Maryland,2021-05-23,109786682.3,Beverages
Maryland,2021-05-30,108404730.3,Beverages
Maryland,2021-06-06,110224577.7,Beverages
Maryland,2021-06-13,112928438.60000001,Beverages
Maryland,2021-06-20,110913678.9,Beverages
Maryland,2021-06-27,112115089.4,Beverages
Maryland,2021-07-02,91691005.8,Beverages
Maryland,2021-07-03,98503358.3,Beverages
Maryland,2021-07-11,143534789.9,Beverages
Maryland,2021-07-18,117222485.19999999,Beverages
Maryland,2021-07-25,115587895.10000001,Beverages
Maryland,2021-08-08,109789879.30000001,Beverages
Maryland,2021-08-15,111549136.39999999,Beverages
Maryland,2021-08-22,109293516.9,Beverages
Maryland,2021-08-29,111588539.9,Beverages
Maryland,2021-09-05,102307391.0,Beverages
Maryland,2021-09-19,107129225.30000001,Beverages
Maryland,2021-09-26,104892964.4,Beverages
Maryland,2021-10-01,91814739.4,Beverages
Maryland,2021-10-10,151554135.6,Beverages
Maryland,2021-10-17,148289348.3,Beverages
Maryland,2021-10-24,146769139.20000002,Beverages
Maryland,2021-10-31,144129653.79999998,Beverages
Maryland,2021-11-04,99364240.3,Beverages
Maryland,2021-11-07,114821638.3,Beverages
Maryland,2021-11-14,149358981.0,Beverages
Maryland,2021-11-21,151367133.60000002,Beverages
Maryland,2021-11-28,145305604.20000002,Beverages
Maryland,2021-12-09,107980698.2,Beverages
Maryland,2021-12-12,146342294.6,Beverages
Maryland,2021-12-19,152395982.70000002,Beverages
Maryland,2021-12-26,154213595.4,Beverages
Maryland,2022-01-05,156961460.3,Beverages
Maryland,2022-01-16,147214262.3,Beverages
Maryland,2022-01-23,141914536.8,Beverages
Maryland,2022-01-30,144339584.9,Beverages
Maryland,2022-02-01,141611465.49999997,Beverages
Maryland,2022-02-10,160004006.6,Beverages
Maryland,2022-02-13,144626241.60000002,Beverages
Maryland,2022-02-20,141913018.2,Beverages
Maryland,2022-02-27,145837844.20000002,Beverages
Maryland,2022-03-04,151946476.9,Beverages
Maryland,2022-03-07,175871843.6,Beverages
Maryland,2022-03-13,150915471.1,Beverages
Maryland,2022-03-20,150518690.10000002,Beverages
Maryland,2022-03-27,151339044.29999998,Beverages
Maryland,2022-04-09,170224234.50000003,Beverages
Maryland,2022-04-12,143324165.90000004,Beverages
Maryland,2022-04-17,159304621.4,Beverages
Maryland,2022-04-24,154619702.9,Beverages
Maryland,2022-05-06,167237091.09999996,Beverages
Maryland,2022-05-15,159139094.29999998,Beverages
Maryland,2022-05-22,171654881.70000002,Beverages
Maryland,2022-05-29,166991883.20000002,Beverages
Maryland,2022-06-02,141116006.5,Beverages
Maryland,2022-06-03,146518926.60000002,Beverages
Maryland,2022-06-11,152058115.1,Beverages
Maryland,2022-06-19,169788282.00000003,Beverages
Maryland,2022-06-26,169627954.6,Beverages
Maryland,2022-07-08,168221663.20000002,Beverages
Maryland,2022-07-17,173216758.49999997,Beverages
Maryland,2022-07-24,172047280.70000002,Beverages
Maryland,2022-07-31,168398689.3,Beverages
Maryland,2022-08-05,155643663.8,Beverages
Maryland,2022-08-14,170001105.2,Beverages
Maryland,2022-08-21,167354556.8,Beverages
Maryland,2022-08-28,169874500.29999998,Beverages
Maryland,2022-09-01,143613037.4,Beverages
Maryland,2022-09-10,156839384.39999998,Beverages
Maryland,2022-09-18,165694956.4,Beverages
Maryland,2022-09-25,164059545.3,Beverages
Maryland,2022-10-04,153379324.00000003,Beverages
Maryland,2022-10-07,167386564.39999998,Beverages
Maryland,2022-10-16,157264031.50000003,Beverages
Maryland,2022-10-23,154739355.39999998,Beverages
Maryland,2022-10-30,151763864.1,Beverages
Maryland,2022-11-09,165517969.29999998,Beverages
Maryland,2022-11-12,152772241.6,Beverages
Maryland,2022-11-13,155282599.89999998,Beverages
Maryland,2022-11-20,156895971.79999998,Beverages
Maryland,2022-11-27,161803867.59999996,Beverages
Maryland,2022-12-06,165507600.3,Beverages
Maryland,2022-12-18,159337881.70000002,Beverages
Maryland,2022-12-25,166936861.20000002,Beverages
Maryland,2023-01-01,150104015.60000002,Beverages
Maryland,2023-01-15,152126380.29999998,Beverages
Maryland,2023-01-22,147502187.40000004,Beverages
Maryland,2023-01-29,147866864.39999998,Beverages
Maryland,2023-02-04,156180976.1,Beverages
Maryland,2023-02-19,152990035.90000004,Beverages
Maryland,2023-02-26,154630461.49999997,Beverages
Maryland,2023-03-19,171998766.1,Beverages
Maryland,2023-03-26,156952581.40000004,Beverages
Maryland,2023-04-16,166631664.5,Beverages
Maryland,2023-04-23,163795397.29999998,Beverages
Maryland,2023-04-30,160364862.9,Beverages
Maryland,2023-05-02,146919672.6,Beverages
Maryland,2023-05-03,158093684.5,Beverages
Maryland,2023-07-05,160481700.10000002,Beverages
Maryland,2023-08-01,149468285.20000002,Beverages
Maryland,2023-09-04,161274665.10000002,Beverages
Maryland,2023-12-02,152386026.4,Beverages
Maryland,2023-12-03,174669997.70000002,Beverages
Massachusetts,2019-01-12,98820411.3,Beverages
Massachusetts,2019-03-11,97717028.5,Beverages
Massachusetts,2019-06-10,102038880.7,Beverages
Massachusetts,2019-08-12,98415702.8,Beverages
Massachusetts,2019-10-11,99983395.0,Beverages
Massachusetts,2019-10-13,100926963.3,Beverages
Massachusetts,2019-10-20,98350432.80000001,Beverages
Massachusetts,2019-10-27,97284879.10000001,Beverages
Massachusetts,2019-11-17,101260430.69999999,Beverages
Massachusetts,2019-11-24,100546659.89999999,Beverages
Massachusetts,2019-12-15,101028460.6,Beverages
Massachusetts,2019-12-22,106502083.1,Beverages
Massachusetts,2019-12-29,100487052.2,Beverages
Massachusetts,2020-01-03,100072372.9,Beverages
Massachusetts,2020-01-11,101437846.3,Beverages
Massachusetts,2020-01-19,103176943.69999999,Beverages
Massachusetts,2020-01-26,93592336.2,Beverages
Massachusetts,2020-02-02,98287115.3,Beverages
Massachusetts,2020-02-08,126577658.3,Beverages
Massachusetts,2020-02-16,95306386.9,Beverages
Massachusetts,2020-02-23,96000960.1,Beverages
Massachusetts,2020-03-05,104091230.9,Beverages
Massachusetts,2020-03-15,122297192.4,Beverages
Massachusetts,2020-03-22,118886720.10000001,Beverages
Massachusetts,2020-03-29,100640613.5,Beverages
Massachusetts,2020-04-10,108992156.8,Beverages
Massachusetts,2020-04-19,101856765.6,Beverages
Massachusetts,2020-04-26,97588682.7,Beverages
Massachusetts,2020-05-01,98080455.9,Beverages
Massachusetts,2020-05-04,103980878.7,Beverages
Massachusetts,2020-05-07,126221632.2,Beverages
Massachusetts,2020-05-17,107763998.0,Beverages
Massachusetts,2020-05-24,115031093.3,Beverages
Massachusetts,2020-05-31,114382691.5,Beverages
Massachusetts,2020-06-09,115596195.6,Beverages
Massachusetts,2020-06-12,100040169.69999999,Beverages
Massachusetts,2020-06-14,117959015.3,Beverages
Massachusetts,2020-06-21,117600667.1,Beverages
Massachusetts,2020-06-28,120778035.0,Beverages
Massachusetts,2020-07-06,117164233.6,Beverages
Massachusetts,2020-07-19,121563171.2,Beverages
Massachusetts,2020-07-26,121049651.0,Beverages
Massachusetts,2020-08-03,107069450.8,Beverages
Massachusetts,2020-08-11,106566021.5,Beverages
Massachusetts,2020-08-16,121577326.3,Beverages
Massachusetts,2020-08-23,116069139.9,Beverages
Massachusetts,2020-08-30,114640151.60000001,Beverages
Massachusetts,2020-09-02,98116057.10000001,Beverages
Massachusetts,2020-09-08,124107249.39999999,Beverages
Massachusetts,2020-09-13,111668739.5,Beverages
Massachusetts,2020-09-20,109099052.60000001,Beverages
Massachusetts,2020-09-27,109181659.19999999,Beverages
Massachusetts,2020-10-05,109906368.0,Beverages
Massachusetts,2020-10-18,104434741.5,Beverages
Massachusetts,2020-10-25,103649446.0,Beverages
Massachusetts,2020-11-10,106668504.3,Beverages
Massachusetts,2020-11-15,105674941.0,Beverages
Massachusetts,2020-11-22,106618338.60000001,Beverages
Massachusetts,2020-11-29,105979943.4,Beverages
Massachusetts,2020-12-01,97046660.0,Beverages
Massachusetts,2020-12-04,105781834.7,Beverages
Massachusetts,2020-12-07,120946165.1,Beverages
Massachusetts,2020-12-13,105601029.7,Beverages
Massachusetts,2020-12-20,107378984.10000001,Beverages
Massachusetts,2020-12-27,107240559.69999999,Beverages
Massachusetts,2021-01-08,129061307.7,Beverages
Massachusetts,2021-01-17,105181889.69999999,Beverages
Massachusetts,2021-01-24,101011303.9,Beverages
Massachusetts,2021-01-31,101284679.7,Beverages
Massachusetts,2021-02-05,111117669.10000001,Beverages
Massachusetts,2021-02-14,101586369.5,Beverages
Massachusetts,2021-02-21,101300591.9,Beverages
Massachusetts,2021-02-28,104298974.5,Beverages
Massachusetts,2021-03-01,100200811.5,Beverages
Massachusetts,2021-03-10,165592566.4,Beverages
Massachusetts,2021-03-14,129799070.5,Beverages
Massachusetts,2021-03-21,125122200.19999999,Beverages
Massachusetts,2021-03-28,108325975.89999999,Beverages
Massachusetts,2021-04-04,111306105.69999999,Beverages
Massachusetts,2021-04-07,130187265.9,Beverages
Massachusetts,2021-04-18,107478310.8,Beverages
Massachusetts,2021-04-25,107558960.10000001,Beverages
Massachusetts,2021-05-09,123991822.10000001,Beverages
Massachusetts,2021-05-12,158595895.3,Beverages
Massachusetts,2021-05-16,115585389.7,Beverages
Massachusetts,2021-05-23,124162313.9,Beverages
Massachusetts,2021-05-30,123610501.0,Beverages
Massachusetts,2021-06-06,122917889.3,Beverages
Massachusetts,2021-06-13,129161969.7,Beverages
Massachusetts,2021-06-20,127096547.69999999,Beverages
Massachusetts,2021-06-27,126489172.5,Beverages
Massachusetts,2021-07-02,105261774.4,Beverages
Massachusetts,2021-07-03,112113204.1,Beverages
Massachusetts,2021-07-11,164369047.4,Beverages
Massachusetts,2021-07-18,122629909.0,Beverages
Massachusetts,2021-07-25,126815289.2,Beverages
Massachusetts,2021-08-08,131700960.10000001,Beverages
Massachusetts,2021-08-15,132546156.0,Beverages
Massachusetts,2021-08-22,127194933.3,Beverages
Massachusetts,2021-08-29,123227747.3,Beverages
Massachusetts,2021-09-05,115952141.3,Beverages
Massachusetts,2021-09-19,118252909.5,Beverages
Massachusetts,2021-09-26,116054677.9,Beverages
Massachusetts,2021-10-01,101930997.0,Beverages
Massachusetts,2021-10-10,168719601.00000003,Beverages
Massachusetts,2021-10-17,163959288.0,Beverages
Massachusetts,2021-10-24,159998296.29999998,Beverages
Massachusetts,2021-10-31,156339095.0,Beverages
Massachusetts,2021-11-04,110485618.7,Beverages
Massachusetts,2021-11-07,123103940.1,Beverages
Massachusetts,2021-11-14,166340125.20000002,Beverages
Massachusetts,2021-11-21,166372087.3,Beverages
Massachusetts,2021-11-28,156827506.20000002,Beverages
Massachusetts,2021-12-09,122654220.3,Beverages
Massachusetts,2021-12-12,164054125.5,Beverages
Massachusetts,2021-12-19,170030426.49999997,Beverages
Massachusetts,2021-12-26,166617350.5,Beverages
Massachusetts,2022-01-05,167023123.20000002,Beverages
Massachusetts,2022-01-16,164439406.4,Beverages
Massachusetts,2022-01-23,153540342.1,Beverages
Massachusetts,2022-01-30,161443006.2,Beverages
Massachusetts,2022-02-01,153065562.7,Beverages
Massachusetts,2022-02-10,173632118.00000003,Beverages
Massachusetts,2022-02-13,159118510.0,Beverages
Massachusetts,2022-02-20,154232600.29999998,Beverages
Massachusetts,2022-02-27,157138186.1,Beverages
Massachusetts,2022-03-04,167967264.40000004,Beverages
Massachusetts,2022-03-07,204951137.79999998,Beverages
Massachusetts,2022-03-13,163037760.20000002,Beverages
Massachusetts,2022-03-20,163395006.10000002,Beverages
Massachusetts,2022-03-27,162460275.79999998,Beverages
Massachusetts,2022-04-09,191887582.29999998,Beverages
Massachusetts,2022-04-12,166677967.6,Beverages
Massachusetts,2022-04-17,172565018.49999997,Beverages
Massachusetts,2022-04-24,158701796.1,Beverages
Massachusetts,2022-05-06,186095042.9,Beverages
Massachusetts,2022-05-15,177877294.2,Beverages
Massachusetts,2022-05-22,189028815.6,Beverages
Massachusetts,2022-05-29,185048235.79999998,Beverages
Massachusetts,2022-06-02,158406497.3,Beverages
Massachusetts,2022-06-03,163066212.2,Beverages
Massachusetts,2022-06-11,176404236.0,Beverages
Massachusetts,2022-06-19,188196405.10000002,Beverages
Massachusetts,2022-06-26,187493717.4,Beverages
Massachusetts,2022-07-08,202942318.00000003,Beverages
Massachusetts,2022-07-17,193560294.50000003,Beverages
Massachusetts,2022-07-24,195271674.7,Beverages
Massachusetts,2022-07-31,196278490.0,Beverages
Massachusetts,2022-08-05,176540604.5,Beverages
Massachusetts,2022-08-14,196904700.5,Beverages
Massachusetts,2022-08-21,193340172.89999998,Beverages
Massachusetts,2022-08-28,188222736.79999998,Beverages
Massachusetts,2022-09-01,158862330.60000002,Beverages
Massachusetts,2022-09-10,178377596.90000004,Beverages
Massachusetts,2022-09-18,181562852.29999998,Beverages
Massachusetts,2022-09-25,175969773.0,Beverages
Massachusetts,2022-10-04,170005396.2,Beverages
Massachusetts,2022-10-07,193110484.8,Beverages
Massachusetts,2022-10-16,176001419.79999998,Beverages
Massachusetts,2022-10-23,171676982.4,Beverages
Massachusetts,2022-10-30,167136325.4,Beverages
Massachusetts,2022-11-09,184280869.79999995,Beverages
Massachusetts,2022-11-12,177121214.2,Beverages
Massachusetts,2022-11-13,176252526.39999998,Beverages
Massachusetts,2022-11-20,176237995.1,Beverages
Massachusetts,2022-11-27,174763673.70000002,Beverages
Massachusetts,2022-12-06,193394268.29999998,Beverages
Massachusetts,2022-12-18,178862351.39999998,Beverages
Massachusetts,2022-12-25,186342066.29999998,Beverages
Massachusetts,2023-01-01,160477106.2,Beverages
Massachusetts,2023-01-15,171327112.7,Beverages
Massachusetts,2023-01-22,165436773.0,Beverages
Massachusetts,2023-01-29,168952906.9,Beverages
Massachusetts,2023-02-04,173074200.70000002,Beverages
Massachusetts,2023-02-19,168441551.8,Beverages
Massachusetts,2023-02-26,167491555.60000002,Beverages
Massachusetts,2023-03-19,193309288.9,Beverages
Massachusetts,2023-03-26,171791059.2,Beverages
Massachusetts,2023-04-16,186665074.60000002,Beverages
Massachusetts,2023-04-23,175645877.9,Beverages
Massachusetts,2023-04-30,178048133.79999998,Beverages
Massachusetts,2023-05-02,166383017.89999998,Beverages
Massachusetts,2023-05-03,178456877.60000002,Beverages
Massachusetts,2023-07-05,189283131.7,Beverages
Massachusetts,2023-08-01,171797787.4,Beverages
Massachusetts,2023-09-04,186152612.70000002,Beverages
Massachusetts,2023-12-02,172523685.8,Beverages
Massachusetts,2023-12-03,198158712.2,Beverages
Michigan,2019-01-12,161601849.1,Beverages
Michigan,2019-03-11,160641810.0,Beverages
Michigan,2019-06-10,162440135.29999998,Beverages
Michigan,2019-08-12,160909876.9,Beverages
Michigan,2019-10-11,155458753.9,Beverages
Michigan,2019-10-13,168139636.39999998,Beverages
Michigan,2019-10-20,160589165.70000002,Beverages
Michigan,2019-10-27,158253213.5,Beverages
Michigan,2019-11-17,160513280.4,Beverages
Michigan,2019-11-24,165476023.0,Beverages
Michigan,2019-12-15,162990876.20000002,Beverages
Michigan,2019-12-22,177117116.60000002,Beverages
Michigan,2019-12-29,164138401.5,Beverages
Michigan,2020-01-03,160937017.5,Beverages
Michigan,2020-01-11,169836316.3,Beverages
Michigan,2020-01-19,163068416.8,Beverages
Michigan,2020-01-26,155634421.4,Beverages
Michigan,2020-02-02,158579174.5,Beverages
Michigan,2020-02-08,195412527.9,Beverages
Michigan,2020-02-16,159950055.9,Beverages
Michigan,2020-02-23,160533881.5,Beverages
Michigan,2020-03-05,173001965.10000002,Beverages
Michigan,2020-03-15,193774522.8,Beverages
Michigan,2020-03-22,183042983.89999998,Beverages
Michigan,2020-03-29,159059103.79999998,Beverages
Michigan,2020-04-10,171357368.2,Beverages
Michigan,2020-04-19,167545769.4,Beverages
Michigan,2020-04-26,168937387.2,Beverages
Michigan,2020-05-01,160060281.0,Beverages
Michigan,2020-05-04,161383566.6,Beverages
Michigan,2020-05-07,225361219.0,Beverages
Michigan,2020-05-17,179738021.3,Beverages
Michigan,2020-05-24,192231242.8,Beverages
Michigan,2020-05-31,186690850.39999998,Beverages
Michigan,2020-06-09,182313621.5,Beverages
Michigan,2020-06-12,167074283.5,Beverages
Michigan,2020-06-14,193843110.3,Beverages
Michigan,2020-06-21,199111018.0,Beverages
Michigan,2020-06-28,203494178.60000002,Beverages
Michigan,2020-07-06,195960018.2,Beverages
Michigan,2020-07-19,205059563.5,Beverages
Michigan,2020-07-26,197142081.39999998,Beverages
Michigan,2020-08-03,169691116.8,Beverages
Michigan,2020-08-11,170455153.70000002,Beverages
Michigan,2020-08-16,197251508.9,Beverages
Michigan,2020-08-23,190621388.6,Beverages
Michigan,2020-08-30,190178820.4,Beverages
Michigan,2020-09-02,156307498.0,Beverages
Michigan,2020-09-08,193099997.2,Beverages
Michigan,2020-09-13,175433574.8,Beverages
Michigan,2020-09-20,177142088.2,Beverages
Michigan,2020-09-27,178833439.89999998,Beverages
Michigan,2020-10-05,179161367.89999998,Beverages
Michigan,2020-10-18,169329451.79999998,Beverages
Michigan,2020-10-25,169076115.4,Beverages
Michigan,2020-11-10,174354212.2,Beverages
Michigan,2020-11-15,175140544.0,Beverages
Michigan,2020-11-22,175298865.9,Beverages
Michigan,2020-11-29,171246210.60000002,Beverages
Michigan,2020-12-01,159009553.2,Beverages
Michigan,2020-12-04,168931513.2,Beverages
Michigan,2020-12-07,201011506.6,Beverages
Michigan,2020-12-13,170268475.79999998,Beverages
Michigan,2020-12-20,179747535.79999998,Beverages
Michigan,2020-12-27,175213629.3,Beverages
Michigan,2021-01-08,208089144.7,Beverages
Michigan,2021-01-17,172757738.1,Beverages
Michigan,2021-01-24,164797690.7,Beverages
Michigan,2021-01-31,168703716.9,Beverages
Michigan,2021-02-05,187527660.0,Beverages
Michigan,2021-02-14,166337862.39999998,Beverages
Michigan,2021-02-21,166888781.89999998,Beverages
Michigan,2021-02-28,171250580.9,Beverages
Michigan,2021-03-01,167656813.3,Beverages
Michigan,2021-03-10,272388963.00000006,Beverages
Michigan,2021-03-14,203367036.20000002,Beverages
Michigan,2021-03-21,197126612.4,Beverages
Michigan,2021-03-28,175334447.79999998,Beverages
Michigan,2021-04-04,178056650.0,Beverages
Michigan,2021-04-07,234922042.1,Beverages
Michigan,2021-04-18,176226692.4,Beverages
Michigan,2021-04-25,179434937.0,Beverages
Michigan,2021-05-09,205489318.39999998,Beverages
Michigan,2021-05-12,256907912.39999998,Beverages
Michigan,2021-05-16,188840159.29999998,Beverages
Michigan,2021-05-23,209732475.9,Beverages
Michigan,2021-05-30,208722390.79999998,Beverages
Michigan,2021-06-06,206905513.5,Beverages
Michigan,2021-06-13,212793406.5,Beverages
Michigan,2021-06-20,216301357.9,Beverages
Michigan,2021-06-27,203598153.79999998,Beverages
Michigan,2021-07-02,167159464.5,Beverages
Michigan,2021-07-03,176250345.10000002,Beverages
Michigan,2021-07-11,262312013.5,Beverages
Michigan,2021-07-18,210437919.7,Beverages
Michigan,2021-07-25,211852514.2,Beverages
Michigan,2021-08-08,203345532.70000002,Beverages
Michigan,2021-08-15,211394866.5,Beverages
Michigan,2021-08-22,210581436.29999998,Beverages
Michigan,2021-08-29,211585140.6,Beverages
Michigan,2021-09-05,189621245.20000002,Beverages
Michigan,2021-09-19,192769391.2,Beverages
Michigan,2021-09-26,192597473.2,Beverages
Michigan,2021-10-01,168509581.3,Beverages
Michigan,2021-10-10,272107322.1,Beverages
Michigan,2021-10-17,266644798.20000002,Beverages
Michigan,2021-10-24,265041403.8,Beverages
Michigan,2021-10-31,264137984.9,Beverages
Michigan,2021-11-04,177152744.5,Beverages
Michigan,2021-11-07,211704347.4,Beverages
Michigan,2021-11-14,270617456.9,Beverages
Michigan,2021-11-21,272869739.8,Beverages
Michigan,2021-11-28,258449518.5,Beverages
Michigan,2021-12-09,190209866.0,Beverages
Michigan,2021-12-12,263995026.79999998,Beverages
Michigan,2021-12-19,280540700.4,Beverages
Michigan,2021-12-26,272997721.3,Beverages
Michigan,2022-01-05,282586895.0,Beverages
Michigan,2022-01-16,267939091.2,Beverages
Michigan,2022-01-23,260937457.79999998,Beverages
Michigan,2022-01-30,258918926.79999998,Beverages
Michigan,2022-02-01,258795361.2,Beverages
Michigan,2022-02-10,282399898.79999995,Beverages
Michigan,2022-02-13,259641533.9,Beverages
Michigan,2022-02-20,255986593.6,Beverages
Michigan,2022-02-27,263844273.0,Beverages
Michigan,2022-03-04,269775008.9,Beverages
Michigan,2022-03-07,336691119.79999995,Beverages
Michigan,2022-03-13,272357557.8,Beverages
Michigan,2022-03-20,270874843.00000006,Beverages
Michigan,2022-03-27,271333898.8,Beverages
Michigan,2022-04-09,304680805.2,Beverages
Michigan,2022-04-12,267733289.00000003,Beverages
Michigan,2022-04-17,287040671.2,Beverages
Michigan,2022-04-24,275580397.49999994,Beverages
Michigan,2022-05-06,306853011.59999996,Beverages
Michigan,2022-05-15,300641016.3000001,Beverages
Michigan,2022-05-22,314840283.6,Beverages
Michigan,2022-05-29,306388134.7,Beverages
Michigan,2022-06-02,259324078.49999997,Beverages
Michigan,2022-06-03,267495330.39999998,Beverages
Michigan,2022-06-11,271352831.1,Beverages
Michigan,2022-06-19,320570866.6,Beverages
Michigan,2022-06-26,316322910.7,Beverages
Michigan,2022-07-08,311504645.3999999,Beverages
Michigan,2022-07-17,313980317.4,Beverages
Michigan,2022-07-24,317499495.2,Beverages
Michigan,2022-07-31,310660974.6,Beverages
Michigan,2022-08-05,285495849.9,Beverages
Michigan,2022-08-14,312440271.50000006,Beverages
Michigan,2022-08-21,314265560.40000004,Beverages
Michigan,2022-08-28,315632708.40000004,Beverages
Michigan,2022-09-01,253295724.1,Beverages
Michigan,2022-09-10,286499167.7,Beverages
Michigan,2022-09-18,294166542.09999996,Beverages
Michigan,2022-09-25,288160494.49999994,Beverages
Michigan,2022-10-04,272790229.8,Beverages
Michigan,2022-10-07,307970545.1999999,Beverages
Michigan,2022-10-16,279710140.70000005,Beverages
Michigan,2022-10-23,278567340.09999996,Beverages
Michigan,2022-10-30,278843204.7,Beverages
Michigan,2022-11-09,294312536.90000004,Beverages
Michigan,2022-11-12,274538192.4,Beverages
Michigan,2022-11-13,278438332.70000005,Beverages
Michigan,2022-11-20,281746512.7,Beverages
Michigan,2022-11-27,283287868.59999996,Beverages
Michigan,2022-12-06,308788146.09999996,Beverages
Michigan,2022-12-18,289247308.70000005,Beverages
Michigan,2022-12-25,306638295.2,Beverages
Michigan,2023-01-01,265936217.9,Beverages
Michigan,2023-01-15,271479463.6999999,Beverages
Michigan,2023-01-22,267805472.4,Beverages
Michigan,2023-01-29,268217253.9,Beverages
Michigan,2023-02-04,270892076.90000004,Beverages
Michigan,2023-02-19,271158932.50000006,Beverages
Michigan,2023-02-26,278286361.4,Beverages
Michigan,2023-03-19,298998448.1,Beverages
Michigan,2023-03-26,274857747.70000005,Beverages
Michigan,2023-04-16,294447762.3,Beverages
Michigan,2023-04-23,290478740.3,Beverages
Michigan,2023-04-30,293332903.3,Beverages
Michigan,2023-05-02,269131633.29999995,Beverages
Michigan,2023-05-03,285143961.5,Beverages
Michigan,2023-07-05,302279585.8,Beverages
Michigan,2023-08-01,260463422.2,Beverages
Michigan,2023-09-04,289077746.49999994,Beverages
Michigan,2023-12-02,277413869.8,Beverages
Michigan,2023-12-03,307906236.8,Beverages
Minnesota,2019-01-12,85728575.2,Beverages
Minnesota,2019-03-11,86713263.5,Beverages
Minnesota,2019-06-10,86019275.10000001,Beverages
Minnesota,2019-08-12,84846098.4,Beverages
Minnesota,2019-10-11,84792561.60000001,Beverages
Minnesota,2019-10-13,85073031.80000001,Beverages
Minnesota,2019-10-20,86824087.2,Beverages
Minnesota,2019-10-27,85277457.8,Beverages
Minnesota,2019-11-17,88150642.0,Beverages
Minnesota,2019-11-24,88882997.3,Beverages
Minnesota,2019-12-15,89138966.1,Beverages
Minnesota,2019-12-22,97405941.7,Beverages
Minnesota,2019-12-29,85599586.1,Beverages
Minnesota,2020-01-03,87428013.6,Beverages
Minnesota,2020-01-11,90227673.6,Beverages
Minnesota,2020-01-19,83780774.39999999,Beverages
Minnesota,2020-01-26,83457389.3,Beverages
Minnesota,2020-02-02,86519041.4,Beverages
Minnesota,2020-02-08,103683539.0,Beverages
Minnesota,2020-02-16,84249164.1,Beverages
Minnesota,2020-02-23,85538889.4,Beverages
Minnesota,2020-03-05,98819370.0,Beverages
Minnesota,2020-03-15,98503915.5,Beverages
Minnesota,2020-03-22,100365403.9,Beverages
Minnesota,2020-03-29,89170024.9,Beverages
Minnesota,2020-04-10,90137230.7,Beverages
Minnesota,2020-04-19,95089557.2,Beverages
Minnesota,2020-04-26,93791800.3,Beverages
Minnesota,2020-05-01,84911771.6,Beverages
Minnesota,2020-05-04,86761913.3,Beverages
Minnesota,2020-05-07,113631395.2,Beverages
Minnesota,2020-05-17,99939396.6,Beverages
Minnesota,2020-05-24,105025249.39999999,Beverages
Minnesota,2020-05-31,100116563.2,Beverages
Minnesota,2020-06-09,97276162.3,Beverages
Minnesota,2020-06-12,88823001.39999999,Beverages
Minnesota,2020-06-14,106339901.19999999,Beverages
Minnesota,2020-06-21,104235251.2,Beverages
Minnesota,2020-06-28,108051410.9,Beverages
Minnesota,2020-07-06,110837792.9,Beverages
Minnesota,2020-07-19,106131720.8,Beverages
Minnesota,2020-07-26,102315870.9,Beverages
Minnesota,2020-08-03,93072469.5,Beverages
Minnesota,2020-08-11,92381902.8,Beverages
Minnesota,2020-08-16,100593499.30000001,Beverages
Minnesota,2020-08-23,100912473.5,Beverages
Minnesota,2020-08-30,101213004.39999999,Beverages
Minnesota,2020-09-02,83420523.60000001,Beverages
Minnesota,2020-09-08,102633993.7,Beverages
Minnesota,2020-09-13,90902813.0,Beverages
Minnesota,2020-09-20,94896309.9,Beverages
Minnesota,2020-09-27,93622893.2,Beverages
Minnesota,2020-10-05,100800108.7,Beverages
Minnesota,2020-10-18,91361911.3,Beverages
Minnesota,2020-10-25,88195717.4,Beverages
Minnesota,2020-11-10,92733965.8,Beverages
Minnesota,2020-11-15,90527955.0,Beverages
Minnesota,2020-11-22,94588918.7,Beverages
Minnesota,2020-11-29,90436876.3,Beverages
Minnesota,2020-12-01,84123001.1,Beverages
Minnesota,2020-12-04,91817825.2,Beverages
Minnesota,2020-12-07,102530352.5,Beverages
Minnesota,2020-12-13,91835638.7,Beverages
Minnesota,2020-12-20,97675929.4,Beverages
Minnesota,2020-12-27,91777387.2,Beverages
Minnesota,2021-01-08,110440238.2,Beverages
Minnesota,2021-01-17,89602683.1,Beverages
Minnesota,2021-01-24,88667427.0,Beverages
Minnesota,2021-01-31,90183510.39999999,Beverages
Minnesota,2021-02-05,103977710.5,Beverages
Minnesota,2021-02-14,86753736.4,Beverages
Minnesota,2021-02-21,88350365.5,Beverages
Minnesota,2021-02-28,92126305.6,Beverages
Minnesota,2021-03-01,90331995.9,Beverages
Minnesota,2021-03-10,142310493.89999998,Beverages
Minnesota,2021-03-14,104257440.8,Beverages
Minnesota,2021-03-21,104974233.7,Beverages
Minnesota,2021-03-28,92657849.8,Beverages
Minnesota,2021-04-04,94421283.1,Beverages
Minnesota,2021-04-07,122951159.5,Beverages
Minnesota,2021-04-18,93521570.4,Beverages
Minnesota,2021-04-25,100056678.80000001,Beverages
Minnesota,2021-05-09,106419903.7,Beverages
Minnesota,2021-05-12,136907437.6,Beverages
Minnesota,2021-05-16,104100075.3,Beverages
Minnesota,2021-05-23,110002059.8,Beverages
Minnesota,2021-05-30,109039999.0,Beverages
Minnesota,2021-06-06,115436091.2,Beverages
Minnesota,2021-06-13,117915847.60000001,Beverages
Minnesota,2021-06-20,114274508.7,Beverages
Minnesota,2021-06-27,111124011.1,Beverages
Minnesota,2021-07-02,90126132.69999999,Beverages
Minnesota,2021-07-03,93828613.1,Beverages
Minnesota,2021-07-11,139426569.4,Beverages
Minnesota,2021-07-18,111405610.6,Beverages
Minnesota,2021-07-25,111300950.8,Beverages
Minnesota,2021-08-08,107412087.5,Beverages
Minnesota,2021-08-15,108478416.19999999,Beverages
Minnesota,2021-08-22,109695212.10000001,Beverages
Minnesota,2021-08-29,106212318.0,Beverages
Minnesota,2021-09-05,105321958.39999999,Beverages
Minnesota,2021-09-19,101096974.6,Beverages
Minnesota,2021-09-26,101130925.3,Beverages
Minnesota,2021-10-01,89294777.10000001,Beverages
Minnesota,2021-10-10,142365708.00000003,Beverages
Minnesota,2021-10-17,141654269.0,Beverages
Minnesota,2021-10-24,138827290.5,Beverages
Minnesota,2021-10-31,139945356.4,Beverages
Minnesota,2021-11-04,95832543.9,Beverages
Minnesota,2021-11-07,106159314.7,Beverages
Minnesota,2021-11-14,142219907.39999998,Beverages
Minnesota,2021-11-21,144134749.20000002,Beverages
Minnesota,2021-11-28,135947925.5,Beverages
Minnesota,2021-12-09,98946363.0,Beverages
Minnesota,2021-12-12,143149995.4,Beverages
Minnesota,2021-12-19,150556757.4,Beverages
Minnesota,2021-12-26,143077720.50000003,Beverages
Minnesota,2022-01-05,149729276.50000003,Beverages
Minnesota,2022-01-16,138917296.8,Beverages
Minnesota,2022-01-23,137356427.50000003,Beverages
Minnesota,2022-01-30,137044186.7,Beverages
Minnesota,2022-02-01,136647628.20000002,Beverages
Minnesota,2022-02-10,147925689.10000002,Beverages
Minnesota,2022-02-13,137682763.40000004,Beverages
Minnesota,2022-02-20,137238387.0,Beverages
Minnesota,2022-02-27,137778766.9,Beverages
Minnesota,2022-03-04,146116218.3,Beverages
Minnesota,2022-03-07,177884741.6,Beverages
Minnesota,2022-03-13,139805621.6,Beverages
Minnesota,2022-03-20,143171251.79999998,Beverages
Minnesota,2022-03-27,140142115.6,Beverages
Minnesota,2022-04-09,158827611.0,Beverages
Minnesota,2022-04-12,141815147.00000003,Beverages
Minnesota,2022-04-17,154502101.99999997,Beverages
Minnesota,2022-04-24,143095708.0,Beverages
Minnesota,2022-05-06,168279110.50000003,Beverages
Minnesota,2022-05-15,161717721.4,Beverages
Minnesota,2022-05-22,163927825.99999997,Beverages
Minnesota,2022-05-29,164135790.7,Beverages
Minnesota,2022-06-02,136857025.29999995,Beverages
Minnesota,2022-06-03,143332612.0,Beverages
Minnesota,2022-06-11,147112422.9,Beverages
Minnesota,2022-06-19,169844069.0,Beverages
Minnesota,2022-06-26,170761157.39999998,Beverages
Minnesota,2022-07-08,164476855.6,Beverages
Minnesota,2022-07-17,168999832.29999998,Beverages
Minnesota,2022-07-24,167503484.39999998,Beverages
Minnesota,2022-07-31,165469004.6,Beverages
Minnesota,2022-08-05,156582183.29999998,Beverages
Minnesota,2022-08-14,162917110.50000003,Beverages
Minnesota,2022-08-21,161040273.9,Beverages
Minnesota,2022-08-28,157247429.20000002,Beverages
Minnesota,2022-09-01,136449092.2,Beverages
Minnesota,2022-09-10,149476005.6,Beverages
Minnesota,2022-09-18,155422656.5,Beverages
Minnesota,2022-09-25,150349561.3,Beverages
Minnesota,2022-10-04,143712010.69999996,Beverages
Minnesota,2022-10-07,160262968.4,Beverages
Minnesota,2022-10-16,148281617.60000002,Beverages
Minnesota,2022-10-23,146004888.70000002,Beverages
Minnesota,2022-10-30,145187253.0,Beverages
Minnesota,2022-11-09,152012108.79999998,Beverages
Minnesota,2022-11-12,147925774.60000002,Beverages
Minnesota,2022-11-13,145251407.20000002,Beverages
Minnesota,2022-11-20,148888192.9,Beverages
Minnesota,2022-11-27,149075119.89999998,Beverages
Minnesota,2022-12-06,173059131.29999998,Beverages
Minnesota,2022-12-18,155565499.99999997,Beverages
Minnesota,2022-12-25,158967122.49999997,Beverages
Minnesota,2023-01-01,142235160.7,Beverages
Minnesota,2023-01-15,146028384.1,Beverages
Minnesota,2023-01-22,142633405.5,Beverages
Minnesota,2023-01-29,143647987.4,Beverages
Minnesota,2023-02-04,145671348.70000002,Beverages
Minnesota,2023-02-19,144808511.1,Beverages
Minnesota,2023-02-26,145381582.49999997,Beverages
Minnesota,2023-03-19,160661472.60000002,Beverages
Minnesota,2023-03-26,148335592.8,Beverages
Minnesota,2023-04-16,156591378.3,Beverages
Minnesota,2023-04-23,153923320.5,Beverages
Minnesota,2023-04-30,160640376.20000002,Beverages
Minnesota,2023-05-02,142903528.29999998,Beverages
Minnesota,2023-05-03,150408045.00000003,Beverages
Minnesota,2023-07-05,168499755.1,Beverages
Minnesota,2023-08-01,139611641.3,Beverages
Minnesota,2023-09-04,158004187.3,Beverages
Minnesota,2023-12-02,149857577.8,Beverages
Minnesota,2023-12-03,159753821.00000003,Beverages
Mississippi,2019-01-12,37637324.0,Beverages
Mississippi,2019-03-11,36599073.0,Beverages
Mississippi,2019-06-10,44056171.0,Beverages
Mississippi,2019-08-12,36069396.0,Beverages
Mississippi,2019-10-11,38349706.0,Beverages
Mississippi,2019-10-13,41552217.0,Beverages
Mississippi,2019-10-20,38851699.0,Beverages
Mississippi,2019-10-27,36538417.0,Beverages
Mississippi,2019-11-17,36392273.0,Beverages
Mississippi,2019-11-24,38443750.0,Beverages
Mississippi,2019-12-15,35860883.0,Beverages
Mississippi,2019-12-22,37353845.0,Beverages
Mississippi,2019-12-29,35853471.0,Beverages
Mississippi,2020-01-03,74436057.9,Beverages
Mississippi,2020-01-11,75112490.9,Beverages
Mississippi,2020-01-19,70297794.5,Beverages
Mississippi,2020-01-26,68431295.69999999,Beverages
Mississippi,2020-02-02,70528160.1,Beverages
Mississippi,2020-02-08,84643249.2,Beverages
Mississippi,2020-02-16,68943574.5,Beverages
Mississippi,2020-02-23,67299689.1,Beverages
Mississippi,2020-03-05,80084004.30000001,Beverages
Mississippi,2020-03-15,80995358.8,Beverages
Mississippi,2020-03-22,83519431.3,Beverages
Mississippi,2020-03-29,72978266.80000001,Beverages
Mississippi,2020-04-10,84063070.10000001,Beverages
Mississippi,2020-04-19,74645567.5,Beverages
Mississippi,2020-04-26,74321523.5,Beverages
Mississippi,2020-05-01,68052452.1,Beverages
Mississippi,2020-05-04,77455655.19999999,Beverages
Mississippi,2020-05-07,88490037.2,Beverages
Mississippi,2020-05-17,81316607.2,Beverages
Mississippi,2020-05-24,85387818.5,Beverages
Mississippi,2020-05-31,83005767.8,Beverages
Mississippi,2020-06-09,88797296.3,Beverages
Mississippi,2020-06-12,72702237.2,Beverages
Mississippi,2020-06-14,84243208.69999999,Beverages
Mississippi,2020-06-21,85725634.5,Beverages
Mississippi,2020-06-28,83644913.5,Beverages
Mississippi,2020-07-06,85302923.7,Beverages
Mississippi,2020-07-19,84440405.8,Beverages
Mississippi,2020-07-26,83261697.3,Beverages
Mississippi,2020-08-03,76961884.7,Beverages
Mississippi,2020-08-11,78938981.2,Beverages
Mississippi,2020-08-16,87084174.0,Beverages
Mississippi,2020-08-23,85014742.7,Beverages
Mississippi,2020-08-30,82928450.1,Beverages
Mississippi,2020-09-02,71994582.2,Beverages
Mississippi,2020-09-08,88015156.9,Beverages
Mississippi,2020-09-13,86952828.5,Beverages
Mississippi,2020-09-20,85302067.5,Beverages
Mississippi,2020-09-27,80731913.4,Beverages
Mississippi,2020-10-05,80520034.60000001,Beverages
Mississippi,2020-10-18,78326190.0,Beverages
Mississippi,2020-10-25,76949398.9,Beverages
Mississippi,2020-11-10,82272528.10000001,Beverages
Mississippi,2020-11-15,76427038.7,Beverages
Mississippi,2020-11-22,78777516.1,Beverages
Mississippi,2020-11-29,74642425.0,Beverages
Mississippi,2020-12-01,70894239.1,Beverages
Mississippi,2020-12-04,73920525.10000001,Beverages
Mississippi,2020-12-07,84387136.0,Beverages
Mississippi,2020-12-13,73894361.39999999,Beverages
Mississippi,2020-12-20,75204508.2,Beverages
Mississippi,2020-12-27,74054030.5,Beverages
Mississippi,2021-01-08,87989099.5,Beverages
Mississippi,2021-01-17,73378113.5,Beverages
Mississippi,2021-01-24,71537283.6,Beverages
Mississippi,2021-01-31,71007272.19999999,Beverages
Mississippi,2021-02-05,80162039.4,Beverages
Mississippi,2021-02-14,72133584.10000001,Beverages
Mississippi,2021-02-21,65114278.3,Beverages
Mississippi,2021-02-28,77157318.7,Beverages
Mississippi,2021-03-01,72374352.5,Beverages
Mississippi,2021-03-10,81310912.89999999,Beverages
Mississippi,2021-03-14,84884719.7,Beverages
Mississippi,2021-03-21,84883463.2,Beverages
Mississippi,2021-03-28,73043661.3,Beverages
Mississippi,2021-04-04,78613964.2,Beverages
Mississippi,2021-04-07,89465561.30000001,Beverages
Mississippi,2021-04-18,75186878.9,Beverages
Mississippi,2021-04-25,76356585.5,Beverages
Mississippi,2021-05-09,90661871.1,Beverages
Mississippi,2021-05-12,76082821.89999999,Beverages
Mississippi,2021-05-16,80190784.3,Beverages
Mississippi,2021-05-23,83026105.8,Beverages
Mississippi,2021-05-30,83526279.9,Beverages
Mississippi,2021-06-06,84919030.7,Beverages
Mississippi,2021-06-13,83357018.3,Beverages
Mississippi,2021-06-20,88850382.2,Beverages
Mississippi,2021-06-27,83858613.8,Beverages
Mississippi,2021-07-02,73886810.0,Beverages
Mississippi,2021-07-03,77050480.60000001,Beverages
Mississippi,2021-07-11,81938577.6,Beverages
Mississippi,2021-07-18,87160318.10000001,Beverages
Mississippi,2021-07-25,85932975.8,Beverages
Mississippi,2021-08-08,90401765.6,Beverages
Mississippi,2021-08-15,89407334.39999999,Beverages
Mississippi,2021-08-22,88266535.4,Beverages
Mississippi,2021-08-29,88796968.5,Beverages
Mississippi,2021-09-05,83166643.7,Beverages
Mississippi,2021-09-19,83689759.1,Beverages
Mississippi,2021-09-26,79384216.8,Beverages
Mississippi,2021-10-01,74935324.1,Beverages
Mississippi,2021-10-10,84218998.2,Beverages
Mississippi,2021-10-17,83952608.2,Beverages
Mississippi,2021-10-24,82838944.69999999,Beverages
Mississippi,2021-10-31,78428831.7,Beverages
Mississippi,2021-11-04,75948633.30000001,Beverages
Mississippi,2021-11-07,83019369.7,Beverages
Mississippi,2021-11-14,81282713.8,Beverages
Mississippi,2021-11-21,81753712.8,Beverages
Mississippi,2021-11-28,77581364.5,Beverages
Mississippi,2021-12-09,87545104.3,Beverages
Mississippi,2021-12-12,77581163.89999999,Beverages
Mississippi,2021-12-19,79507132.3,Beverages
Mississippi,2021-12-26,80883670.0,Beverages
Mississippi,2022-01-05,126600178.0,Beverages
Mississippi,2022-01-16,113551276.89999999,Beverages
Mississippi,2022-01-23,109174947.5,Beverages
Mississippi,2022-01-30,109188689.19999999,Beverages
Mississippi,2022-02-01,110968258.0,Beverages
Mississippi,2022-02-10,129796112.3,Beverages
Mississippi,2022-02-13,113033144.80000001,Beverages
Mississippi,2022-02-20,106562404.49999999,Beverages
Mississippi,2022-02-27,120831667.10000001,Beverages
Mississippi,2022-03-04,122095738.69999999,Beverages
Mississippi,2022-03-07,136207449.5,Beverages
Mississippi,2022-03-13,121263063.2,Beverages
Mississippi,2022-03-20,122723018.4,Beverages
Mississippi,2022-03-27,119940036.4,Beverages
Mississippi,2022-04-09,138658756.0,Beverages
Mississippi,2022-04-12,115121331.8,Beverages
Mississippi,2022-04-17,122894624.0,Beverages
Mississippi,2022-04-24,119312726.70000002,Beverages
Mississippi,2022-05-06,128096227.49999999,Beverages
Mississippi,2022-05-15,127925111.3,Beverages
Mississippi,2022-05-22,132576708.4,Beverages
Mississippi,2022-05-29,129924948.0,Beverages
Mississippi,2022-06-02,113290910.19999999,Beverages
Mississippi,2022-06-03,123696412.8,Beverages
Mississippi,2022-06-11,124153469.4,Beverages
Mississippi,2022-06-19,135929879.5,Beverages
Mississippi,2022-06-26,131695553.0,Beverages
Mississippi,2022-07-08,137049613.6,Beverages
Mississippi,2022-07-17,128249541.60000001,Beverages
Mississippi,2022-07-24,130097352.2,Beverages
Mississippi,2022-07-31,135051986.39999998,Beverages
Mississippi,2022-08-05,128793330.9,Beverages
Mississippi,2022-08-14,136515380.9,Beverages
Mississippi,2022-08-21,132428741.6,Beverages
Mississippi,2022-08-28,131486639.10000001,Beverages
Mississippi,2022-09-01,112145740.89999999,Beverages
Mississippi,2022-09-10,130359053.49999999,Beverages
Mississippi,2022-09-18,129734297.99999999,Beverages
Mississippi,2022-09-25,130304298.50000001,Beverages
Mississippi,2022-10-04,125207942.2,Beverages
Mississippi,2022-10-07,130807997.4,Beverages
Mississippi,2022-10-16,128427930.7,Beverages
Mississippi,2022-10-23,122593677.3,Beverages
Mississippi,2022-10-30,119071386.60000001,Beverages
Mississippi,2022-11-09,133104584.20000002,Beverages
Mississippi,2022-11-12,117254142.7,Beverages
Mississippi,2022-11-13,122102914.29999998,Beverages
Mississippi,2022-11-20,122286981.2,Beverages
Mississippi,2022-11-27,121026307.39999999,Beverages
Mississippi,2022-12-06,129274779.69999999,Beverages
Mississippi,2022-12-18,120542507.6,Beverages
Mississippi,2022-12-25,124193300.10000001,Beverages
Mississippi,2023-01-01,112027973.5,Beverages
Mississippi,2023-01-15,113277510.39999999,Beverages
Mississippi,2023-01-22,111098226.89999999,Beverages
Mississippi,2023-01-29,110578233.6,Beverages
Mississippi,2023-02-04,126251455.8,Beverages
Mississippi,2023-02-19,114050479.60000001,Beverages
Mississippi,2023-02-26,119099292.3,Beverages
Mississippi,2023-03-19,127423751.39999999,Beverages
Mississippi,2023-03-26,119034341.39999999,Beverages
Mississippi,2023-04-16,120893700.60000001,Beverages
Mississippi,2023-04-23,122557412.7,Beverages
Mississippi,2023-04-30,126906992.99999999,Beverages
Mississippi,2023-05-02,114310972.6,Beverages
Mississippi,2023-05-03,125689687.2,Beverages
Mississippi,2023-07-05,132113210.3,Beverages
Mississippi,2023-08-01,112685742.0,Beverages
Mississippi,2023-09-04,122958103.3,Beverages
Mississippi,2023-12-02,116622414.2,Beverages
Mississippi,2023-12-03,129739899.0,Beverages
Missouri,2019-01-12,101366118.1,Beverages
Missouri,2019-03-11,102216388.7,Beverages
Missouri,2019-06-10,111888229.80000001,Beverages
Missouri,2019-08-12,101956160.60000001,Beverages
Missouri,2019-10-11,102978284.5,Beverages
Missouri,2019-10-13,105383406.4,Beverages
Missouri,2019-10-20,105172324.5,Beverages
Missouri,2019-10-27,103986309.89999999,Beverages
Missouri,2019-11-17,104244425.3,Beverages
Missouri,2019-11-24,106955333.5,Beverages
Missouri,2019-12-15,104799080.19999999,Beverages
Missouri,2019-12-22,112573326.8,Beverages
Missouri,2019-12-29,104085174.3,Beverages
Missouri,2020-01-03,106212848.6,Beverages
Missouri,2020-01-11,108363218.69999999,Beverages
Missouri,2020-01-19,99197303.0,Beverages
Missouri,2020-01-26,94975743.10000001,Beverages
Missouri,2020-02-02,102451507.1,Beverages
Missouri,2020-02-08,120643197.69999999,Beverages
Missouri,2020-02-16,99080113.19999999,Beverages
Missouri,2020-02-23,99512942.89999999,Beverages
Missouri,2020-03-05,118208045.4,Beverages
Missouri,2020-03-15,119199349.2,Beverages
Missouri,2020-03-22,121451833.8,Beverages
Missouri,2020-03-29,104915820.3,Beverages
Missouri,2020-04-10,115285441.8,Beverages
Missouri,2020-04-19,115367891.3,Beverages
Missouri,2020-04-26,113425514.4,Beverages
Missouri,2020-05-01,100260344.0,Beverages
Missouri,2020-05-04,112583580.3,Beverages
Missouri,2020-05-07,133882925.9,Beverages
Missouri,2020-05-17,119008041.2,Beverages
Missouri,2020-05-24,124723232.8,Beverages
Missouri,2020-05-31,119399493.0,Beverages
Missouri,2020-06-09,122107583.7,Beverages
Missouri,2020-06-12,108184374.0,Beverages
Missouri,2020-06-14,125420452.39999999,Beverages
Missouri,2020-06-21,125519532.60000001,Beverages
Missouri,2020-06-28,128509528.19999999,Beverages
Missouri,2020-07-06,127937537.6,Beverages
Missouri,2020-07-19,128088848.3,Beverages
Missouri,2020-07-26,124167502.10000001,Beverages
Missouri,2020-08-03,107370253.6,Beverages
Missouri,2020-08-11,112621860.2,Beverages
Missouri,2020-08-16,123662078.3,Beverages
Missouri,2020-08-23,121890878.7,Beverages
Missouri,2020-08-30,121102970.2,Beverages
Missouri,2020-09-02,97937045.1,Beverages
Missouri,2020-09-08,122345675.39999999,Beverages
Missouri,2020-09-13,118947582.4,Beverages
Missouri,2020-09-20,118825053.9,Beverages
Missouri,2020-09-27,115422362.0,Beverages
Missouri,2020-10-05,116614554.4,Beverages
Missouri,2020-10-18,114326213.9,Beverages
Missouri,2020-10-25,110115923.0,Beverages
Missouri,2020-11-10,115422859.8,Beverages
Missouri,2020-11-15,112293116.3,Beverages
Missouri,2020-11-22,115585927.60000001,Beverages
Missouri,2020-11-29,109778470.60000001,Beverages
Missouri,2020-12-01,101623051.89999999,Beverages
Missouri,2020-12-04,112802890.1,Beverages
Missouri,2020-12-07,126230430.9,Beverages
Missouri,2020-12-13,111915489.60000001,Beverages
Missouri,2020-12-20,116101348.89999999,Beverages
Missouri,2020-12-27,113912367.0,Beverages
Missouri,2021-01-08,132578371.3,Beverages
Missouri,2021-01-17,107281946.4,Beverages
Missouri,2021-01-24,106374643.7,Beverages
Missouri,2021-01-31,107265091.1,Beverages
Missouri,2021-02-05,130134582.2,Beverages
Missouri,2021-02-14,105721019.2,Beverages
Missouri,2021-02-21,104928173.0,Beverages
Missouri,2021-02-28,113346368.2,Beverages
Missouri,2021-03-01,108200137.0,Beverages
Missouri,2021-03-10,182835643.2,Beverages
Missouri,2021-03-14,127423362.60000001,Beverages
Missouri,2021-03-21,130041835.0,Beverages
Missouri,2021-03-28,115232279.5,Beverages
Missouri,2021-04-04,124240001.0,Beverages
Missouri,2021-04-07,141538917.5,Beverages
Missouri,2021-04-18,122020893.2,Beverages
Missouri,2021-04-25,123558038.5,Beverages
Missouri,2021-05-09,135476496.4,Beverages
Missouri,2021-05-12,169212857.29999998,Beverages
Missouri,2021-05-16,124654431.3,Beverages
Missouri,2021-05-23,130997443.3,Beverages
Missouri,2021-05-30,131211942.3,Beverages
Missouri,2021-06-06,135533682.0,Beverages
Missouri,2021-06-13,140536017.0,Beverages
Missouri,2021-06-20,143891479.7,Beverages
Missouri,2021-06-27,134304238.0,Beverages
Missouri,2021-07-02,109879804.10000001,Beverages
Missouri,2021-07-03,118309710.1,Beverages
Missouri,2021-07-11,173301229.0,Beverages
Missouri,2021-07-18,137132760.29999998,Beverages
Missouri,2021-07-25,138734411.3,Beverages
Missouri,2021-08-08,132526728.5,Beverages
Missouri,2021-08-15,136489651.29999998,Beverages
Missouri,2021-08-22,136950984.0,Beverages
Missouri,2021-08-29,136263420.9,Beverages
Missouri,2021-09-05,127252315.0,Beverages
Missouri,2021-09-19,131425379.89999999,Beverages
Missouri,2021-09-26,127916878.0,Beverages
Missouri,2021-10-01,108211245.9,Beverages
Missouri,2021-10-10,180974726.6,Beverages
Missouri,2021-10-17,178740956.6,Beverages
Missouri,2021-10-24,175697601.3,Beverages
Missouri,2021-10-31,170593466.3,Beverages
Missouri,2021-11-04,121180874.0,Beverages
Missouri,2021-11-07,136230610.5,Beverages
Missouri,2021-11-14,176262581.39999998,Beverages
Missouri,2021-11-21,179524372.20000002,Beverages
Missouri,2021-11-28,168366340.5,Beverages
Missouri,2021-12-09,129961771.1,Beverages
Missouri,2021-12-12,172977942.2,Beverages
Missouri,2021-12-19,183283804.6,Beverages
Missouri,2021-12-26,180054178.20000002,Beverages
Missouri,2022-01-05,188196566.09999996,Beverages
Missouri,2022-01-16,172225849.70000002,Beverages
Missouri,2022-01-23,162857014.20000002,Beverages
Missouri,2022-01-30,167447989.5,Beverages
Missouri,2022-02-01,167821564.9,Beverages
Missouri,2022-02-10,194612891.8,Beverages
Missouri,2022-02-13,167496590.6,Beverages
Missouri,2022-02-20,162813987.6,Beverages
Missouri,2022-02-27,173793169.79999998,Beverages
Missouri,2022-03-04,185211544.0,Beverages
Missouri,2022-03-07,213912738.70000002,Beverages
Missouri,2022-03-13,177612595.29999998,Beverages
Missouri,2022-03-20,183364029.89999998,Beverages
Missouri,2022-03-27,179106584.2,Beverages
Missouri,2022-04-09,202748923.90000004,Beverages
Missouri,2022-04-12,180518293.6,Beverages
Missouri,2022-04-17,189193621.5,Beverages
Missouri,2022-04-24,183150735.19999996,Beverages
Missouri,2022-05-06,196704223.99999997,Beverages
Missouri,2022-05-15,197212778.5,Beverages
Missouri,2022-05-22,196122618.70000002,Beverages
Missouri,2022-05-29,195011377.60000002,Beverages
Missouri,2022-06-02,166723309.89999998,Beverages
Missouri,2022-06-03,178493196.1,Beverages
Missouri,2022-06-11,184611894.99999997,Beverages
Missouri,2022-06-19,210417356.9,Beverages
Missouri,2022-06-26,204501850.3,Beverages
Missouri,2022-07-08,203997667.7,Beverages
Missouri,2022-07-17,205623643.10000002,Beverages
Missouri,2022-07-24,207379215.10000002,Beverages
Missouri,2022-07-31,201243588.9,Beverages
Missouri,2022-08-05,185103534.0,Beverages
Missouri,2022-08-14,204559437.2,Beverages
Missouri,2022-08-21,200875692.50000003,Beverages
Missouri,2022-08-28,201905037.59999996,Beverages
Missouri,2022-09-01,165807188.4,Beverages
Missouri,2022-09-10,193244617.89999998,Beverages
Missouri,2022-09-18,201210602.8,Beverages
Missouri,2022-09-25,195111725.20000002,Beverages
Missouri,2022-10-04,186091611.60000002,Beverages
Missouri,2022-10-07,204171407.3,Beverages
Missouri,2022-10-16,189430520.2,Beverages
Missouri,2022-10-23,187022860.1,Beverages
Missouri,2022-10-30,181175335.20000002,Beverages
Missouri,2022-11-09,198281451.7,Beverages
Missouri,2022-11-12,185716436.6,Beverages
Missouri,2022-11-13,187165802.8,Beverages
Missouri,2022-11-20,188697809.2,Beverages
Missouri,2022-11-27,188064706.50000003,Beverages
Missouri,2022-12-06,201898216.79999998,Beverages
Missouri,2022-12-18,193565612.6,Beverages
Missouri,2022-12-25,199608823.70000002,Beverages
Missouri,2023-01-01,178578678.89999998,Beverages
Missouri,2023-01-15,177948395.99999997,Beverages
Missouri,2023-01-22,173196841.2,Beverages
Missouri,2023-01-29,176567191.6,Beverages
Missouri,2023-02-04,193109594.2,Beverages
Missouri,2023-02-19,180401172.79999998,Beverages
Missouri,2023-02-26,183563538.10000002,Beverages
Missouri,2023-03-19,203569236.3,Beverages
Missouri,2023-03-26,184675887.8,Beverages
Missouri,2023-04-16,200965981.89999998,Beverages
Missouri,2023-04-23,200625507.00000003,Beverages
Missouri,2023-04-30,203869438.20000002,Beverages
Missouri,2023-05-02,176332683.6,Beverages
Missouri,2023-05-03,193981128.0,Beverages
Missouri,2023-07-05,206321092.49999997,Beverages
Missouri,2023-08-01,173449012.29999998,Beverages
Missouri,2023-09-04,200406578.2,Beverages
Missouri,2023-12-02,184335241.5,Beverages
Missouri,2023-12-03,199928913.1,Beverages
Nebraska,2019-01-12,16673878.0,Beverages
Nebraska,2019-03-11,16788387.0,Beverages
Nebraska,2019-06-10,17239751.0,Beverages
Nebraska,2019-08-12,16976908.0,Beverages
Nebraska,2019-10-11,17193457.0,Beverages
Nebraska,2019-10-13,17030081.0,Beverages
Nebraska,2019-10-20,17071019.0,Beverages
Nebraska,2019-10-27,16701961.0,Beverages
Nebraska,2019-11-17,17020702.0,Beverages
Nebraska,2019-11-24,18010858.0,Beverages
Nebraska,2019-12-15,16919654.0,Beverages
Nebraska,2019-12-22,18450498.0,Beverages
Nebraska,2019-12-29,33473866.1,Beverages
Nebraska,2020-01-03,34374961.699999996,Beverages
Nebraska,2020-01-11,34888717.800000004,Beverages
Nebraska,2020-01-19,31776463.8,Beverages
Nebraska,2020-01-26,31558750.2,Beverages
Nebraska,2020-02-02,33877398.800000004,Beverages
Nebraska,2020-02-08,38613429.9,Beverages
Nebraska,2020-02-16,32815302.1,Beverages
Nebraska,2020-02-23,32997893.5,Beverages
Nebraska,2020-03-05,38932414.7,Beverages
Nebraska,2020-03-15,39516368.699999996,Beverages
Nebraska,2020-03-22,37334582.4,Beverages
Nebraska,2020-03-29,33896980.800000004,Beverages
Nebraska,2020-04-10,36077434.9,Beverages
Nebraska,2020-04-19,37040343.4,Beverages
Nebraska,2020-04-26,37244983.3,Beverages
Nebraska,2020-05-01,32423171.6,Beverages
Nebraska,2020-05-04,36555823.4,Beverages
Nebraska,2020-05-07,44288051.3,Beverages
Nebraska,2020-05-17,38077722.5,Beverages
Nebraska,2020-05-24,38957875.099999994,Beverages
Nebraska,2020-05-31,37065928.0,Beverages
Nebraska,2020-06-09,39277235.0,Beverages
Nebraska,2020-06-12,34976905.9,Beverages
Nebraska,2020-06-14,39887321.6,Beverages
Nebraska,2020-06-21,39112314.4,Beverages
Nebraska,2020-06-28,41430550.6,Beverages
Nebraska,2020-07-06,41905233.3,Beverages
Nebraska,2020-07-19,40208538.3,Beverages
Nebraska,2020-07-26,38142813.099999994,Beverages
Nebraska,2020-08-03,36479356.4,Beverages
Nebraska,2020-08-11,36671455.2,Beverages
Nebraska,2020-08-16,38958331.300000004,Beverages
Nebraska,2020-08-23,38450856.5,Beverages
Nebraska,2020-08-30,38965935.199999996,Beverages
Nebraska,2020-09-02,32422202.3,Beverages
Nebraska,2020-09-08,39696524.699999996,Beverages
Nebraska,2020-09-13,36429897.8,Beverages
Nebraska,2020-09-20,36809613.199999996,Beverages
Nebraska,2020-09-27,36614698.8,Beverages
Nebraska,2020-10-05,37490464.6,Beverages
Nebraska,2020-10-18,35869569.800000004,Beverages
Nebraska,2020-10-25,34697054.0,Beverages
Nebraska,2020-11-10,36696009.5,Beverages
Nebraska,2020-11-15,35227912.300000004,Beverages
Nebraska,2020-11-22,37326192.9,Beverages
Nebraska,2020-11-29,34296044.4,Beverages
Nebraska,2020-12-01,32747886.299999997,Beverages
Nebraska,2020-12-04,37024893.4,Beverages
Nebraska,2020-12-07,39518174.8,Beverages
Nebraska,2020-12-13,35539176.7,Beverages
Nebraska,2020-12-20,37398969.5,Beverages
Nebraska,2020-12-27,35679774.800000004,Beverages
Nebraska,2021-01-08,41127773.7,Beverages
Nebraska,2021-01-17,33822415.9,Beverages
Nebraska,2021-01-24,33565602.300000004,Beverages
Nebraska,2021-01-31,34362095.800000004,Beverages
Nebraska,2021-02-05,41669746.099999994,Beverages
Nebraska,2021-02-14,33478485.700000003,Beverages
Nebraska,2021-02-21,33873493.0,Beverages
Nebraska,2021-02-28,36015324.099999994,Beverages
Nebraska,2021-03-01,34043332.2,Beverages
Nebraska,2021-03-10,39562999.7,Beverages
Nebraska,2021-03-14,41167687.300000004,Beverages
Nebraska,2021-03-21,38636850.699999996,Beverages
Nebraska,2021-03-28,35500363.400000006,Beverages
Nebraska,2021-04-04,39830293.8,Beverages
Nebraska,2021-04-07,46436516.900000006,Beverages
Nebraska,2021-04-18,37204752.2,Beverages
Nebraska,2021-04-25,39276358.9,Beverages
Nebraska,2021-05-09,42567635.4,Beverages
Nebraska,2021-05-12,37286275.4,Beverages
Nebraska,2021-05-16,39540825.1,Beverages
Nebraska,2021-05-23,40873410.0,Beverages
Nebraska,2021-05-30,40807177.800000004,Beverages
Nebraska,2021-06-06,44229958.4,Beverages
Nebraska,2021-06-13,43312046.4,Beverages
Nebraska,2021-06-20,43628649.0,Beverages
Nebraska,2021-06-27,42034852.1,Beverages
Nebraska,2021-07-02,35814513.3,Beverages
Nebraska,2021-07-03,39001062.1,Beverages
Nebraska,2021-07-11,38952595.5,Beverages
Nebraska,2021-07-18,41661964.5,Beverages
Nebraska,2021-07-25,41901679.800000004,Beverages
Nebraska,2021-08-08,42169856.0,Beverages
Nebraska,2021-08-15,42930173.9,Beverages
Nebraska,2021-08-22,42263728.199999996,Beverages
Nebraska,2021-08-29,42011140.3,Beverages
Nebraska,2021-09-05,40469217.800000004,Beverages
Nebraska,2021-09-19,39592254.900000006,Beverages
Nebraska,2021-09-26,39895508.0,Beverages
Nebraska,2021-10-01,34739029.6,Beverages
Nebraska,2021-10-10,40690470.699999996,Beverages
Nebraska,2021-10-17,38787216.699999996,Beverages
Nebraska,2021-10-24,37588634.900000006,Beverages
Nebraska,2021-10-31,37152744.9,Beverages
Nebraska,2021-11-04,39110188.6,Beverages
Nebraska,2021-11-07,42179838.0,Beverages
Nebraska,2021-11-14,37862667.0,Beverages
Nebraska,2021-11-21,39394564.2,Beverages
Nebraska,2021-11-28,36955689.5,Beverages
Nebraska,2021-12-09,39638235.699999996,Beverages
Nebraska,2021-12-12,38259833.4,Beverages
Nebraska,2021-12-19,39207615.599999994,Beverages
Nebraska,2021-12-26,55591359.699999996,Beverages
Nebraska,2022-01-05,60761867.4,Beverages
Nebraska,2022-01-16,53150979.300000004,Beverages
Nebraska,2022-01-23,51763721.6,Beverages
Nebraska,2022-01-30,52701275.599999994,Beverages
Nebraska,2022-02-01,52721052.49999999,Beverages
Nebraska,2022-02-10,59902191.0,Beverages
Nebraska,2022-02-13,53101320.8,Beverages
Nebraska,2022-02-20,52975863.8,Beverages
Nebraska,2022-02-27,53752358.4,Beverages
Nebraska,2022-03-04,59837590.1,Beverages
Nebraska,2022-03-07,68693041.7,Beverages
Nebraska,2022-03-13,56276418.2,Beverages
Nebraska,2022-03-20,56673574.800000004,Beverages
Nebraska,2022-03-27,55527165.300000004,Beverages
Nebraska,2022-04-09,63642684.7,Beverages
Nebraska,2022-04-12,56644525.1,Beverages
Nebraska,2022-04-17,60373972.4,Beverages
Nebraska,2022-04-24,57413627.1,Beverages
Nebraska,2022-05-06,64149690.9,Beverages
Nebraska,2022-05-15,62192914.6,Beverages
Nebraska,2022-05-22,62018498.9,Beverages
Nebraska,2022-05-29,61734864.3,Beverages
Nebraska,2022-06-02,54027198.7,Beverages
Nebraska,2022-06-03,57269771.10000001,Beverages
Nebraska,2022-06-11,58864877.9,Beverages
Nebraska,2022-06-19,64947061.5,Beverages
Nebraska,2022-06-26,64803842.7,Beverages
Nebraska,2022-07-08,64972563.2,Beverages
Nebraska,2022-07-17,63405633.6,Beverages
Nebraska,2022-07-24,62820539.699999996,Beverages
Nebraska,2022-07-31,62361079.400000006,Beverages
Nebraska,2022-08-05,59652653.50000001,Beverages
Nebraska,2022-08-14,63717535.900000006,Beverages
Nebraska,2022-08-21,62001822.2,Beverages
Nebraska,2022-08-28,62691105.099999994,Beverages
Nebraska,2022-09-01,52843541.10000001,Beverages
Nebraska,2022-09-10,60631555.2,Beverages
Nebraska,2022-09-18,61544262.0,Beverages
Nebraska,2022-09-25,59888530.7,Beverages
Nebraska,2022-10-04,58445988.9,Beverages
Nebraska,2022-10-07,63630441.699999996,Beverages
Nebraska,2022-10-16,58606006.800000004,Beverages
Nebraska,2022-10-23,58055608.49999999,Beverages
Nebraska,2022-10-30,56993637.6,Beverages
Nebraska,2022-11-09,62012248.8,Beverages
Nebraska,2022-11-12,58180608.6,Beverages
Nebraska,2022-11-13,57836378.8,Beverages
Nebraska,2022-11-20,59455635.0,Beverages
Nebraska,2022-11-27,57463118.099999994,Beverages
Nebraska,2022-12-06,63555288.199999996,Beverages
Nebraska,2022-12-18,60849963.1,Beverages
Nebraska,2022-12-25,61161805.6,Beverages
Nebraska,2023-01-01,54783969.0,Beverages
Nebraska,2023-01-15,56199886.9,Beverages
Nebraska,2023-01-22,54665878.300000004,Beverages
Nebraska,2023-01-29,56352509.8,Beverages
Nebraska,2023-02-04,61436800.6,Beverages
Nebraska,2023-02-19,56849361.5,Beverages
Nebraska,2023-02-26,57354969.099999994,Beverages
Nebraska,2023-03-19,61751231.1,Beverages
Nebraska,2023-03-26,58216655.9,Beverages
Nebraska,2023-04-16,63190843.1,Beverages
Nebraska,2023-04-23,63119162.900000006,Beverages
Nebraska,2023-04-30,64836582.4,Beverages
Nebraska,2023-05-02,57387679.49999999,Beverages
Nebraska,2023-05-03,62690153.2,Beverages
Nebraska,2023-07-05,66219089.300000004,Beverages
Nebraska,2023-08-01,55025910.099999994,Beverages
Nebraska,2023-09-04,65159257.9,Beverages
Nebraska,2023-12-02,59413145.5,Beverages
Nebraska,2023-12-03,63087624.4,Beverages
Nevada,2019-01-12,51173890.3,Beverages
Nevada,2019-03-11,55645617.1,Beverages
Nevada,2019-06-10,59598259.4,Beverages
Nevada,2019-08-12,51787524.9,Beverages
Nevada,2019-10-11,56627803.699999996,Beverages
Nevada,2019-10-13,56865241.199999996,Beverages
Nevada,2019-10-20,55655904.8,Beverages
Nevada,2019-10-27,55435694.6,Beverages
Nevada,2019-11-17,55198522.2,Beverages
Nevada,2019-11-24,53734862.2,Beverages
Nevada,2019-12-15,52516063.9,Beverages
Nevada,2019-12-22,54479449.6,Beverages
Nevada,2019-12-29,51213463.6,Beverages
Nevada,2020-01-03,57088407.1,Beverages
Nevada,2020-01-11,57755196.8,Beverages
Nevada,2020-01-19,51146175.8,Beverages
Nevada,2020-01-26,52519403.0,Beverages
Nevada,2020-02-02,53906523.800000004,Beverages
Nevada,2020-02-08,66665727.0,Beverages
Nevada,2020-02-16,51464698.3,Beverages
Nevada,2020-02-23,51884020.699999996,Beverages
Nevada,2020-03-05,64109291.9,Beverages
Nevada,2020-03-15,66151205.8,Beverages
Nevada,2020-03-22,61176731.099999994,Beverages
Nevada,2020-03-29,53269142.9,Beverages
Nevada,2020-04-10,61749107.1,Beverages
Nevada,2020-04-19,57376305.4,Beverages
Nevada,2020-04-26,59408862.8,Beverages
Nevada,2020-05-01,54213053.1,Beverages
Nevada,2020-05-04,58613628.7,Beverages
Nevada,2020-05-07,68944054.7,Beverages
Nevada,2020-05-17,61020764.4,Beverages
Nevada,2020-05-24,60459075.599999994,Beverages
Nevada,2020-05-31,61455633.7,Beverages
Nevada,2020-06-09,68051244.60000001,Beverages
Nevada,2020-06-12,53808328.800000004,Beverages
Nevada,2020-06-14,63360793.4,Beverages
Nevada,2020-06-21,63040337.3,Beverages
Nevada,2020-06-28,64796346.7,Beverages
Nevada,2020-07-06,65003755.699999996,Beverages
Nevada,2020-07-19,66949515.3,Beverages
Nevada,2020-07-26,65194968.5,Beverages
Nevada,2020-08-03,60574984.5,Beverages
Nevada,2020-08-11,60594594.199999996,Beverages
Nevada,2020-08-16,68326380.5,Beverages
Nevada,2020-08-23,66356209.6,Beverages
Nevada,2020-08-30,66872972.800000004,Beverages
Nevada,2020-09-02,51924422.1,Beverages
Nevada,2020-09-08,67504942.9,Beverages
Nevada,2020-09-13,63647743.8,Beverages
Nevada,2020-09-20,62159596.699999996,Beverages
Nevada,2020-09-27,61668977.300000004,Beverages
Nevada,2020-10-05,63097297.8,Beverages
Nevada,2020-10-18,60246780.9,Beverages
Nevada,2020-10-25,58891008.7,Beverages
Nevada,2020-11-10,62092754.5,Beverages
Nevada,2020-11-15,58025126.1,Beverages
Nevada,2020-11-22,58341571.7,Beverages
Nevada,2020-11-29,53400289.1,Beverages
Nevada,2020-12-01,52250330.7,Beverages
Nevada,2020-12-04,55733782.2,Beverages
Nevada,2020-12-07,66813756.0,Beverages
Nevada,2020-12-13,55848431.099999994,Beverages
Nevada,2020-12-20,55959938.3,Beverages
Nevada,2020-12-27,53278906.8,Beverages
Nevada,2021-01-08,69338527.8,Beverages
Nevada,2021-01-17,55590849.800000004,Beverages
Nevada,2021-01-24,54377455.9,Beverages
Nevada,2021-01-31,54141628.5,Beverages
Nevada,2021-02-05,66299297.099999994,Beverages
Nevada,2021-02-14,57221257.800000004,Beverages
Nevada,2021-02-21,56002331.699999996,Beverages
Nevada,2021-02-28,57822289.9,Beverages
Nevada,2021-03-01,56399456.2,Beverages
Nevada,2021-03-10,97454405.89999999,Beverages
Nevada,2021-03-14,69168470.3,Beverages
Nevada,2021-03-21,64935937.099999994,Beverages
Nevada,2021-03-28,55694462.0,Beverages
Nevada,2021-04-04,62557191.0,Beverages
Nevada,2021-04-07,73900786.6,Beverages
Nevada,2021-04-18,61428868.9,Beverages
Nevada,2021-04-25,63278447.6,Beverages
Nevada,2021-05-09,72111711.4,Beverages
Nevada,2021-05-12,85728484.8,Beverages
Nevada,2021-05-16,66682846.0,Beverages
Nevada,2021-05-23,66098472.6,Beverages
Nevada,2021-05-30,68088692.10000001,Beverages
Nevada,2021-06-06,70028861.5,Beverages
Nevada,2021-06-13,67859294.6,Beverages
Nevada,2021-06-20,71300166.6,Beverages
Nevada,2021-06-27,70658002.5,Beverages
Nevada,2021-07-02,57507946.699999996,Beverages
Nevada,2021-07-03,63998928.099999994,Beverages
Nevada,2021-07-11,92345973.2,Beverages
Nevada,2021-07-18,73060443.6,Beverages
Nevada,2021-07-25,70156232.6,Beverages
Nevada,2021-08-08,72793873.4,Beverages
Nevada,2021-08-15,73839067.1,Beverages
Nevada,2021-08-22,71018290.9,Beverages
Nevada,2021-08-29,69929213.8,Beverages
Nevada,2021-09-05,68671167.4,Beverages
Nevada,2021-09-19,69517286.8,Beverages
Nevada,2021-09-26,68281704.8,Beverages
Nevada,2021-10-01,56092415.6,Beverages
Nevada,2021-10-10,94869755.99999999,Beverages
Nevada,2021-10-17,92490700.69999999,Beverages
Nevada,2021-10-24,92985095.5,Beverages
Nevada,2021-10-31,93071769.2,Beverages
Nevada,2021-11-04,62246843.199999996,Beverages
Nevada,2021-11-07,73101282.69999999,Beverages
Nevada,2021-11-14,92148150.8,Beverages
Nevada,2021-11-21,91842416.89999999,Beverages
Nevada,2021-11-28,84566190.8,Beverages
Nevada,2021-12-09,70009887.2,Beverages
Nevada,2021-12-12,87269916.7,Beverages
Nevada,2021-12-19,87815423.0,Beverages
Nevada,2021-12-26,85598096.29999998,Beverages
Nevada,2022-01-05,100373381.1,Beverages
Nevada,2022-01-16,87498305.5,Beverages
Nevada,2022-01-23,85908588.1,Beverages
Nevada,2022-01-30,84537713.6,Beverages
Nevada,2022-02-01,87627145.4,Beverages
Nevada,2022-02-10,100964519.2,Beverages
Nevada,2022-02-13,88624512.5,Beverages
Nevada,2022-02-20,86424096.0,Beverages
Nevada,2022-02-27,89601701.6,Beverages
Nevada,2022-03-04,100330710.7,Beverages
Nevada,2022-03-07,113337635.6,Beverages
Nevada,2022-03-13,91322775.8,Beverages
Nevada,2022-03-20,94353742.1,Beverages
Nevada,2022-03-27,95719422.4,Beverages
Nevada,2022-04-09,110622906.0,Beverages
Nevada,2022-04-12,91020178.5,Beverages
Nevada,2022-04-17,99486368.3,Beverages
Nevada,2022-04-24,97881484.5,Beverages
Nevada,2022-05-06,107451030.50000001,Beverages
Nevada,2022-05-15,102195107.8,Beverages
Nevada,2022-05-22,102231900.6,Beverages
Nevada,2022-05-29,104453181.79999998,Beverages
Nevada,2022-06-02,86356796.60000001,Beverages
Nevada,2022-06-03,92054045.9,Beverages
Nevada,2022-06-11,97736557.1,Beverages
Nevada,2022-06-19,107987658.5,Beverages
Nevada,2022-06-26,104905198.6,Beverages
Nevada,2022-07-08,109684427.7,Beverages
Nevada,2022-07-17,111229609.8,Beverages
Nevada,2022-07-24,107725766.69999999,Beverages
Nevada,2022-07-31,105182078.6,Beverages
Nevada,2022-08-05,102374029.79999998,Beverages
Nevada,2022-08-14,111445679.8,Beverages
Nevada,2022-08-21,107279199.0,Beverages
Nevada,2022-08-28,108306288.8,Beverages
Nevada,2022-09-01,86588436.60000001,Beverages
Nevada,2022-09-10,102194629.3,Beverages
Nevada,2022-09-18,102953859.39999999,Beverages
Nevada,2022-09-25,100958964.60000001,Beverages
Nevada,2022-10-04,100096904.39999999,Beverages
Nevada,2022-10-07,110690504.9,Beverages
Nevada,2022-10-16,100996829.79999998,Beverages
Nevada,2022-10-23,99022283.4,Beverages
Nevada,2022-10-30,95957194.7,Beverages
Nevada,2022-11-09,107655422.19999999,Beverages
Nevada,2022-11-12,93177556.10000001,Beverages
Nevada,2022-11-13,97492295.10000001,Beverages
Nevada,2022-11-20,96374655.8,Beverages
Nevada,2022-11-27,91839129.4,Beverages
Nevada,2022-12-06,108401002.19999999,Beverages
Nevada,2022-12-18,93810021.9,Beverages
Nevada,2022-12-25,94688707.10000001,Beverages
Nevada,2023-01-01,90694672.1,Beverages
Nevada,2023-01-15,91963890.5,Beverages
Nevada,2023-01-22,90952640.00000001,Beverages
Nevada,2023-01-29,90204646.5,Beverages
Nevada,2023-02-04,98266678.1,Beverages
Nevada,2023-02-19,94316072.6,Beverages
Nevada,2023-02-26,93720961.19999999,Beverages
Nevada,2023-03-19,103271404.3,Beverages
Nevada,2023-03-26,93906381.5,Beverages
Nevada,2023-04-16,101828069.80000001,Beverages
Nevada,2023-04-23,101025635.0,Beverages
Nevada,2023-04-30,107343566.20000002,Beverages
Nevada,2023-05-02,92129655.2,Beverages
Nevada,2023-05-03,100941906.0,Beverages
Nevada,2023-07-05,109269132.3,Beverages
Nevada,2023-08-01,90884399.10000001,Beverages
Nevada,2023-09-04,102562118.29999998,Beverages
Nevada,2023-12-02,96722301.8,Beverages
Nevada,2023-12-03,108721284.6,Beverages
New Hampshire,2019-01-12,30014723.099999998,Beverages
New Hampshire,2019-03-11,29026633.6,Beverages
New Hampshire,2019-06-10,30388827.3,Beverages
New Hampshire,2019-08-12,29272283.3,Beverages
New Hampshire,2019-10-11,29727549.8,Beverages
New Hampshire,2019-10-13,30666339.0,Beverages
New Hampshire,2019-10-20,29490225.1,Beverages
New Hampshire,2019-10-27,29239812.099999998,Beverages
New Hampshire,2019-11-17,29354791.8,Beverages
New Hampshire,2019-11-24,30142040.200000003,Beverages
New Hampshire,2019-12-15,30115313.599999998,Beverages
New Hampshire,2019-12-22,32255625.2,Beverages
New Hampshire,2019-12-29,30736142.0,Beverages
New Hampshire,2020-01-03,29922101.6,Beverages
New Hampshire,2020-01-11,31051551.900000002,Beverages
New Hampshire,2020-01-19,31135065.5,Beverages
New Hampshire,2020-01-26,27847796.599999998,Beverages
New Hampshire,2020-02-02,29896449.0,Beverages
New Hampshire,2020-02-08,39238217.0,Beverages
New Hampshire,2020-02-16,29302520.5,Beverages
New Hampshire,2020-02-23,30183516.2,Beverages
New Hampshire,2020-03-05,32853085.0,Beverages
New Hampshire,2020-03-15,35697444.5,Beverages
New Hampshire,2020-03-22,35486245.0,Beverages
New Hampshire,2020-03-29,30528128.3,Beverages
New Hampshire,2020-04-10,32924900.9,Beverages
New Hampshire,2020-04-19,32103743.099999998,Beverages
New Hampshire,2020-04-26,30844385.2,Beverages
New Hampshire,2020-05-01,30026948.7,Beverages
New Hampshire,2020-05-04,30876075.3,Beverages
New Hampshire,2020-05-07,41509380.3,Beverages
New Hampshire,2020-05-17,34103279.300000004,Beverages
New Hampshire,2020-05-24,37866614.699999996,Beverages
New Hampshire,2020-05-31,37102777.1,Beverages
New Hampshire,2020-06-09,34774831.7,Beverages
New Hampshire,2020-06-12,30924507.3,Beverages
New Hampshire,2020-06-14,37318375.699999996,Beverages
New Hampshire,2020-06-21,38284286.800000004,Beverages
New Hampshire,2020-06-28,38520872.2,Beverages
New Hampshire,2020-07-06,37226621.3,Beverages
New Hampshire,2020-07-19,38178047.5,Beverages
New Hampshire,2020-07-26,37873621.900000006,Beverages
New Hampshire,2020-08-03,32353977.299999997,Beverages
New Hampshire,2020-08-11,32060541.9,Beverages
New Hampshire,2020-08-16,37820711.5,Beverages
New Hampshire,2020-08-23,36552859.3,Beverages
New Hampshire,2020-08-30,35836628.9,Beverages
New Hampshire,2020-09-02,29766584.3,Beverages
New Hampshire,2020-09-08,38399974.9,Beverages
New Hampshire,2020-09-13,33724397.699999996,Beverages
New Hampshire,2020-09-20,33158475.099999998,Beverages
New Hampshire,2020-09-27,33508106.5,Beverages
New Hampshire,2020-10-05,34666000.3,Beverages
New Hampshire,2020-10-18,32058521.7,Beverages
New Hampshire,2020-10-25,31626287.5,Beverages
New Hampshire,2020-11-10,33001663.5,Beverages
New Hampshire,2020-11-15,32130985.400000002,Beverages
New Hampshire,2020-11-22,32459420.1,Beverages
New Hampshire,2020-11-29,32125005.1,Beverages
New Hampshire,2020-12-01,28974786.099999998,Beverages
New Hampshire,2020-12-04,31487080.7,Beverages
New Hampshire,2020-12-07,38339928.800000004,Beverages
New Hampshire,2020-12-13,31861669.700000003,Beverages
New Hampshire,2020-12-20,32669917.0,Beverages
New Hampshire,2020-12-27,33244408.3,Beverages
New Hampshire,2021-01-08,40501185.9,Beverages
New Hampshire,2021-01-17,32167009.6,Beverages
New Hampshire,2021-01-24,31240084.5,Beverages
New Hampshire,2021-01-31,31471486.1,Beverages
New Hampshire,2021-02-05,35119245.1,Beverages
New Hampshire,2021-02-14,31543624.5,Beverages
New Hampshire,2021-02-21,31847487.2,Beverages
New Hampshire,2021-02-28,32073494.8,Beverages
New Hampshire,2021-03-01,31933909.3,Beverages
New Hampshire,2021-03-10,50608159.800000004,Beverages
New Hampshire,2021-03-14,38286894.2,Beverages
New Hampshire,2021-03-21,38079479.6,Beverages
New Hampshire,2021-03-28,33192865.9,Beverages
New Hampshire,2021-04-04,33779494.1,Beverages
New Hampshire,2021-04-07,42298976.1,Beverages
New Hampshire,2021-04-18,33368291.6,Beverages
New Hampshire,2021-04-25,34360725.4,Beverages
New Hampshire,2021-05-09,38045854.199999996,Beverages
New Hampshire,2021-05-12,48428546.8,Beverages
New Hampshire,2021-05-16,36880946.800000004,Beverages
New Hampshire,2021-05-23,40747387.599999994,Beverages
New Hampshire,2021-05-30,40502697.300000004,Beverages
New Hampshire,2021-06-06,39191943.2,Beverages
New Hampshire,2021-06-13,40628716.3,Beverages
New Hampshire,2021-06-20,41412908.5,Beverages
New Hampshire,2021-06-27,40777134.4,Beverages
New Hampshire,2021-07-02,32211005.3,Beverages
New Hampshire,2021-07-03,34198378.1,Beverages
New Hampshire,2021-07-11,49261485.2,Beverages
New Hampshire,2021-07-18,38963245.1,Beverages
New Hampshire,2021-07-25,39836006.0,Beverages
New Hampshire,2021-08-08,40625628.4,Beverages
New Hampshire,2021-08-15,41839783.0,Beverages
New Hampshire,2021-08-22,39861527.099999994,Beverages
New Hampshire,2021-08-29,38398795.800000004,Beverages
New Hampshire,2021-09-05,36528984.199999996,Beverages
New Hampshire,2021-09-19,36264700.5,Beverages
New Hampshire,2021-09-26,36027614.199999996,Beverages
New Hampshire,2021-10-01,31496746.099999998,Beverages
New Hampshire,2021-10-10,51298673.3,Beverages
New Hampshire,2021-10-17,50137668.5,Beverages
New Hampshire,2021-10-24,49095898.300000004,Beverages
New Hampshire,2021-10-31,47991923.2,Beverages
New Hampshire,2021-11-04,33666212.5,Beverages
New Hampshire,2021-11-07,39438284.2,Beverages
New Hampshire,2021-11-14,50090021.49999999,Beverages
New Hampshire,2021-11-21,50209311.0,Beverages
New Hampshire,2021-11-28,47449320.5,Beverages
New Hampshire,2021-12-09,37586040.2,Beverages
New Hampshire,2021-12-12,49313002.699999996,Beverages
New Hampshire,2021-12-19,52082492.7,Beverages
New Hampshire,2021-12-26,50332518.2,Beverages
New Hampshire,2022-01-05,52010263.7,Beverages
New Hampshire,2022-01-16,50778007.599999994,Beverages
New Hampshire,2022-01-23,47083638.300000004,Beverages
New Hampshire,2022-01-30,49473196.5,Beverages
New Hampshire,2022-02-01,48781954.0,Beverages
New Hampshire,2022-02-10,53158297.099999994,Beverages
New Hampshire,2022-02-13,49266744.6,Beverages
New Hampshire,2022-02-20,48294873.300000004,Beverages
New Hampshire,2022-02-27,48623462.2,Beverages
New Hampshire,2022-03-04,51722980.3,Beverages
New Hampshire,2022-03-07,66414079.6,Beverages
New Hampshire,2022-03-13,50181120.1,Beverages
New Hampshire,2022-03-20,50241875.9,Beverages
New Hampshire,2022-03-27,50208271.7,Beverages
New Hampshire,2022-04-09,57734113.50000001,Beverages
New Hampshire,2022-04-12,49931624.50000001,Beverages
New Hampshire,2022-04-17,54171549.300000004,Beverages
New Hampshire,2022-04-24,50093974.7,Beverages
New Hampshire,2022-05-06,58539377.2,Beverages
New Hampshire,2022-05-15,56179143.599999994,Beverages
New Hampshire,2022-05-22,60562857.6,Beverages
New Hampshire,2022-05-29,59898216.9,Beverages
New Hampshire,2022-06-02,48683931.6,Beverages
New Hampshire,2022-06-03,49865291.4,Beverages
New Hampshire,2022-06-11,52322432.699999996,Beverages
New Hampshire,2022-06-19,60192375.79999999,Beverages
New Hampshire,2022-06-26,60473076.4,Beverages
New Hampshire,2022-07-08,62601372.5,Beverages
New Hampshire,2022-07-17,61159798.4,Beverages
New Hampshire,2022-07-24,61319366.5,Beverages
New Hampshire,2022-07-31,61426228.800000004,Beverages
New Hampshire,2022-08-05,55148842.8,Beverages
New Hampshire,2022-08-14,61682528.8,Beverages
New Hampshire,2022-08-21,60013247.0,Beverages
New Hampshire,2022-08-28,58858242.0,Beverages
New Hampshire,2022-09-01,48107985.6,Beverages
New Hampshire,2022-09-10,54403685.50000001,Beverages
New Hampshire,2022-09-18,54738524.6,Beverages
New Hampshire,2022-09-25,53724330.6,Beverages
New Hampshire,2022-10-04,51170028.3,Beverages
New Hampshire,2022-10-07,60496428.800000004,Beverages
New Hampshire,2022-10-16,53561159.7,Beverages
New Hampshire,2022-10-23,52365556.99999999,Beverages
New Hampshire,2022-10-30,51488264.099999994,Beverages
New Hampshire,2022-11-09,55077630.800000004,Beverages
New Hampshire,2022-11-12,52725450.400000006,Beverages
New Hampshire,2022-11-13,52772276.0,Beverages
New Hampshire,2022-11-20,52552324.199999996,Beverages
New Hampshire,2022-11-27,52622464.6,Beverages
New Hampshire,2022-12-06,61071033.699999996,Beverages
New Hampshire,2022-12-18,54150224.5,Beverages
New Hampshire,2022-12-25,57231235.9,Beverages
New Hampshire,2023-01-01,50635755.4,Beverages
New Hampshire,2023-01-15,51751830.9,Beverages
New Hampshire,2023-01-22,50802223.6,Beverages
New Hampshire,2023-01-29,51809478.4,Beverages
New Hampshire,2023-02-04,52166466.6,Beverages
New Hampshire,2023-02-19,51575358.300000004,Beverages
New Hampshire,2023-02-26,51669987.6,Beverages
New Hampshire,2023-03-19,57543103.2,Beverages
New Hampshire,2023-03-26,52159633.6,Beverages
New Hampshire,2023-04-16,55834718.1,Beverages
New Hampshire,2023-04-23,54460243.300000004,Beverages
New Hampshire,2023-04-30,55296067.4,Beverages
New Hampshire,2023-05-02,50355820.1,Beverages
New Hampshire,2023-05-03,53338540.300000004,Beverages
New Hampshire,2023-07-05,59336660.1,Beverages
New Hampshire,2023-08-01,50573659.5,Beverages
New Hampshire,2023-09-04,56189607.699999996,Beverages
New Hampshire,2023-12-02,53417135.99999999,Beverages
New Hampshire,2023-12-03,58632570.70000001,Beverages
New Mexico,2019-01-12,34731555.300000004,Beverages
New Mexico,2019-03-11,35945861.4,Beverages
New Mexico,2019-06-10,40091431.4,Beverages
New Mexico,2019-08-12,35952022.5,Beverages
New Mexico,2019-10-11,37278449.6,Beverages
New Mexico,2019-10-13,38656091.1,Beverages
New Mexico,2019-10-20,37190916.7,Beverages
New Mexico,2019-10-27,35596520.1,Beverages
New Mexico,2019-11-17,37154366.3,Beverages
New Mexico,2019-11-24,37217286.2,Beverages
New Mexico,2019-12-15,36401029.0,Beverages
New Mexico,2019-12-22,39343626.6,Beverages
New Mexico,2019-12-29,35439724.7,Beverages
New Mexico,2020-01-03,38713023.1,Beverages
New Mexico,2020-01-11,39125373.900000006,Beverages
New Mexico,2020-01-19,36269988.6,Beverages
New Mexico,2020-01-26,36273269.0,Beverages
New Mexico,2020-02-02,37201589.2,Beverages
New Mexico,2020-02-08,45176656.4,Beverages
New Mexico,2020-02-16,35944339.6,Beverages
New Mexico,2020-02-23,35819239.0,Beverages
New Mexico,2020-03-05,43768993.0,Beverages
New Mexico,2020-03-15,46004343.199999996,Beverages
New Mexico,2020-03-22,42466993.2,Beverages
New Mexico,2020-03-29,38029662.4,Beverages
New Mexico,2020-04-10,42431055.4,Beverages
New Mexico,2020-04-19,41407812.9,Beverages
New Mexico,2020-04-26,40566801.800000004,Beverages
New Mexico,2020-05-01,35901902.0,Beverages
New Mexico,2020-05-04,39913693.4,Beverages
New Mexico,2020-05-07,49250336.2,Beverages
New Mexico,2020-05-17,43271032.3,Beverages
New Mexico,2020-05-24,44427197.8,Beverages
New Mexico,2020-05-31,42166290.9,Beverages
New Mexico,2020-06-09,45977001.0,Beverages
New Mexico,2020-06-12,37379119.0,Beverages
New Mexico,2020-06-14,45999645.4,Beverages
New Mexico,2020-06-21,45995632.2,Beverages
New Mexico,2020-06-28,45735526.5,Beverages
New Mexico,2020-07-06,45905226.6,Beverages
New Mexico,2020-07-19,47877362.5,Beverages
New Mexico,2020-07-26,44376192.4,Beverages
New Mexico,2020-08-03,41061661.9,Beverages
New Mexico,2020-08-11,40897366.8,Beverages
New Mexico,2020-08-16,47534420.6,Beverages
New Mexico,2020-08-23,46196595.1,Beverages
New Mexico,2020-08-30,45094273.7,Beverages
New Mexico,2020-09-02,36835605.6,Beverages
New Mexico,2020-09-08,46628931.9,Beverages
New Mexico,2020-09-13,42603289.1,Beverages
New Mexico,2020-09-20,43001754.6,Beverages
New Mexico,2020-09-27,41678895.199999996,Beverages
New Mexico,2020-10-05,44112633.2,Beverages
New Mexico,2020-10-18,42993936.300000004,Beverages
New Mexico,2020-10-25,40888288.699999996,Beverages
New Mexico,2020-11-10,43505034.0,Beverages
New Mexico,2020-11-15,41802322.5,Beverages
New Mexico,2020-11-22,41377704.9,Beverages
New Mexico,2020-11-29,36433804.7,Beverages
New Mexico,2020-12-01,36227966.2,Beverages
New Mexico,2020-12-04,40991191.6,Beverages
New Mexico,2020-12-07,46679633.300000004,Beverages
New Mexico,2020-12-13,39015531.5,Beverages
New Mexico,2020-12-20,41418275.400000006,Beverages
New Mexico,2020-12-27,38397644.4,Beverages
New Mexico,2021-01-08,47483782.3,Beverages
New Mexico,2021-01-17,40053651.5,Beverages
New Mexico,2021-01-24,38188272.9,Beverages
New Mexico,2021-01-31,37947498.5,Beverages
New Mexico,2021-02-05,46213010.4,Beverages
New Mexico,2021-02-14,40163112.4,Beverages
New Mexico,2021-02-21,38223577.8,Beverages
New Mexico,2021-02-28,39600956.8,Beverages
New Mexico,2021-03-01,38562490.2,Beverages
New Mexico,2021-03-10,65423332.1,Beverages
New Mexico,2021-03-14,49556840.699999996,Beverages
New Mexico,2021-03-21,46714557.4,Beverages
New Mexico,2021-03-28,40996188.199999996,Beverages
New Mexico,2021-04-04,43942929.0,Beverages
New Mexico,2021-04-07,50052131.4,Beverages
New Mexico,2021-04-18,44962387.199999996,Beverages
New Mexico,2021-04-25,44677646.4,Beverages
New Mexico,2021-05-09,49506690.0,Beverages
New Mexico,2021-05-12,59227225.300000004,Beverages
New Mexico,2021-05-16,48205001.0,Beverages
New Mexico,2021-05-23,48657045.1,Beverages
New Mexico,2021-05-30,47681199.2,Beverages
New Mexico,2021-06-06,48442416.5,Beverages
New Mexico,2021-06-13,50541679.4,Beverages
New Mexico,2021-06-20,51622626.3,Beverages
New Mexico,2021-06-27,49736722.0,Beverages
New Mexico,2021-07-02,40691766.900000006,Beverages
New Mexico,2021-07-03,43224896.3,Beverages
New Mexico,2021-07-11,62953004.300000004,Beverages
New Mexico,2021-07-18,51469304.8,Beverages
New Mexico,2021-07-25,48189475.300000004,Beverages
New Mexico,2021-08-08,50324063.599999994,Beverages
New Mexico,2021-08-15,52731698.300000004,Beverages
New Mexico,2021-08-22,50253944.900000006,Beverages
New Mexico,2021-08-29,48371189.099999994,Beverages
New Mexico,2021-09-05,48904959.3,Beverages
New Mexico,2021-09-19,48316330.099999994,Beverages
New Mexico,2021-09-26,47411061.4,Beverages
New Mexico,2021-10-01,39597266.4,Beverages
New Mexico,2021-10-10,66629752.6,Beverages
New Mexico,2021-10-17,65600558.5,Beverages
New Mexico,2021-10-24,63451798.1,Beverages
New Mexico,2021-10-31,61159836.0,Beverages
New Mexico,2021-11-04,44895902.6,Beverages
New Mexico,2021-11-07,50161186.9,Beverages
New Mexico,2021-11-14,65506574.900000006,Beverages
New Mexico,2021-11-21,64818507.1,Beverages
New Mexico,2021-11-28,57153027.099999994,Beverages
New Mexico,2021-12-09,47013546.599999994,Beverages
New Mexico,2021-12-12,61694362.1,Beverages
New Mexico,2021-12-19,64698894.4,Beverages
New Mexico,2021-12-26,61161254.3,Beverages
New Mexico,2022-01-05,68515535.6,Beverages
New Mexico,2022-01-16,61749482.800000004,Beverages
New Mexico,2022-01-23,60744229.9,Beverages
New Mexico,2022-01-30,60361172.9,Beverages
New Mexico,2022-02-01,58452376.0,Beverages
New Mexico,2022-02-10,70959075.49999999,Beverages
New Mexico,2022-02-13,62378976.900000006,Beverages
New Mexico,2022-02-20,60394925.3,Beverages
New Mexico,2022-02-27,62810971.300000004,Beverages
New Mexico,2022-03-04,68359811.0,Beverages
New Mexico,2022-03-07,75155138.0,Beverages
New Mexico,2022-03-13,64699095.10000001,Beverages
New Mexico,2022-03-20,66565668.7,Beverages
New Mexico,2022-03-27,65262781.79999999,Beverages
New Mexico,2022-04-09,74102329.8,Beverages
New Mexico,2022-04-12,64130870.400000006,Beverages
New Mexico,2022-04-17,70598093.6,Beverages
New Mexico,2022-04-24,67452372.0,Beverages
New Mexico,2022-05-06,72200111.5,Beverages
New Mexico,2022-05-15,73606498.4,Beverages
New Mexico,2022-05-22,72435035.30000001,Beverages
New Mexico,2022-05-29,70972870.00000001,Beverages
New Mexico,2022-06-02,61032853.4,Beverages
New Mexico,2022-06-03,66017497.900000006,Beverages
New Mexico,2022-06-11,66563753.900000006,Beverages
New Mexico,2022-06-19,77783194.30000001,Beverages
New Mexico,2022-06-26,73187434.10000001,Beverages
New Mexico,2022-07-08,75824335.7,Beverages
New Mexico,2022-07-17,77655782.1,Beverages
New Mexico,2022-07-24,74746796.79999998,Beverages
New Mexico,2022-07-31,72120689.00000001,Beverages
New Mexico,2022-08-05,71471273.70000002,Beverages
New Mexico,2022-08-14,77964361.2,Beverages
New Mexico,2022-08-21,74119632.19999999,Beverages
New Mexico,2022-08-28,72488256.80000001,Beverages
New Mexico,2022-09-01,60024762.9,Beverages
New Mexico,2022-09-10,70765027.3,Beverages
New Mexico,2022-09-18,72357988.10000001,Beverages
New Mexico,2022-09-25,71436619.3,Beverages
New Mexico,2022-10-04,69547315.9,Beverages
New Mexico,2022-10-07,74360319.89999999,Beverages
New Mexico,2022-10-16,69638194.4,Beverages
New Mexico,2022-10-23,67549879.7,Beverages
New Mexico,2022-10-30,66018212.0,Beverages
New Mexico,2022-11-09,72981593.4,Beverages
New Mexico,2022-11-12,67537463.5,Beverages
New Mexico,2022-11-13,67992393.0,Beverages
New Mexico,2022-11-20,70157411.9,Beverages
New Mexico,2022-11-27,65043938.1,Beverages
New Mexico,2022-12-06,76599554.8,Beverages
New Mexico,2022-12-18,70135624.0,Beverages
New Mexico,2022-12-25,69624448.69999999,Beverages
New Mexico,2023-01-01,62124093.8,Beverages
New Mexico,2023-01-15,65975308.2,Beverages
New Mexico,2023-01-22,65131373.0,Beverages
New Mexico,2023-01-29,64550347.9,Beverages
New Mexico,2023-02-04,69116706.9,Beverages
New Mexico,2023-02-19,68032026.7,Beverages
New Mexico,2023-02-26,66997848.50000001,Beverages
New Mexico,2023-03-19,74754102.69999999,Beverages
New Mexico,2023-03-26,66997769.199999996,Beverages
New Mexico,2023-04-16,75076161.3,Beverages
New Mexico,2023-04-23,73888832.49999999,Beverages
New Mexico,2023-04-30,73958961.80000001,Beverages
New Mexico,2023-05-02,65781090.4,Beverages
New Mexico,2023-05-03,71026572.5,Beverages
New Mexico,2023-07-05,79488159.5,Beverages
New Mexico,2023-08-01,63821677.7,Beverages
New Mexico,2023-09-04,73606502.10000001,Beverages
New Mexico,2023-12-02,67950099.5,Beverages
New Mexico,2023-12-03,77737211.9,Beverages
New York,2019-01-12,240815212.20000002,Beverages
New York,2019-03-11,238220084.1,Beverages
New York,2019-06-10,258592907.1,Beverages
New York,2019-08-12,240233769.1,Beverages
New York,2019-10-11,245240119.60000002,Beverages
New York,2019-10-13,252546938.6,Beverages
New York,2019-10-20,235475052.5,Beverages
New York,2019-10-27,235756719.5,Beverages
New York,2019-11-17,239914025.0,Beverages
New York,2019-11-24,249630625.29999998,Beverages
New York,2019-12-15,247147491.1,Beverages
New York,2019-12-22,255211106.1,Beverages
New York,2019-12-29,248394540.0,Beverages
New York,2020-01-03,243570108.0,Beverages
New York,2020-01-11,242029203.0,Beverages
New York,2020-01-19,247951897.4,Beverages
New York,2020-01-26,224104617.29999998,Beverages
New York,2020-02-02,240088802.60000002,Beverages
New York,2020-02-08,303165564.8,Beverages
New York,2020-02-16,232977877.4,Beverages
New York,2020-02-23,235085112.1,Beverages
New York,2020-03-05,254010484.6,Beverages
New York,2020-03-15,290204863.6,Beverages
New York,2020-03-22,288087082.90000004,Beverages
New York,2020-03-29,240171904.5,Beverages
New York,2020-04-10,264421970.0,Beverages
New York,2020-04-19,248987202.7,Beverages
New York,2020-04-26,244370860.1,Beverages
New York,2020-05-01,245424005.29999998,Beverages
New York,2020-05-04,252079999.79999998,Beverages
New York,2020-05-07,322977709.3,Beverages
New York,2020-05-17,258711535.8,Beverages
New York,2020-05-24,290287214.2,Beverages
New York,2020-05-31,275277516.79999995,Beverages
New York,2020-06-09,277206444.09999996,Beverages
New York,2020-06-12,237551612.1,Beverages
New York,2020-06-14,288739607.5,Beverages
New York,2020-06-21,283288685.2,Beverages
New York,2020-06-28,305546964.29999995,Beverages
New York,2020-07-06,287660278.3,Beverages
New York,2020-07-19,301434293.20000005,Beverages
New York,2020-07-26,293590908.40000004,Beverages
New York,2020-08-03,261730061.5,Beverages
New York,2020-08-11,256085338.5,Beverages
New York,2020-08-16,291656928.5,Beverages
New York,2020-08-23,278739405.4,Beverages
New York,2020-08-30,276545914.3,Beverages
New York,2020-09-02,241490835.1,Beverages
New York,2020-09-08,293584275.8,Beverages
New York,2020-09-13,268753108.8,Beverages
New York,2020-09-20,259300455.20000002,Beverages
New York,2020-09-27,262863201.2,Beverages
New York,2020-10-05,266107943.20000002,Beverages
New York,2020-10-18,246736837.9,Beverages
New York,2020-10-25,247228482.7,Beverages
New York,2020-11-10,260363050.6,Beverages
New York,2020-11-15,252229856.10000002,Beverages
New York,2020-11-22,257463052.7,Beverages
New York,2020-11-29,260037359.4,Beverages
New York,2020-12-01,240445415.39999998,Beverages
New York,2020-12-04,255897518.0,Beverages
New York,2020-12-07,301481909.59999996,Beverages
New York,2020-12-13,254187772.3,Beverages
New York,2020-12-20,254085288.5,Beverages
New York,2020-12-27,258533686.9,Beverages
New York,2021-01-08,301849752.40000004,Beverages
New York,2021-01-17,250502307.6,Beverages
New York,2021-01-24,241055112.2,Beverages
New York,2021-01-31,245213128.5,Beverages
New York,2021-02-05,265315458.0,Beverages
New York,2021-02-14,245769665.5,Beverages
New York,2021-02-21,240380606.6,Beverages
New York,2021-02-28,248778098.2,Beverages
New York,2021-03-01,248280769.1,Beverages
New York,2021-03-10,403887299.90000004,Beverages
New York,2021-03-14,302978824.9,Beverages
New York,2021-03-21,298280258.3,Beverages
New York,2021-03-28,252738721.79999998,Beverages
New York,2021-04-04,260397143.60000002,Beverages
New York,2021-04-07,324347057.29999995,Beverages
New York,2021-04-18,251939168.89999998,Beverages
New York,2021-04-25,259017715.6,Beverages
New York,2021-05-09,295669694.3,Beverages
New York,2021-05-12,373755426.7,Beverages
New York,2021-05-16,272939159.3,Beverages
New York,2021-05-23,305640440.40000004,Beverages
New York,2021-05-30,295447775.3,Beverages
New York,2021-06-06,287621786.59999996,Beverages
New York,2021-06-13,310781451.7,Beverages
New York,2021-06-20,299271436.8,Beverages
New York,2021-06-27,303611432.3,Beverages
New York,2021-07-02,252825597.5,Beverages
New York,2021-07-03,265880961.60000002,Beverages
New York,2021-07-11,387419581.59999996,Beverages
New York,2021-07-18,300180174.9,Beverages
New York,2021-07-25,304886897.3,Beverages
New York,2021-08-08,303039914.6,Beverages
New York,2021-08-15,313023910.1,Beverages
New York,2021-08-22,294983605.6,Beverages
New York,2021-08-29,295457101.8,Beverages
New York,2021-09-05,274095647.9,Beverages
New York,2021-09-19,279297071.79999995,Beverages
New York,2021-09-26,277853468.0,Beverages
New York,2021-10-01,250105856.8,Beverages
New York,2021-10-10,403148965.4,Beverages
New York,2021-10-17,383288005.7,Beverages
New York,2021-10-24,380250399.1,Beverages
New York,2021-10-31,373302522.59999996,Beverages
New York,2021-11-04,263431939.9,Beverages
New York,2021-11-07,302761906.09999996,Beverages
New York,2021-11-14,391749072.09999996,Beverages
New York,2021-11-21,397448170.0,Beverages
New York,2021-11-28,379356773.09999996,Beverages
New York,2021-12-09,286048551.3,Beverages
New York,2021-12-12,389500262.29999995,Beverages
New York,2021-12-19,399508747.6,Beverages
New York,2021-12-26,394759409.20000005,Beverages
New York,2022-01-05,409395896.90000004,Beverages
New York,2022-01-16,391697962.7,Beverages
New York,2022-01-23,363372584.3,Beverages
New York,2022-01-30,373188823.90000004,Beverages
New York,2022-02-01,377001512.29999995,Beverages
New York,2022-02-10,420702847.90000004,Beverages
New York,2022-02-13,381278050.6,Beverages
New York,2022-02-20,368925237.8,Beverages
New York,2022-02-27,377390305.1,Beverages
New York,2022-03-04,402829223.8,Beverages
New York,2022-03-07,505790144.8,Beverages
New York,2022-03-13,394353050.7,Beverages
New York,2022-03-20,393035586.00000006,Beverages
New York,2022-03-27,394467218.79999995,Beverages
New York,2022-04-09,454228372.20000005,Beverages
New York,2022-04-12,390891170.59999996,Beverages
New York,2022-04-17,415468707.09999996,Beverages
New York,2022-04-24,390688799.3999999,Beverages
New York,2022-05-06,452815638.2,Beverages
New York,2022-05-15,432556480.20000005,Beverages
New York,2022-05-22,463629758.0,Beverages
New York,2022-05-29,449893991.8,Beverages
New York,2022-06-02,378756475.0,Beverages
New York,2022-06-03,390502426.00000006,Beverages
New York,2022-06-11,414658872.5,Beverages
New York,2022-06-19,455675393.0,Beverages
New York,2022-06-26,471218053.79999995,Beverages
New York,2022-07-08,471705695.3,Beverages
New York,2022-07-17,472504381.6,Beverages
New York,2022-07-24,470465101.29999995,Beverages
New York,2022-07-31,467768086.79999995,Beverages
New York,2022-08-05,423986354.6,Beverages
New York,2022-08-14,471032963.79999995,Beverages
New York,2022-08-21,456045796.8,Beverages
New York,2022-08-28,451314586.1,Beverages
New York,2022-09-01,379375721.29999995,Beverages
New York,2022-09-10,423193050.79999995,Beverages
New York,2022-09-18,433258418.1,Beverages
New York,2022-09-25,426238755.09999996,Beverages
New York,2022-10-04,408505909.40000004,Beverages
New York,2022-10-07,469314535.5,Beverages
New York,2022-10-16,411644554.6,Beverages
New York,2022-10-23,407301139.6,Beverages
New York,2022-10-30,404190797.40000004,Beverages
New York,2022-11-09,436726666.90000004,Beverages
New York,2022-11-12,417981284.50000006,Beverages
New York,2022-11-13,415690860.49999994,Beverages
New York,2022-11-20,413445518.9,Beverages
New York,2022-11-27,426665131.49999994,Beverages
New York,2022-12-06,463353692.3,Beverages
New York,2022-12-18,421615746.1,Beverages
New York,2022-12-25,442906401.20000005,Beverages
New York,2023-01-01,398803114.4,Beverages
New York,2023-01-15,403348511.1000001,Beverages
New York,2023-01-22,393187482.5,Beverages
New York,2023-01-29,394145632.90000004,Beverages
New York,2023-02-04,413078347.70000005,Beverages
New York,2023-02-19,397662727.90000004,Beverages
New York,2023-02-26,399007848.79999995,Beverages
New York,2023-03-19,457965796.49999994,Beverages
New York,2023-03-26,406905861.1999999,Beverages
New York,2023-04-16,438996451.1,Beverages
New York,2023-04-23,422336065.40000004,Beverages
New York,2023-04-30,427489274.7,Beverages
New York,2023-05-02,398935374.6999999,Beverages
New York,2023-05-03,426576705.9,Beverages
New York,2023-07-05,448720269.8,Beverages
New York,2023-08-01,401146601.7,Beverages
New York,2023-09-04,437785678.4,Beverages
New York,2023-12-02,416142347.6,Beverages
New York,2023-12-03,462900602.70000005,Beverages
North Carolina,2019-01-12,182341458.0,Beverages
North Carolina,2019-03-11,188325661.0,Beverages
North Carolina,2019-06-10,212919687.79999998,Beverages
North Carolina,2019-08-12,190647025.1,Beverages
North Carolina,2019-10-11,188606220.9,Beverages
North Carolina,2019-10-13,201468060.6,Beverages
North Carolina,2019-10-20,192796951.6,Beverages
North Carolina,2019-10-27,185626410.7,Beverages
North Carolina,2019-11-17,187088912.7,Beverages
North Carolina,2019-11-24,188661091.3,Beverages
North Carolina,2019-12-15,180282479.1,Beverages
North Carolina,2019-12-22,202939686.0,Beverages
North Carolina,2019-12-29,179605853.79999998,Beverages
North Carolina,2020-01-03,191518854.6,Beverages
North Carolina,2020-01-11,206272025.4,Beverages
North Carolina,2020-01-19,182962942.3,Beverages
North Carolina,2020-01-26,179715822.29999998,Beverages
North Carolina,2020-02-02,186628119.5,Beverages
North Carolina,2020-02-08,234057032.9,Beverages
North Carolina,2020-02-16,180716589.6,Beverages
North Carolina,2020-02-23,179535689.9,Beverages
North Carolina,2020-03-05,218258710.8,Beverages
North Carolina,2020-03-15,232460480.1,Beverages
North Carolina,2020-03-22,214675669.5,Beverages
North Carolina,2020-03-29,198659312.4,Beverages
North Carolina,2020-04-10,219051175.5,Beverages
North Carolina,2020-04-19,204203390.2,Beverages
North Carolina,2020-04-26,203758326.60000002,Beverages
North Carolina,2020-05-01,178890817.79999998,Beverages
North Carolina,2020-05-04,201730136.20000002,Beverages
North Carolina,2020-05-07,241370136.6,Beverages
North Carolina,2020-05-17,221743633.29999998,Beverages
North Carolina,2020-05-24,226324934.60000002,Beverages
North Carolina,2020-05-31,220754539.10000002,Beverages
North Carolina,2020-06-09,236127507.2,Beverages
North Carolina,2020-06-12,195796595.3,Beverages
North Carolina,2020-06-14,225712157.5,Beverages
North Carolina,2020-06-21,221508792.7,Beverages
North Carolina,2020-06-28,234828042.70000002,Beverages
North Carolina,2020-07-06,227809116.9,Beverages
North Carolina,2020-07-19,239036601.89999998,Beverages
North Carolina,2020-07-26,230211946.20000002,Beverages
North Carolina,2020-08-03,196435895.4,Beverages
North Carolina,2020-08-11,205375019.5,Beverages
North Carolina,2020-08-16,228995926.6,Beverages
North Carolina,2020-08-23,222834290.7,Beverages
North Carolina,2020-08-30,233981320.7,Beverages
North Carolina,2020-09-02,184957410.2,Beverages
North Carolina,2020-09-08,229864947.29999998,Beverages
North Carolina,2020-09-13,218369409.6,Beverages
North Carolina,2020-09-20,213160624.89999998,Beverages
North Carolina,2020-09-27,213896721.7,Beverages
North Carolina,2020-10-05,214465563.7,Beverages
North Carolina,2020-10-18,206647392.9,Beverages
North Carolina,2020-10-25,207366034.7,Beverages
North Carolina,2020-11-10,214391730.8,Beverages
North Carolina,2020-11-15,202009932.7,Beverages
North Carolina,2020-11-22,210278427.5,Beverages
North Carolina,2020-11-29,195949554.4,Beverages
North Carolina,2020-12-01,183461142.39999998,Beverages
North Carolina,2020-12-04,205079929.3,Beverages
North Carolina,2020-12-07,227165538.89999998,Beverages
North Carolina,2020-12-13,201006437.79999998,Beverages
North Carolina,2020-12-20,211981451.29999998,Beverages
North Carolina,2020-12-27,192971374.5,Beverages
North Carolina,2021-01-08,259772020.10000002,Beverages
North Carolina,2021-01-17,198861442.39999998,Beverages
North Carolina,2021-01-24,194192189.79999998,Beverages
North Carolina,2021-01-31,194920348.2,Beverages
North Carolina,2021-02-05,234669454.0,Beverages
North Carolina,2021-02-14,193478579.0,Beverages
North Carolina,2021-02-21,197170474.9,Beverages
North Carolina,2021-02-28,205260322.1,Beverages
North Carolina,2021-03-01,197454738.29999998,Beverages
North Carolina,2021-03-10,339832032.6999999,Beverages
North Carolina,2021-03-14,250149444.20000002,Beverages
North Carolina,2021-03-21,231871132.60000002,Beverages
North Carolina,2021-03-28,214576034.4,Beverages
North Carolina,2021-04-04,218644432.7,Beverages
North Carolina,2021-04-07,262767858.1,Beverages
North Carolina,2021-04-18,222625361.6,Beverages
North Carolina,2021-04-25,219968570.0,Beverages
North Carolina,2021-05-09,255605153.9,Beverages
North Carolina,2021-05-12,316615926.59999996,Beverages
North Carolina,2021-05-16,230922246.5,Beverages
North Carolina,2021-05-23,237750009.0,Beverages
North Carolina,2021-05-30,243956229.9,Beverages
North Carolina,2021-06-06,245680592.3,Beverages
North Carolina,2021-06-13,244831126.4,Beverages
North Carolina,2021-06-20,240639005.6,Beverages
North Carolina,2021-06-27,246422545.0,Beverages
North Carolina,2021-07-02,197921621.7,Beverages
North Carolina,2021-07-03,213801184.3,Beverages
North Carolina,2021-07-11,314989401.40000004,Beverages
North Carolina,2021-07-18,255252518.7,Beverages
North Carolina,2021-07-25,250374721.5,Beverages
North Carolina,2021-08-08,250510025.4,Beverages
North Carolina,2021-08-15,252832997.60000002,Beverages
North Carolina,2021-08-22,247922536.5,Beverages
North Carolina,2021-08-29,254935959.8,Beverages
North Carolina,2021-09-05,232823525.6,Beverages
North Carolina,2021-09-19,236472548.3,Beverages
North Carolina,2021-09-26,229811508.5,Beverages
North Carolina,2021-10-01,198023452.5,Beverages
North Carolina,2021-10-10,329225662.8,Beverages
North Carolina,2021-10-17,326334722.29999995,Beverages
North Carolina,2021-10-24,321305791.3,Beverages
North Carolina,2021-10-31,318918241.90000004,Beverages
North Carolina,2021-11-04,227854029.9,Beverages
North Carolina,2021-11-07,243558258.0,Beverages
North Carolina,2021-11-14,319937028.3,Beverages
North Carolina,2021-11-21,323170370.3999999,Beverages
North Carolina,2021-11-28,301100477.8,Beverages
North Carolina,2021-12-09,237152612.4,Beverages
North Carolina,2021-12-12,304892072.0,Beverages
North Carolina,2021-12-19,324501073.0,Beverages
North Carolina,2021-12-26,311816527.49999994,Beverages
North Carolina,2022-01-05,359106865.40000004,Beverages
North Carolina,2022-01-16,317739309.0,Beverages
North Carolina,2022-01-23,303277161.7,Beverages
North Carolina,2022-01-30,305642940.4,Beverages
North Carolina,2022-02-01,307769918.7,Beverages
North Carolina,2022-02-10,366438629.40000004,Beverages
North Carolina,2022-02-13,305513058.4,Beverages
North Carolina,2022-02-20,304085029.8000001,Beverages
North Carolina,2022-02-27,320728629.4,Beverages
North Carolina,2022-03-04,335983497.0,Beverages
North Carolina,2022-03-07,391066707.2,Beverages
North Carolina,2022-03-13,327342069.90000004,Beverages
North Carolina,2022-03-20,324796946.09999996,Beverages
North Carolina,2022-03-27,331119761.6,Beverages
North Carolina,2022-04-09,387763950.79999995,Beverages
North Carolina,2022-04-12,329838245.8,Beverages
North Carolina,2022-04-17,346129560.2,Beverages
North Carolina,2022-04-24,338935745.09999996,Beverages
North Carolina,2022-05-06,360594346.4,Beverages
North Carolina,2022-05-15,349324173.29999995,Beverages
North Carolina,2022-05-22,375923742.09999996,Beverages
North Carolina,2022-05-29,377415582.59999996,Beverages
North Carolina,2022-06-02,307446659.1,Beverages
North Carolina,2022-06-03,327412712.90000004,Beverages
North Carolina,2022-06-11,336065450.2,Beverages
North Carolina,2022-06-19,374160521.20000005,Beverages
North Carolina,2022-06-26,372911004.5,Beverages
North Carolina,2022-07-08,385628351.4,Beverages
North Carolina,2022-07-17,373161786.59999996,Beverages
North Carolina,2022-07-24,375550449.70000005,Beverages
North Carolina,2022-07-31,388253575.70000005,Beverages
North Carolina,2022-08-05,354025894.79999995,Beverages
North Carolina,2022-08-14,383416220.6,Beverages
North Carolina,2022-08-21,374279033.0,Beverages
North Carolina,2022-08-28,390886096.09999996,Beverages
North Carolina,2022-09-01,307415597.1,Beverages
North Carolina,2022-09-10,346157532.6,Beverages
North Carolina,2022-09-18,362873266.40000004,Beverages
North Carolina,2022-09-25,364029671.7,Beverages
North Carolina,2022-10-04,345884804.9,Beverages
North Carolina,2022-10-07,364210620.1,Beverages
North Carolina,2022-10-16,348578177.59999996,Beverages
North Carolina,2022-10-23,341495601.8,Beverages
North Carolina,2022-10-30,339188862.3999999,Beverages
North Carolina,2022-11-09,359529906.0,Beverages
North Carolina,2022-11-12,331479549.6000001,Beverages
North Carolina,2022-11-13,337474741.70000005,Beverages
North Carolina,2022-11-20,347135354.8,Beverages
North Carolina,2022-11-27,327820083.9,Beverages
North Carolina,2022-12-06,365018163.3,Beverages
North Carolina,2022-12-18,349522958.1,Beverages
North Carolina,2022-12-25,344835446.70000005,Beverages
North Carolina,2023-01-01,329375263.79999995,Beverages
North Carolina,2023-01-15,337781731.6,Beverages
North Carolina,2023-01-22,319300279.9,Beverages
North Carolina,2023-01-29,324629871.9,Beverages
North Carolina,2023-02-04,350781557.1,Beverages
North Carolina,2023-02-19,332000463.9,Beverages
North Carolina,2023-02-26,339919144.40000004,Beverages
North Carolina,2023-03-19,362190665.3000001,Beverages
North Carolina,2023-03-26,347895364.70000005,Beverages
North Carolina,2023-04-16,360726490.20000005,Beverages
North Carolina,2023-04-23,364452659.7,Beverages
North Carolina,2023-04-30,368494193.6,Beverages
North Carolina,2023-05-02,324210091.79999995,Beverages
North Carolina,2023-05-03,352498464.90000004,Beverages
North Carolina,2023-07-05,373088425.3,Beverages
North Carolina,2023-08-01,322909955.0,Beverages
North Carolina,2023-09-04,359940244.2,Beverages
North Carolina,2023-12-02,331090097.1,Beverages
North Carolina,2023-12-03,382671103.40000004,Beverages
Ohio,2019-01-12,194452564.4,Beverages
Ohio,2019-03-11,198087098.4,Beverages
Ohio,2019-06-10,219232698.5,Beverages
Ohio,2019-08-12,196752183.0,Beverages
Ohio,2019-10-11,198142591.70000002,Beverages
Ohio,2019-10-13,211680283.1,Beverages
Ohio,2019-10-20,201987064.1,Beverages
Ohio,2019-10-27,197831851.4,Beverages
Ohio,2019-11-17,200628465.60000002,Beverages
Ohio,2019-11-24,204767242.8,Beverages
Ohio,2019-12-15,202276981.0,Beverages
Ohio,2019-12-22,214289030.89999998,Beverages
Ohio,2019-12-29,199101095.5,Beverages
Ohio,2020-01-03,207137431.1,Beverages
Ohio,2020-01-11,212163691.70000002,Beverages
Ohio,2020-01-19,201220135.8,Beverages
Ohio,2020-01-26,185511872.5,Beverages
Ohio,2020-02-02,194171999.4,Beverages
Ohio,2020-02-08,238840787.2,Beverages
Ohio,2020-02-16,193373326.8,Beverages
Ohio,2020-02-23,198453917.1,Beverages
Ohio,2020-03-05,223836359.79999998,Beverages
Ohio,2020-03-15,240524149.5,Beverages
Ohio,2020-03-22,228133662.0,Beverages
Ohio,2020-03-29,199404366.3,Beverages
Ohio,2020-04-10,227625341.3,Beverages
Ohio,2020-04-19,213052314.5,Beverages
Ohio,2020-04-26,209183034.29999998,Beverages
Ohio,2020-05-01,194707669.4,Beverages
Ohio,2020-05-04,210675230.1,Beverages
Ohio,2020-05-07,267702631.1,Beverages
Ohio,2020-05-17,225003095.3,Beverages
Ohio,2020-05-24,240369773.20000002,Beverages
Ohio,2020-05-31,236247660.7,Beverages
Ohio,2020-06-09,233961924.0,Beverages
Ohio,2020-06-12,203933465.5,Beverages
Ohio,2020-06-14,238503356.79999998,Beverages
Ohio,2020-06-21,237637395.5,Beverages
Ohio,2020-06-28,247324697.3,Beverages
Ohio,2020-07-06,241583578.5,Beverages
Ohio,2020-07-19,248164572.6,Beverages
Ohio,2020-07-26,236520987.20000002,Beverages
Ohio,2020-08-03,210814995.5,Beverages
Ohio,2020-08-11,214492818.9,Beverages
Ohio,2020-08-16,240222406.0,Beverages
Ohio,2020-08-23,235466938.8,Beverages
Ohio,2020-08-30,234735308.1,Beverages
Ohio,2020-09-02,194908906.1,Beverages
Ohio,2020-09-08,238780800.8,Beverages
Ohio,2020-09-13,229873377.6,Beverages
Ohio,2020-09-20,226091818.1,Beverages
Ohio,2020-09-27,224932590.20000002,Beverages
Ohio,2020-10-05,226238936.7,Beverages
Ohio,2020-10-18,217012144.4,Beverages
Ohio,2020-10-25,212195347.9,Beverages
Ohio,2020-11-10,222210218.0,Beverages
Ohio,2020-11-15,219089700.8,Beverages
Ohio,2020-11-22,222840501.4,Beverages
Ohio,2020-11-29,206662430.20000002,Beverages
Ohio,2020-12-01,195597050.7,Beverages
Ohio,2020-12-04,214025157.79999998,Beverages
Ohio,2020-12-07,244679995.9,Beverages
Ohio,2020-12-13,212194947.1,Beverages
Ohio,2020-12-20,221969823.1,Beverages
Ohio,2020-12-27,211281604.4,Beverages
Ohio,2021-01-08,258370632.29999998,Beverages
Ohio,2021-01-17,211318771.8,Beverages
Ohio,2021-01-24,206193705.9,Beverages
Ohio,2021-01-31,210181156.4,Beverages
Ohio,2021-02-05,241188312.5,Beverages
Ohio,2021-02-14,209649079.9,Beverages
Ohio,2021-02-21,205054556.10000002,Beverages
Ohio,2021-02-28,215469980.10000002,Beverages
Ohio,2021-03-01,206189547.5,Beverages
Ohio,2021-03-10,350738186.8000001,Beverages
Ohio,2021-03-14,256382315.0,Beverages
Ohio,2021-03-21,244453800.9,Beverages
Ohio,2021-03-28,218687883.4,Beverages
Ohio,2021-04-04,230104965.5,Beverages
Ohio,2021-04-07,285647803.8,Beverages
Ohio,2021-04-18,225595013.70000002,Beverages
Ohio,2021-04-25,229411899.89999998,Beverages
Ohio,2021-05-09,260169045.8,Beverages
Ohio,2021-05-12,318626998.09999996,Beverages
Ohio,2021-05-16,236972446.5,Beverages
Ohio,2021-05-23,257609253.8,Beverages
Ohio,2021-05-30,260805091.0,Beverages
Ohio,2021-06-06,255965467.2,Beverages
Ohio,2021-06-13,260247808.4,Beverages
Ohio,2021-06-20,261049328.5,Beverages
Ohio,2021-06-27,255681941.5,Beverages
Ohio,2021-07-02,208721326.6,Beverages
Ohio,2021-07-03,225933533.4,Beverages
Ohio,2021-07-11,330215048.2,Beverages
Ohio,2021-07-18,255957268.4,Beverages
Ohio,2021-07-25,257077480.9,Beverages
Ohio,2021-08-08,257301256.0,Beverages
Ohio,2021-08-15,260135445.3,Beverages
Ohio,2021-08-22,254931699.60000002,Beverages
Ohio,2021-08-29,263053999.10000002,Beverages
Ohio,2021-09-05,239651791.0,Beverages
Ohio,2021-09-19,245657727.6,Beverages
Ohio,2021-09-26,239275636.0,Beverages
Ohio,2021-10-01,206010974.7,Beverages
Ohio,2021-10-10,347613232.09999996,Beverages
Ohio,2021-10-17,338945509.49999994,Beverages
Ohio,2021-10-24,328756526.59999996,Beverages
Ohio,2021-10-31,327228674.4,Beverages
Ohio,2021-11-04,228406974.9,Beverages
Ohio,2021-11-07,258660828.7,Beverages
Ohio,2021-11-14,338932007.0,Beverages
Ohio,2021-11-21,343745435.6,Beverages
Ohio,2021-11-28,313850753.5,Beverages
Ohio,2021-12-09,244404074.70000002,Beverages
Ohio,2021-12-12,329606167.3,Beverages
Ohio,2021-12-19,350739795.4,Beverages
Ohio,2021-12-26,329634201.40000004,Beverages
Ohio,2022-01-05,363505082.5,Beverages
Ohio,2022-01-16,333776107.90000004,Beverages
Ohio,2022-01-23,312961229.4,Beverages
Ohio,2022-01-30,325142325.4,Beverages
Ohio,2022-02-01,317556878.4,Beverages
Ohio,2022-02-10,371926158.09999996,Beverages
Ohio,2022-02-13,327062387.8,Beverages
Ohio,2022-02-20,317667281.6,Beverages
Ohio,2022-02-27,336017692.0,Beverages
Ohio,2022-03-04,355092499.5,Beverages
Ohio,2022-03-07,422656740.8,Beverages
Ohio,2022-03-13,342923345.00000006,Beverages
Ohio,2022-03-20,342949048.20000005,Beverages
Ohio,2022-03-27,345210330.5,Beverages
Ohio,2022-04-09,391219461.20000005,Beverages
Ohio,2022-04-12,338187046.6000001,Beverages
Ohio,2022-04-17,364386081.20000005,Beverages
Ohio,2022-04-24,344406838.6,Beverages
Ohio,2022-05-06,379192216.9,Beverages
Ohio,2022-05-15,374421962.4,Beverages
Ohio,2022-05-22,392819352.6,Beverages
Ohio,2022-05-29,389766405.2,Beverages
Ohio,2022-06-02,323243634.3,Beverages
Ohio,2022-06-03,341919689.70000005,Beverages
Ohio,2022-06-11,352545429.59999996,Beverages
Ohio,2022-06-19,385777555.40000004,Beverages
Ohio,2022-06-26,393034379.1,Beverages
Ohio,2022-07-08,398641730.40000004,Beverages
Ohio,2022-07-17,384440093.0,Beverages
Ohio,2022-07-24,384467291.50000006,Beverages
Ohio,2022-07-31,393398134.90000004,Beverages
Ohio,2022-08-05,362430700.49999994,Beverages
Ohio,2022-08-14,388633202.6,Beverages
Ohio,2022-08-21,386809037.79999995,Beverages
Ohio,2022-08-28,391441091.6999999,Beverages
Ohio,2022-09-01,317735764.09999996,Beverages
Ohio,2022-09-10,367820684.79999995,Beverages
Ohio,2022-09-18,377247508.6,Beverages
Ohio,2022-09-25,366224652.70000005,Beverages
Ohio,2022-10-04,354698621.79999995,Beverages
Ohio,2022-10-07,384253587.5,Beverages
Ohio,2022-10-16,361905756.90000004,Beverages
Ohio,2022-10-23,351248017.2,Beverages
Ohio,2022-10-30,351473786.29999995,Beverages
Ohio,2022-11-09,374480053.7,Beverages
Ohio,2022-11-12,349988156.40000004,Beverages
Ohio,2022-11-13,353850999.29999995,Beverages
Ohio,2022-11-20,364957301.3,Beverages
Ohio,2022-11-27,348892641.5,Beverages
Ohio,2022-12-06,374709729.79999995,Beverages
Ohio,2022-12-18,371400664.2,Beverages
Ohio,2022-12-25,373152315.2,Beverages
Ohio,2023-01-01,334633506.2,Beverages
Ohio,2023-01-15,340904510.99999994,Beverages
Ohio,2023-01-22,335002264.2,Beverages
Ohio,2023-01-29,340561717.3,Beverages
Ohio,2023-02-04,359887955.29999995,Beverages
Ohio,2023-02-19,347650674.1,Beverages
Ohio,2023-02-26,353624113.1000001,Beverages
Ohio,2023-03-19,378725666.0,Beverages
Ohio,2023-03-26,350900425.40000004,Beverages
Ohio,2023-04-16,374911717.90000004,Beverages
Ohio,2023-04-23,369690370.50000006,Beverages
Ohio,2023-04-30,381198122.8,Beverages
Ohio,2023-05-02,343769115.99999994,Beverages
Ohio,2023-05-03,370462700.1999999,Beverages
Ohio,2023-07-05,385825886.4,Beverages
Ohio,2023-08-01,330617116.49999994,Beverages
Ohio,2023-09-04,373981009.8,Beverages
Ohio,2023-12-02,351100216.9,Beverages
Ohio,2023-12-03,396326367.5,Beverages
Oklahoma,2019-01-12,77743069.7,Beverages
Oklahoma,2019-03-11,78606323.7,Beverages
Oklahoma,2019-06-10,85463185.5,Beverages
Oklahoma,2019-08-12,79333315.5,Beverages
Oklahoma,2019-10-11,79735846.69999999,Beverages
Oklahoma,2019-10-13,80326242.9,Beverages
Oklahoma,2019-10-20,77607881.19999999,Beverages
Oklahoma,2019-10-27,75895542.9,Beverages
Oklahoma,2019-11-17,78375342.60000001,Beverages
Oklahoma,2019-11-24,78566415.69999999,Beverages
Oklahoma,2019-12-15,75511948.5,Beverages
Oklahoma,2019-12-22,79011299.7,Beverages
Oklahoma,2019-12-29,74528180.6,Beverages
Oklahoma,2020-01-03,82141565.8,Beverages
Oklahoma,2020-01-11,81182719.6,Beverages
Oklahoma,2020-01-19,75239593.2,Beverages
Oklahoma,2020-01-26,72603774.6,Beverages
Oklahoma,2020-02-02,76740453.69999999,Beverages
Oklahoma,2020-02-08,90586372.8,Beverages
Oklahoma,2020-02-16,76079558.6,Beverages
Oklahoma,2020-02-23,75792846.5,Beverages
Oklahoma,2020-03-05,88871582.3,Beverages
Oklahoma,2020-03-15,90347233.9,Beverages
Oklahoma,2020-03-22,88597026.2,Beverages
Oklahoma,2020-03-29,80631132.8,Beverages
Oklahoma,2020-04-10,88335873.4,Beverages
Oklahoma,2020-04-19,83048164.10000001,Beverages
Oklahoma,2020-04-26,83200719.60000001,Beverages
Oklahoma,2020-05-01,74745582.4,Beverages
Oklahoma,2020-05-04,83714875.2,Beverages
Oklahoma,2020-05-07,99205082.8,Beverages
Oklahoma,2020-05-17,86966075.6,Beverages
Oklahoma,2020-05-24,89019568.89999999,Beverages
Oklahoma,2020-05-31,86013312.39999999,Beverages
Oklahoma,2020-06-09,94396915.3,Beverages
Oklahoma,2020-06-12,80958929.6,Beverages
Oklahoma,2020-06-14,92684021.3,Beverages
Oklahoma,2020-06-21,90904541.5,Beverages
Oklahoma,2020-06-28,90695834.9,Beverages
Oklahoma,2020-07-06,94400100.39999999,Beverages
Oklahoma,2020-07-19,93341989.5,Beverages
Oklahoma,2020-07-26,89731977.5,Beverages
Oklahoma,2020-08-03,85093040.3,Beverages
Oklahoma,2020-08-11,86781883.9,Beverages
Oklahoma,2020-08-16,94816278.0,Beverages
Oklahoma,2020-08-23,90109169.8,Beverages
Oklahoma,2020-08-30,90142387.2,Beverages
Oklahoma,2020-09-02,76848767.3,Beverages
Oklahoma,2020-09-08,93480651.39999999,Beverages
Oklahoma,2020-09-13,89514979.8,Beverages
Oklahoma,2020-09-20,88421652.5,Beverages
Oklahoma,2020-09-27,85283479.5,Beverages
Oklahoma,2020-10-05,87590117.0,Beverages
Oklahoma,2020-10-18,85645823.9,Beverages
Oklahoma,2020-10-25,80946231.80000001,Beverages
Oklahoma,2020-11-10,87882414.0,Beverages
Oklahoma,2020-11-15,83683256.7,Beverages
Oklahoma,2020-11-22,85284484.7,Beverages
Oklahoma,2020-11-29,81307553.5,Beverages
Oklahoma,2020-12-01,76919151.4,Beverages
Oklahoma,2020-12-04,84529308.4,Beverages
Oklahoma,2020-12-07,91139684.89999999,Beverages
Oklahoma,2020-12-13,82702749.7,Beverages
Oklahoma,2020-12-20,81442286.5,Beverages
Oklahoma,2020-12-27,79754543.0,Beverages
Oklahoma,2021-01-08,97749346.0,Beverages
Oklahoma,2021-01-17,80475327.2,Beverages
Oklahoma,2021-01-24,78059157.2,Beverages
Oklahoma,2021-01-31,79728180.8,Beverages
Oklahoma,2021-02-05,94001880.60000001,Beverages
Oklahoma,2021-02-14,84187147.10000001,Beverages
Oklahoma,2021-02-21,73866344.5,Beverages
Oklahoma,2021-02-28,85254958.7,Beverages
Oklahoma,2021-03-01,79645363.0,Beverages
Oklahoma,2021-03-10,139578544.8,Beverages
Oklahoma,2021-03-14,95931309.8,Beverages
Oklahoma,2021-03-21,94265847.7,Beverages
Oklahoma,2021-03-28,86437960.1,Beverages
Oklahoma,2021-04-04,90092014.39999999,Beverages
Oklahoma,2021-04-07,101861975.8,Beverages
Oklahoma,2021-04-18,87746181.5,Beverages
Oklahoma,2021-04-25,89062162.5,Beverages
Oklahoma,2021-05-09,102611165.5,Beverages
Oklahoma,2021-05-12,128954974.9,Beverages
Oklahoma,2021-05-16,91205564.5,Beverages
Oklahoma,2021-05-23,93113160.2,Beverages
Oklahoma,2021-05-30,91015535.2,Beverages
Oklahoma,2021-06-06,98464486.39999999,Beverages
Oklahoma,2021-06-13,102717507.3,Beverages
Oklahoma,2021-06-20,102288532.8,Beverages
Oklahoma,2021-06-27,96237763.0,Beverages
Oklahoma,2021-07-02,84110541.7,Beverages
Oklahoma,2021-07-03,90099344.2,Beverages
Oklahoma,2021-07-11,133270329.7,Beverages
Oklahoma,2021-07-18,100015738.7,Beverages
Oklahoma,2021-07-25,97954900.7,Beverages
Oklahoma,2021-08-08,102015570.39999999,Beverages
Oklahoma,2021-08-15,104210130.1,Beverages
Oklahoma,2021-08-22,98328221.1,Beverages
Oklahoma,2021-08-29,99095058.89999999,Beverages
Oklahoma,2021-09-05,96078346.0,Beverages
Oklahoma,2021-09-19,97937979.2,Beverages
Oklahoma,2021-09-26,93647772.60000001,Beverages
Oklahoma,2021-10-01,82319645.60000001,Beverages
Oklahoma,2021-10-10,138432303.7,Beverages
Oklahoma,2021-10-17,133311603.39999999,Beverages
Oklahoma,2021-10-24,129819103.7,Beverages
Oklahoma,2021-10-31,128210997.10000001,Beverages
Oklahoma,2021-11-04,90326404.1,Beverages
Oklahoma,2021-11-07,98249578.7,Beverages
Oklahoma,2021-11-14,132050714.99999999,Beverages
Oklahoma,2021-11-21,132271455.19999999,Beverages
Oklahoma,2021-11-28,124661602.0,Beverages
Oklahoma,2021-12-09,98084759.2,Beverages
Oklahoma,2021-12-12,128121754.5,Beverages
Oklahoma,2021-12-19,128793170.49999999,Beverages
Oklahoma,2021-12-26,128582523.99999999,Beverages
Oklahoma,2022-01-05,137163267.4,Beverages
Oklahoma,2022-01-16,130810459.7,Beverages
Oklahoma,2022-01-23,123087657.8,Beverages
Oklahoma,2022-01-30,126661785.39999999,Beverages
Oklahoma,2022-02-01,122812645.5,Beverages
Oklahoma,2022-02-10,144114760.0,Beverages
Oklahoma,2022-02-13,133213655.8,Beverages
Oklahoma,2022-02-20,122053637.49999999,Beverages
Oklahoma,2022-02-27,130023889.8,Beverages
Oklahoma,2022-03-04,141210549.59999996,Beverages
Oklahoma,2022-03-07,153118813.0,Beverages
Oklahoma,2022-03-13,136461942.20000002,Beverages
Oklahoma,2022-03-20,134978035.4,Beverages
Oklahoma,2022-03-27,132847810.00000001,Beverages
Oklahoma,2022-04-09,156360684.99999997,Beverages
Oklahoma,2022-04-12,133222494.2,Beverages
Oklahoma,2022-04-17,140765828.4,Beverages
Oklahoma,2022-04-24,133940730.8,Beverages
Oklahoma,2022-05-06,142131462.00000003,Beverages
Oklahoma,2022-05-15,143855272.20000002,Beverages
Oklahoma,2022-05-22,139771358.7,Beverages
Oklahoma,2022-05-29,135755043.59999996,Beverages
Oklahoma,2022-06-02,127526645.30000001,Beverages
Oklahoma,2022-06-03,137714108.69999996,Beverages
Oklahoma,2022-06-11,138164353.70000002,Beverages
Oklahoma,2022-06-19,152890845.2,Beverages
Oklahoma,2022-06-26,147588859.7,Beverages
Oklahoma,2022-07-08,157651928.4,Beverages
Oklahoma,2022-07-17,152584163.00000003,Beverages
Oklahoma,2022-07-24,148155010.59999996,Beverages
Oklahoma,2022-07-31,152306096.7,Beverages
Oklahoma,2022-08-05,141285993.20000002,Beverages
Oklahoma,2022-08-14,159549606.89999998,Beverages
Oklahoma,2022-08-21,150724443.0,Beverages
Oklahoma,2022-08-28,149157621.50000003,Beverages
Oklahoma,2022-09-01,125894613.5,Beverages
Oklahoma,2022-09-10,147640274.59999996,Beverages
Oklahoma,2022-09-18,151038592.09999996,Beverages
Oklahoma,2022-09-25,145687931.6,Beverages
Oklahoma,2022-10-04,141755939.29999998,Beverages
Oklahoma,2022-10-07,151769463.5,Beverages
Oklahoma,2022-10-16,141443211.20000002,Beverages
Oklahoma,2022-10-23,134986428.20000002,Beverages
Oklahoma,2022-10-30,132940052.7,Beverages
Oklahoma,2022-11-09,153309864.4,Beverages
Oklahoma,2022-11-12,136075676.6,Beverages
Oklahoma,2022-11-13,137896120.8,Beverages
Oklahoma,2022-11-20,135567426.7,Beverages
Oklahoma,2022-11-27,132993117.1,Beverages
Oklahoma,2022-12-06,147942448.99999997,Beverages
Oklahoma,2022-12-18,137614795.70000002,Beverages
Oklahoma,2022-12-25,139698732.7,Beverages
Oklahoma,2023-01-01,128027304.7,Beverages
Oklahoma,2023-01-15,135596806.5,Beverages
Oklahoma,2023-01-22,130499779.3,Beverages
Oklahoma,2023-01-29,131289924.99999999,Beverages
Oklahoma,2023-02-04,141704836.1,Beverages
Oklahoma,2023-02-19,135360155.3,Beverages
Oklahoma,2023-02-26,135256254.8,Beverages
Oklahoma,2023-03-19,145942880.7,Beverages
Oklahoma,2023-03-26,137653756.8,Beverages
Oklahoma,2023-04-16,147173330.9,Beverages
Oklahoma,2023-04-23,144161747.1,Beverages
Oklahoma,2023-04-30,146135675.29999998,Beverages
Oklahoma,2023-05-02,135216389.00000003,Beverages
Oklahoma,2023-05-03,149196560.6,Beverages
Oklahoma,2023-07-05,154636605.6,Beverages
Oklahoma,2023-08-01,135062546.7,Beverages
Oklahoma,2023-09-04,150712861.99999997,Beverages
Oklahoma,2023-12-02,139263300.6,Beverages
Oklahoma,2023-12-03,151437048.5,Beverages
Oregon,2019-01-12,58257574.4,Beverages
Oregon,2019-03-11,60796877.4,Beverages
Oregon,2019-06-10,63944984.5,Beverages
Oregon,2019-08-12,59857037.9,Beverages
Oregon,2019-10-11,61552924.6,Beverages
Oregon,2019-10-13,62778734.8,Beverages
Oregon,2019-10-20,61126836.699999996,Beverages
Oregon,2019-10-27,59546507.4,Beverages
Oregon,2019-11-17,61015742.0,Beverages
Oregon,2019-11-24,60959598.8,Beverages
Oregon,2019-12-15,59979190.9,Beverages
Oregon,2019-12-22,65582615.4,Beverages
Oregon,2019-12-29,58675368.800000004,Beverages
Oregon,2020-01-03,64230389.699999996,Beverages
Oregon,2020-01-11,65902982.5,Beverages
Oregon,2020-01-19,56795066.3,Beverages
Oregon,2020-01-26,58377816.9,Beverages
Oregon,2020-02-02,60557263.2,Beverages
Oregon,2020-02-08,80871404.4,Beverages
Oregon,2020-02-16,56802263.9,Beverages
Oregon,2020-02-23,59501128.3,Beverages
Oregon,2020-03-05,73277376.0,Beverages
Oregon,2020-03-15,72106967.8,Beverages
Oregon,2020-03-22,70139254.89999999,Beverages
Oregon,2020-03-29,62638431.3,Beverages
Oregon,2020-04-10,70735757.6,Beverages
Oregon,2020-04-19,68700500.5,Beverages
Oregon,2020-04-26,67450879.60000001,Beverages
Oregon,2020-05-01,59870249.199999996,Beverages
Oregon,2020-05-04,65216666.0,Beverages
Oregon,2020-05-07,79284076.9,Beverages
Oregon,2020-05-17,69490828.5,Beverages
Oregon,2020-05-24,71299206.3,Beverages
Oregon,2020-05-31,73202192.69999999,Beverages
Oregon,2020-06-09,77441416.3,Beverages
Oregon,2020-06-12,64691824.1,Beverages
Oregon,2020-06-14,76096146.89999999,Beverages
Oregon,2020-06-21,73685177.5,Beverages
Oregon,2020-06-28,75752558.0,Beverages
Oregon,2020-07-06,75237395.6,Beverages
Oregon,2020-07-19,77462421.39999999,Beverages
Oregon,2020-07-26,77350341.3,Beverages
Oregon,2020-08-03,65194564.1,Beverages
Oregon,2020-08-11,67079891.800000004,Beverages
Oregon,2020-08-16,77714158.0,Beverages
Oregon,2020-08-23,75260646.30000001,Beverages
Oregon,2020-08-30,76088845.6,Beverages
Oregon,2020-09-02,59559349.400000006,Beverages
Oregon,2020-09-08,77553113.5,Beverages
Oregon,2020-09-13,71781835.89999999,Beverages
Oregon,2020-09-20,66947711.699999996,Beverages
Oregon,2020-09-27,66149796.4,Beverages
Oregon,2020-10-05,77387146.0,Beverages
Oregon,2020-10-18,65409368.8,Beverages
Oregon,2020-10-25,64629346.7,Beverages
Oregon,2020-11-10,68755330.7,Beverages
Oregon,2020-11-15,64517127.800000004,Beverages
Oregon,2020-11-22,66592956.7,Beverages
Oregon,2020-11-29,62889297.900000006,Beverages
Oregon,2020-12-01,58578362.0,Beverages
Oregon,2020-12-04,67070539.0,Beverages
Oregon,2020-12-07,75629013.6,Beverages
Oregon,2020-12-13,64893024.1,Beverages
Oregon,2020-12-20,68988949.5,Beverages
Oregon,2020-12-27,64198266.9,Beverages
Oregon,2021-01-08,87403941.3,Beverages
Oregon,2021-01-17,63206424.7,Beverages
Oregon,2021-01-24,62798389.7,Beverages
Oregon,2021-01-31,63397751.7,Beverages
Oregon,2021-02-05,77119513.60000001,Beverages
Oregon,2021-02-14,63689992.7,Beverages
Oregon,2021-02-21,63403369.5,Beverages
Oregon,2021-02-28,66943352.2,Beverages
Oregon,2021-03-01,65702534.6,Beverages
Oregon,2021-03-10,109358124.19999999,Beverages
Oregon,2021-03-14,76233386.5,Beverages
Oregon,2021-03-21,74480606.69999999,Beverages
Oregon,2021-03-28,66604606.900000006,Beverages
Oregon,2021-04-04,72067411.8,Beverages
Oregon,2021-04-07,88375865.2,Beverages
Oregon,2021-04-18,75450877.9,Beverages
Oregon,2021-04-25,73646636.1,Beverages
Oregon,2021-05-09,85701988.2,Beverages
Oregon,2021-05-12,99250312.9,Beverages
Oregon,2021-05-16,78986877.6,Beverages
Oregon,2021-05-23,75666448.2,Beverages
Oregon,2021-05-30,79225585.1,Beverages
Oregon,2021-06-06,81955738.39999999,Beverages
Oregon,2021-06-13,76750662.2,Beverages
Oregon,2021-06-20,82203801.4,Beverages
Oregon,2021-06-27,87618933.39999999,Beverages
Oregon,2021-07-02,66162742.199999996,Beverages
Oregon,2021-07-03,70618337.4,Beverages
Oregon,2021-07-11,101452515.39999999,Beverages
Oregon,2021-07-18,85334684.8,Beverages
Oregon,2021-07-25,84134566.4,Beverages
Oregon,2021-08-08,85425511.8,Beverages
Oregon,2021-08-15,87451793.0,Beverages
Oregon,2021-08-22,81419882.5,Beverages
Oregon,2021-08-29,79469684.9,Beverages
Oregon,2021-09-05,80320037.5,Beverages
Oregon,2021-09-19,74940260.8,Beverages
Oregon,2021-09-26,74560309.60000001,Beverages
Oregon,2021-10-01,64053359.8,Beverages
Oregon,2021-10-10,105944044.3,Beverages
Oregon,2021-10-17,103410413.69999999,Beverages
Oregon,2021-10-24,99799035.6,Beverages
Oregon,2021-10-31,102488326.60000001,Beverages
Oregon,2021-11-04,73834808.2,Beverages
Oregon,2021-11-07,83128993.9,Beverages
Oregon,2021-11-14,101451948.59999998,Beverages
Oregon,2021-11-21,102440117.4,Beverages
Oregon,2021-11-28,95648671.5,Beverages
Oregon,2021-12-09,80871146.3,Beverages
Oregon,2021-12-12,100207545.19999999,Beverages
Oregon,2021-12-19,105713197.10000001,Beverages
Oregon,2021-12-26,100450342.1,Beverages
Oregon,2022-01-05,112386988.60000001,Beverages
Oregon,2022-01-16,99784455.19999999,Beverages
Oregon,2022-01-23,98759328.39999999,Beverages
Oregon,2022-01-30,97891572.10000001,Beverages
Oregon,2022-02-01,99078287.5,Beverages
Oregon,2022-02-10,112015850.8,Beverages
Oregon,2022-02-13,98688554.5,Beverages
Oregon,2022-02-20,97925864.3,Beverages
Oregon,2022-02-27,99904232.5,Beverages
Oregon,2022-03-04,110649232.99999999,Beverages
Oregon,2022-03-07,131648179.39999999,Beverages
Oregon,2022-03-13,105051111.2,Beverages
Oregon,2022-03-20,105717900.8,Beverages
Oregon,2022-03-27,104959455.9,Beverages
Oregon,2022-04-09,124544283.7,Beverages
Oregon,2022-04-12,103950592.89999999,Beverages
Oregon,2022-04-17,112502885.60000001,Beverages
Oregon,2022-04-24,107413332.3,Beverages
Oregon,2022-05-06,120036709.4,Beverages
Oregon,2022-05-15,114214156.1,Beverages
Oregon,2022-05-22,112911917.4,Beverages
Oregon,2022-05-29,117192390.4,Beverages
Oregon,2022-06-02,101836177.4,Beverages
Oregon,2022-06-03,104964034.5,Beverages
Oregon,2022-06-11,106220543.1,Beverages
Oregon,2022-06-19,119427323.50000001,Beverages
Oregon,2022-06-26,127766543.0,Beverages
Oregon,2022-07-08,128095152.1,Beverages
Oregon,2022-07-17,126747931.40000002,Beverages
Oregon,2022-07-24,125456577.4,Beverages
Oregon,2022-07-31,131034950.09999998,Beverages
Oregon,2022-08-05,117390519.2,Beverages
Oregon,2022-08-14,127640453.8,Beverages
Oregon,2022-08-21,120792093.1,Beverages
Oregon,2022-08-28,122367501.10000001,Beverages
Oregon,2022-09-01,98739519.50000001,Beverages
Oregon,2022-09-10,112790064.1,Beverages
Oregon,2022-09-18,111186796.9,Beverages
Oregon,2022-09-25,110628293.2,Beverages
Oregon,2022-10-04,108260090.89999999,Beverages
Oregon,2022-10-07,125109130.4,Beverages
Oregon,2022-10-16,109322609.9,Beverages
Oregon,2022-10-23,105871720.8,Beverages
Oregon,2022-10-30,105092490.00000001,Beverages
Oregon,2022-11-09,117844181.89999999,Beverages
Oregon,2022-11-12,104626576.10000001,Beverages
Oregon,2022-11-13,105789953.19999999,Beverages
Oregon,2022-11-20,107960777.8,Beverages
Oregon,2022-11-27,103586066.0,Beverages
Oregon,2022-12-06,120298431.7,Beverages
Oregon,2022-12-18,110611155.6,Beverages
Oregon,2022-12-25,109236205.2,Beverages
Oregon,2023-01-01,101850450.49999999,Beverages
Oregon,2023-01-15,102630801.3,Beverages
Oregon,2023-01-22,101274697.3,Beverages
Oregon,2023-01-29,101267058.7,Beverages
Oregon,2023-02-04,110131689.8,Beverages
Oregon,2023-02-19,105809682.89999999,Beverages
Oregon,2023-02-26,106451748.39999999,Beverages
Oregon,2023-03-19,115111038.99999999,Beverages
Oregon,2023-03-26,106516210.0,Beverages
Oregon,2023-04-16,114781668.7,Beverages
Oregon,2023-04-23,112632064.60000001,Beverages
Oregon,2023-04-30,120727821.10000001,Beverages
Oregon,2023-05-02,105298609.89999999,Beverages
Oregon,2023-05-03,112224783.8,Beverages
Oregon,2023-07-05,124363371.2,Beverages
Oregon,2023-08-01,103066966.0,Beverages
Oregon,2023-09-04,118297200.10000001,Beverages
Oregon,2023-12-02,108981500.1,Beverages
Oregon,2023-12-03,117522383.7,Beverages
Pennsylvania,2019-01-12,197064569.3,Beverages
Pennsylvania,2019-03-11,198030518.3,Beverages
Pennsylvania,2019-06-10,213784017.6,Beverages
Pennsylvania,2019-08-12,195489101.8,Beverages
Pennsylvania,2019-10-11,200157093.4,Beverages
Pennsylvania,2019-10-13,207743594.5,Beverages
Pennsylvania,2019-10-20,198963635.6,Beverages
Pennsylvania,2019-10-27,195191439.8,Beverages
Pennsylvania,2019-11-17,202076104.79999998,Beverages
Pennsylvania,2019-11-24,205134229.4,Beverages
Pennsylvania,2019-12-15,205556319.6,Beverages
Pennsylvania,2019-12-22,213752119.9,Beverages
Pennsylvania,2019-12-29,203141883.7,Beverages
Pennsylvania,2020-01-03,200422699.6,Beverages
Pennsylvania,2020-01-11,205040628.2,Beverages
Pennsylvania,2020-01-19,203680243.0,Beverages
Pennsylvania,2020-01-26,182683922.39999998,Beverages
Pennsylvania,2020-02-02,192603194.7,Beverages
Pennsylvania,2020-02-08,240341150.5,Beverages
Pennsylvania,2020-02-16,190861364.0,Beverages
Pennsylvania,2020-02-23,193068295.29999998,Beverages
Pennsylvania,2020-03-05,213421496.9,Beverages
Pennsylvania,2020-03-15,238885113.6,Beverages
Pennsylvania,2020-03-22,228595535.3,Beverages
Pennsylvania,2020-03-29,198403019.4,Beverages
Pennsylvania,2020-04-10,219759186.20000002,Beverages
Pennsylvania,2020-04-19,209189861.60000002,Beverages
Pennsylvania,2020-04-26,203316194.0,Beverages
Pennsylvania,2020-05-01,196391974.4,Beverages
Pennsylvania,2020-05-04,206165823.5,Beverages
Pennsylvania,2020-05-07,256800832.29999998,Beverages
Pennsylvania,2020-05-17,219999445.9,Beverages
Pennsylvania,2020-05-24,234224919.10000002,Beverages
Pennsylvania,2020-05-31,225286540.6,Beverages
Pennsylvania,2020-06-09,227652613.0,Beverages
Pennsylvania,2020-06-12,199752212.5,Beverages
Pennsylvania,2020-06-14,234741227.0,Beverages
Pennsylvania,2020-06-21,227804731.5,Beverages
Pennsylvania,2020-06-28,241926052.0,Beverages
Pennsylvania,2020-07-06,234140846.29999998,Beverages
Pennsylvania,2020-07-19,245054945.39999998,Beverages
Pennsylvania,2020-07-26,236671014.2,Beverages
Pennsylvania,2020-08-03,209827934.8,Beverages
Pennsylvania,2020-08-11,212199642.9,Beverages
Pennsylvania,2020-08-16,236828322.5,Beverages
Pennsylvania,2020-08-23,232430387.0,Beverages
Pennsylvania,2020-08-30,229315041.7,Beverages
Pennsylvania,2020-09-02,197142390.1,Beverages
Pennsylvania,2020-09-08,234559739.1,Beverages
Pennsylvania,2020-09-13,224021082.79999998,Beverages
Pennsylvania,2020-09-20,218799935.3,Beverages
Pennsylvania,2020-09-27,216568175.29999998,Beverages
Pennsylvania,2020-10-05,218076034.8,Beverages
Pennsylvania,2020-10-18,209727399.79999998,Beverages
Pennsylvania,2020-10-25,207682355.0,Beverages
Pennsylvania,2020-11-10,215291299.1,Beverages
Pennsylvania,2020-11-15,212590605.3,Beverages
Pennsylvania,2020-11-22,218627512.1,Beverages
Pennsylvania,2020-11-29,210388605.1,Beverages
Pennsylvania,2020-12-01,195521619.10000002,Beverages
Pennsylvania,2020-12-04,211887569.29999998,Beverages
Pennsylvania,2020-12-07,236554855.0,Beverages
Pennsylvania,2020-12-13,215637350.6,Beverages
Pennsylvania,2020-12-20,216383075.2,Beverages
Pennsylvania,2020-12-27,214323880.1,Beverages
Pennsylvania,2021-01-08,253933315.79999998,Beverages
Pennsylvania,2021-01-17,209376109.70000002,Beverages
Pennsylvania,2021-01-24,197658987.5,Beverages
Pennsylvania,2021-01-31,203994430.6,Beverages
Pennsylvania,2021-02-05,228313605.0,Beverages
Pennsylvania,2021-02-14,204289441.1,Beverages
Pennsylvania,2021-02-21,200342851.0,Beverages
Pennsylvania,2021-02-28,208783567.5,Beverages
Pennsylvania,2021-03-01,203326021.2,Beverages
Pennsylvania,2021-03-10,341687182.90000004,Beverages
Pennsylvania,2021-03-14,249366612.4,Beverages
Pennsylvania,2021-03-21,240470032.6,Beverages
Pennsylvania,2021-03-28,211715951.29999998,Beverages
Pennsylvania,2021-04-04,219439092.1,Beverages
Pennsylvania,2021-04-07,271012301.5,Beverages
Pennsylvania,2021-04-18,214838317.5,Beverages
Pennsylvania,2021-04-25,217674934.6,Beverages
Pennsylvania,2021-05-09,247774679.9,Beverages
Pennsylvania,2021-05-12,313904168.3,Beverages
Pennsylvania,2021-05-16,234583162.0,Beverages
Pennsylvania,2021-05-23,250456818.2,Beverages
Pennsylvania,2021-05-30,244453366.4,Beverages
Pennsylvania,2021-06-06,242433792.9,Beverages
Pennsylvania,2021-06-13,254850786.29999998,Beverages
Pennsylvania,2021-06-20,246575818.5,Beverages
Pennsylvania,2021-06-27,249632548.5,Beverages
Pennsylvania,2021-07-02,206907756.3,Beverages
Pennsylvania,2021-07-03,218227303.9,Beverages
Pennsylvania,2021-07-11,325928182.59999996,Beverages
Pennsylvania,2021-07-18,256160105.2,Beverages
Pennsylvania,2021-07-25,254291472.7,Beverages
Pennsylvania,2021-08-08,248997322.29999998,Beverages
Pennsylvania,2021-08-15,256219967.6,Beverages
Pennsylvania,2021-08-22,247056895.8,Beverages
Pennsylvania,2021-08-29,250825139.2,Beverages
Pennsylvania,2021-09-05,231070674.1,Beverages
Pennsylvania,2021-09-19,238000028.20000002,Beverages
Pennsylvania,2021-09-26,233962531.6,Beverages
Pennsylvania,2021-10-01,203602342.7,Beverages
Pennsylvania,2021-10-10,339686180.3,Beverages
Pennsylvania,2021-10-17,328811497.79999995,Beverages
Pennsylvania,2021-10-24,323821416.99999994,Beverages
Pennsylvania,2021-10-31,319568516.70000005,Beverages
Pennsylvania,2021-11-04,218655024.9,Beverages
Pennsylvania,2021-11-07,250707017.0,Beverages
Pennsylvania,2021-11-14,332654785.0999999,Beverages
Pennsylvania,2021-11-21,336849628.20000005,Beverages
Pennsylvania,2021-11-28,314228014.0,Beverages
Pennsylvania,2021-12-09,240001312.29999998,Beverages
Pennsylvania,2021-12-12,331752966.29999995,Beverages
Pennsylvania,2021-12-19,342758305.7,Beverages
Pennsylvania,2021-12-26,334393037.7,Beverages
Pennsylvania,2022-01-05,352640397.59999996,Beverages
Pennsylvania,2022-01-16,333199494.9,Beverages
Pennsylvania,2022-01-23,303324799.90000004,Beverages
Pennsylvania,2022-01-30,315496929.40000004,Beverages
Pennsylvania,2022-02-01,312074299.09999996,Beverages
Pennsylvania,2022-02-10,358529094.7,Beverages
Pennsylvania,2022-02-13,318755302.2,Beverages
Pennsylvania,2022-02-20,310961557.29999995,Beverages
Pennsylvania,2022-02-27,323065179.1,Beverages
Pennsylvania,2022-03-04,341882199.79999995,Beverages
Pennsylvania,2022-03-07,400773833.0,Beverages
Pennsylvania,2022-03-13,333847257.8,Beverages
Pennsylvania,2022-03-20,331014707.2,Beverages
Pennsylvania,2022-03-27,333173254.1,Beverages
Pennsylvania,2022-04-09,378016231.9,Beverages
Pennsylvania,2022-04-12,329211860.29999995,Beverages
Pennsylvania,2022-04-17,355710750.09999996,Beverages
Pennsylvania,2022-04-24,334455035.3,Beverages
Pennsylvania,2022-05-06,373086334.0,Beverages
Pennsylvania,2022-05-15,361080993.8,Beverages
Pennsylvania,2022-05-22,382457635.90000004,Beverages
Pennsylvania,2022-05-29,373202807.59999996,Beverages
Pennsylvania,2022-06-02,318740774.7,Beverages
Pennsylvania,2022-06-03,325893348.2,Beverages
Pennsylvania,2022-06-11,347145075.6,Beverages
Pennsylvania,2022-06-19,369264643.0,Beverages
Pennsylvania,2022-06-26,376228591.4,Beverages
Pennsylvania,2022-07-08,380580837.90000004,Beverages
Pennsylvania,2022-07-17,385936571.3,Beverages
Pennsylvania,2022-07-24,380559275.8,Beverages
Pennsylvania,2022-07-31,379297749.40000004,Beverages
Pennsylvania,2022-08-05,354632333.7,Beverages
Pennsylvania,2022-08-14,383793267.1,Beverages
Pennsylvania,2022-08-21,376642047.1,Beverages
Pennsylvania,2022-08-28,379061293.49999994,Beverages
Pennsylvania,2022-09-01,312566272.09999996,Beverages
Pennsylvania,2022-09-10,356804664.20000005,Beverages
Pennsylvania,2022-09-18,365882492.0,Beverages
Pennsylvania,2022-09-25,358012519.90000004,Beverages
Pennsylvania,2022-10-04,343808865.7,Beverages
Pennsylvania,2022-10-07,374859759.50000006,Beverages
Pennsylvania,2022-10-16,352411073.1,Beverages
Pennsylvania,2022-10-23,345996550.00000006,Beverages
Pennsylvania,2022-10-30,343415691.6,Beverages
Pennsylvania,2022-11-09,363329343.8,Beverages
Pennsylvania,2022-11-12,349630225.3,Beverages
Pennsylvania,2022-11-13,351470196.9,Beverages
Pennsylvania,2022-11-20,353253113.20000005,Beverages
Pennsylvania,2022-11-27,350124371.50000006,Beverages
Pennsylvania,2022-12-06,373881703.0,Beverages
Pennsylvania,2022-12-18,360122296.59999996,Beverages
Pennsylvania,2022-12-25,373269582.40000004,Beverages
Pennsylvania,2023-01-01,330275163.40000004,Beverages
Pennsylvania,2023-01-15,341977684.1,Beverages
Pennsylvania,2023-01-22,325217205.0,Beverages
Pennsylvania,2023-01-29,330353612.09999996,Beverages
Pennsylvania,2023-02-04,352480720.6,Beverages
Pennsylvania,2023-02-19,337598544.70000005,Beverages
Pennsylvania,2023-02-26,342074421.70000005,Beverages
Pennsylvania,2023-03-19,373630832.7,Beverages
Pennsylvania,2023-03-26,341287098.3000001,Beverages
Pennsylvania,2023-04-16,370426791.9,Beverages
Pennsylvania,2023-04-23,359074414.7,Beverages
Pennsylvania,2023-04-30,361037223.2,Beverages
Pennsylvania,2023-05-02,335036733.2,Beverages
Pennsylvania,2023-05-03,354015328.90000004,Beverages
Pennsylvania,2023-07-05,370133894.1,Beverages
Pennsylvania,2023-08-01,330468914.90000004,Beverages
Pennsylvania,2023-09-04,364103216.1999999,Beverages
Pennsylvania,2023-12-02,345049290.8,Beverages
Pennsylvania,2023-12-03,382958014.8,Beverages
Rhode Island,2019-01-12,13851887.4,Beverages
Rhode Island,2019-03-11,13856302.799999999,Beverages
Rhode Island,2019-06-10,14853670.9,Beverages
Rhode Island,2019-08-12,14346931.0,Beverages
Rhode Island,2019-10-11,14151731.899999999,Beverages
Rhode Island,2019-10-13,13852111.1,Beverages
Rhode Island,2019-10-20,13265842.2,Beverages
Rhode Island,2019-10-27,13320632.1,Beverages
Rhode Island,2019-11-17,13802172.1,Beverages
Rhode Island,2019-11-24,14064840.200000001,Beverages
Rhode Island,2019-12-15,13660736.299999999,Beverages
Rhode Island,2019-12-22,14871015.3,Beverages
Rhode Island,2019-12-29,14479431.0,Beverages
Rhode Island,2020-01-03,14290557.4,Beverages
Rhode Island,2020-01-11,14239756.5,Beverages
Rhode Island,2020-01-19,13821908.9,Beverages
Rhode Island,2020-01-26,13665331.0,Beverages
Rhode Island,2020-02-02,13718696.899999999,Beverages
Rhode Island,2020-02-08,18638116.5,Beverages
Rhode Island,2020-02-16,13245522.0,Beverages
Rhode Island,2020-02-23,13451280.6,Beverages
Rhode Island,2020-03-05,15581453.299999999,Beverages
Rhode Island,2020-03-15,16069507.9,Beverages
Rhode Island,2020-03-22,17031395.099999998,Beverages
Rhode Island,2020-03-29,14606409.6,Beverages
Rhode Island,2020-04-10,15666299.6,Beverages
Rhode Island,2020-04-19,13908239.3,Beverages
Rhode Island,2020-04-26,14217015.9,Beverages
Rhode Island,2020-05-01,14508723.1,Beverages
Rhode Island,2020-05-04,15614828.4,Beverages
Rhode Island,2020-05-07,19947247.6,Beverages
Rhode Island,2020-05-17,15895281.5,Beverages
Rhode Island,2020-05-24,16903671.8,Beverages
Rhode Island,2020-05-31,17519944.1,Beverages
Rhode Island,2020-06-09,17064047.700000003,Beverages
Rhode Island,2020-06-12,14258436.5,Beverages
Rhode Island,2020-06-14,17243949.5,Beverages
Rhode Island,2020-06-21,17104333.0,Beverages
Rhode Island,2020-06-28,17784393.1,Beverages
Rhode Island,2020-07-06,17506767.400000002,Beverages
Rhode Island,2020-07-19,17530223.6,Beverages
Rhode Island,2020-07-26,17701063.5,Beverages
Rhode Island,2020-08-03,15533226.0,Beverages
Rhode Island,2020-08-11,15522272.2,Beverages
Rhode Island,2020-08-16,17104953.2,Beverages
Rhode Island,2020-08-23,16266952.8,Beverages
Rhode Island,2020-08-30,16170663.9,Beverages
Rhode Island,2020-09-02,14421601.4,Beverages
Rhode Island,2020-09-08,18287971.0,Beverages
Rhode Island,2020-09-13,15562258.1,Beverages
Rhode Island,2020-09-20,14909112.4,Beverages
Rhode Island,2020-09-27,15194352.700000001,Beverages
Rhode Island,2020-10-05,15969128.7,Beverages
Rhode Island,2020-10-18,14269881.0,Beverages
Rhode Island,2020-10-25,14485540.1,Beverages
Rhode Island,2020-11-10,14882505.700000001,Beverages
Rhode Island,2020-11-15,14661991.8,Beverages
Rhode Island,2020-11-22,14731989.600000001,Beverages
Rhode Island,2020-11-29,15360321.600000001,Beverages
Rhode Island,2020-12-01,13460213.399999999,Beverages
Rhode Island,2020-12-04,15083521.2,Beverages
Rhode Island,2020-12-07,17818041.3,Beverages
Rhode Island,2020-12-13,14656353.3,Beverages
Rhode Island,2020-12-20,15210313.7,Beverages
Rhode Island,2020-12-27,15734816.4,Beverages
Rhode Island,2021-01-08,19169356.0,Beverages
Rhode Island,2021-01-17,14687264.399999999,Beverages
Rhode Island,2021-01-24,14649492.0,Beverages
Rhode Island,2021-01-31,14322677.0,Beverages
Rhode Island,2021-02-05,16583193.899999999,Beverages
Rhode Island,2021-02-14,14493827.1,Beverages
Rhode Island,2021-02-21,14463611.6,Beverages
Rhode Island,2021-02-28,14868786.299999999,Beverages
Rhode Island,2021-03-01,14645229.7,Beverages
Rhode Island,2021-03-10,23725178.200000003,Beverages
Rhode Island,2021-03-14,17329532.0,Beverages
Rhode Island,2021-03-21,18108324.7,Beverages
Rhode Island,2021-03-28,15849364.2,Beverages
Rhode Island,2021-04-04,16257945.9,Beverages
Rhode Island,2021-04-07,19914189.8,Beverages
Rhode Island,2021-04-18,15576967.9,Beverages
Rhode Island,2021-04-25,16104315.9,Beverages
Rhode Island,2021-05-09,18013918.7,Beverages
Rhode Island,2021-05-12,22869123.200000003,Beverages
Rhode Island,2021-05-16,17397104.299999997,Beverages
Rhode Island,2021-05-23,18587101.8,Beverages
Rhode Island,2021-05-30,18426785.8,Beverages
Rhode Island,2021-06-06,18711193.700000003,Beverages
Rhode Island,2021-06-13,19207114.6,Beverages
Rhode Island,2021-06-20,18857726.7,Beverages
Rhode Island,2021-06-27,18958249.0,Beverages
Rhode Island,2021-07-02,15657541.8,Beverages
Rhode Island,2021-07-03,16310885.2,Beverages
Rhode Island,2021-07-11,23698831.400000002,Beverages
Rhode Island,2021-07-18,17901415.6,Beverages
Rhode Island,2021-07-25,19150496.0,Beverages
Rhode Island,2021-08-08,19610357.5,Beverages
Rhode Island,2021-08-15,18919592.900000002,Beverages
Rhode Island,2021-08-22,18521346.900000002,Beverages
Rhode Island,2021-08-29,17802863.299999997,Beverages
Rhode Island,2021-09-05,17442899.8,Beverages
Rhode Island,2021-09-19,16507186.7,Beverages
Rhode Island,2021-09-26,16466648.0,Beverages
Rhode Island,2021-10-01,14421114.700000001,Beverages
Rhode Island,2021-10-10,23868670.7,Beverages
Rhode Island,2021-10-17,22798438.4,Beverages
Rhode Island,2021-10-24,22549741.6,Beverages
Rhode Island,2021-10-31,22111739.3,Beverages
Rhode Island,2021-11-04,16436425.200000001,Beverages
Rhode Island,2021-11-07,18920025.3,Beverages
Rhode Island,2021-11-14,23191646.8,Beverages
Rhode Island,2021-11-21,23742343.9,Beverages
Rhode Island,2021-11-28,22516816.3,Beverages
Rhode Island,2021-12-09,17732145.3,Beverages
Rhode Island,2021-12-12,23300977.799999997,Beverages
Rhode Island,2021-12-19,24223428.1,Beverages
Rhode Island,2021-12-26,24309916.700000003,Beverages
Rhode Island,2022-01-05,25106484.6,Beverages
Rhode Island,2022-01-16,22890137.399999995,Beverages
Rhode Island,2022-01-23,22572808.9,Beverages
Rhode Island,2022-01-30,23319591.9,Beverages
Rhode Island,2022-02-01,22264586.7,Beverages
Rhode Island,2022-02-10,24908515.299999997,Beverages
Rhode Island,2022-02-13,22953702.300000004,Beverages
Rhode Island,2022-02-20,22272307.0,Beverages
Rhode Island,2022-02-27,22907790.8,Beverages
Rhode Island,2022-03-04,25065171.8,Beverages
Rhode Island,2022-03-07,31263263.4,Beverages
Rhode Island,2022-03-13,23462551.6,Beverages
Rhode Island,2022-03-20,23950719.299999997,Beverages
Rhode Island,2022-03-27,23741770.5,Beverages
Rhode Island,2022-04-09,28296567.4,Beverages
Rhode Island,2022-04-12,24246398.5,Beverages
Rhode Island,2022-04-17,23816899.299999997,Beverages
Rhode Island,2022-04-24,23825887.0,Beverages
Rhode Island,2022-05-06,28181142.3,Beverages
Rhode Island,2022-05-15,26284223.300000004,Beverages
Rhode Island,2022-05-22,27833789.9,Beverages
Rhode Island,2022-05-29,27658680.900000002,Beverages
Rhode Island,2022-06-02,23357314.200000003,Beverages
Rhode Island,2022-06-03,24059181.200000003,Beverages
Rhode Island,2022-06-11,25600521.3,Beverages
Rhode Island,2022-06-19,27233550.0,Beverages
Rhode Island,2022-06-26,27730958.599999998,Beverages
Rhode Island,2022-07-08,30340205.900000002,Beverages
Rhode Island,2022-07-17,27964640.1,Beverages
Rhode Island,2022-07-24,29127141.0,Beverages
Rhode Island,2022-07-31,29307271.000000004,Beverages
Rhode Island,2022-08-05,26216068.900000002,Beverages
Rhode Island,2022-08-14,28191072.700000003,Beverages
Rhode Island,2022-08-21,28164175.6,Beverages
Rhode Island,2022-08-28,27354433.099999998,Beverages
Rhode Island,2022-09-01,22772786.500000004,Beverages
Rhode Island,2022-09-10,25367581.299999997,Beverages
Rhode Island,2022-09-18,25401321.999999996,Beverages
Rhode Island,2022-09-25,24647726.599999998,Beverages
Rhode Island,2022-10-04,25080892.000000004,Beverages
Rhode Island,2022-10-07,29295751.8,Beverages
Rhode Island,2022-10-16,24305333.9,Beverages
Rhode Island,2022-10-23,24293166.500000004,Beverages
Rhode Island,2022-10-30,23709243.8,Beverages
Rhode Island,2022-11-09,26219164.5,Beverages
Rhode Island,2022-11-12,25189011.900000002,Beverages
Rhode Island,2022-11-13,24777328.0,Beverages
Rhode Island,2022-11-20,24545419.0,Beverages
Rhode Island,2022-11-27,25523522.900000002,Beverages
Rhode Island,2022-12-06,28026795.3,Beverages
Rhode Island,2022-12-18,25134439.499999996,Beverages
Rhode Island,2022-12-25,27164718.6,Beverages
Rhode Island,2023-01-01,23545998.5,Beverages
Rhode Island,2023-01-15,23889254.299999997,Beverages
Rhode Island,2023-01-22,23757840.800000004,Beverages
Rhode Island,2023-01-29,24385607.0,Beverages
Rhode Island,2023-02-04,25506948.400000002,Beverages
Rhode Island,2023-02-19,24154150.800000004,Beverages
Rhode Island,2023-02-26,24253797.9,Beverages
Rhode Island,2023-03-19,27579679.8,Beverages
Rhode Island,2023-03-26,25041536.599999998,Beverages
Rhode Island,2023-04-16,26660281.7,Beverages
Rhode Island,2023-04-23,26266039.0,Beverages
Rhode Island,2023-04-30,26462619.0,Beverages
Rhode Island,2023-05-02,24833608.500000004,Beverages
Rhode Island,2023-05-03,26251442.6,Beverages
Rhode Island,2023-07-05,28258431.599999998,Beverages
Rhode Island,2023-08-01,24992025.1,Beverages
Rhode Island,2023-09-04,27104664.999999996,Beverages
Rhode Island,2023-12-02,24628162.900000002,Beverages
Rhode Island,2023-12-03,27144883.0,Beverages
South Carolina,2019-01-12,97713917.2,Beverages
South Carolina,2019-03-11,101518325.30000001,Beverages
South Carolina,2019-06-10,114383016.8,Beverages
South Carolina,2019-08-12,99273972.80000001,Beverages
South Carolina,2019-10-11,101041837.0,Beverages
South Carolina,2019-10-13,107997409.2,Beverages
South Carolina,2019-10-20,102885416.10000001,Beverages
South Carolina,2019-10-27,98847770.6,Beverages
South Carolina,2019-11-17,98576579.7,Beverages
South Carolina,2019-11-24,100831192.60000001,Beverages
South Carolina,2019-12-15,97227123.6,Beverages
South Carolina,2019-12-22,106241374.7,Beverages
South Carolina,2019-12-29,97728797.2,Beverages
South Carolina,2020-01-03,102674942.3,Beverages
South Carolina,2020-01-11,108607870.5,Beverages
South Carolina,2020-01-19,96976761.3,Beverages
South Carolina,2020-01-26,93453835.0,Beverages
South Carolina,2020-02-02,97486877.19999999,Beverages
South Carolina,2020-02-08,125876672.5,Beverages
South Carolina,2020-02-16,98121231.8,Beverages
South Carolina,2020-02-23,96624311.5,Beverages
South Carolina,2020-03-05,116196587.5,Beverages
South Carolina,2020-03-15,121301348.0,Beverages
South Carolina,2020-03-22,115236524.10000001,Beverages
South Carolina,2020-03-29,105584122.2,Beverages
South Carolina,2020-04-10,118393332.60000001,Beverages
South Carolina,2020-04-19,108156429.6,Beverages
South Carolina,2020-04-26,108820075.2,Beverages
South Carolina,2020-05-01,96859134.19999999,Beverages
South Carolina,2020-05-04,109700820.5,Beverages
South Carolina,2020-05-07,132593654.60000001,Beverages
South Carolina,2020-05-17,118588431.10000001,Beverages
South Carolina,2020-05-24,122171669.0,Beverages
South Carolina,2020-05-31,118551509.10000001,Beverages
South Carolina,2020-06-09,123513393.1,Beverages
South Carolina,2020-06-12,104097292.0,Beverages
South Carolina,2020-06-14,118707107.1,Beverages
South Carolina,2020-06-21,119479061.9,Beverages
South Carolina,2020-06-28,126408581.80000001,Beverages
South Carolina,2020-07-06,122039883.4,Beverages
South Carolina,2020-07-19,129859708.7,Beverages
South Carolina,2020-07-26,124835596.3,Beverages
South Carolina,2020-08-03,105918812.4,Beverages
South Carolina,2020-08-11,109323979.7,Beverages
South Carolina,2020-08-16,126603501.89999999,Beverages
South Carolina,2020-08-23,120757152.0,Beverages
South Carolina,2020-08-30,126932493.9,Beverages
South Carolina,2020-09-02,99428919.5,Beverages
South Carolina,2020-09-08,125700125.9,Beverages
South Carolina,2020-09-13,120250377.1,Beverages
South Carolina,2020-09-20,114240209.39999999,Beverages
South Carolina,2020-09-27,114367164.8,Beverages
South Carolina,2020-10-05,115219471.8,Beverages
South Carolina,2020-10-18,111258894.0,Beverages
South Carolina,2020-10-25,109199832.0,Beverages
South Carolina,2020-11-10,115546164.3,Beverages
South Carolina,2020-11-15,107385644.3,Beverages
South Carolina,2020-11-22,111742858.7,Beverages
South Carolina,2020-11-29,106117750.9,Beverages
South Carolina,2020-12-01,97732878.9,Beverages
South Carolina,2020-12-04,108773506.8,Beverages
South Carolina,2020-12-07,122574666.9,Beverages
South Carolina,2020-12-13,107007214.2,Beverages
South Carolina,2020-12-20,111763891.8,Beverages
South Carolina,2020-12-27,103647586.2,Beverages
South Carolina,2021-01-08,137103834.1,Beverages
South Carolina,2021-01-17,105451569.69999999,Beverages
South Carolina,2021-01-24,101756190.3,Beverages
South Carolina,2021-01-31,102663344.8,Beverages
South Carolina,2021-02-05,123593132.10000001,Beverages
South Carolina,2021-02-14,104817841.10000001,Beverages
South Carolina,2021-02-21,102379032.5,Beverages
South Carolina,2021-02-28,108628106.69999999,Beverages
South Carolina,2021-03-01,105691762.9,Beverages
South Carolina,2021-03-10,180723406.7,Beverages
South Carolina,2021-03-14,130590731.2,Beverages
South Carolina,2021-03-21,124498178.8,Beverages
South Carolina,2021-03-28,114332167.39999999,Beverages
South Carolina,2021-04-04,119123090.10000001,Beverages
South Carolina,2021-04-07,142350227.7,Beverages
South Carolina,2021-04-18,118708738.3,Beverages
South Carolina,2021-04-25,117551689.6,Beverages
South Carolina,2021-05-09,139602832.4,Beverages
South Carolina,2021-05-12,162585899.9,Beverages
South Carolina,2021-05-16,125512877.9,Beverages
South Carolina,2021-05-23,129573464.5,Beverages
South Carolina,2021-05-30,129965454.60000001,Beverages
South Carolina,2021-06-06,131297261.3,Beverages
South Carolina,2021-06-13,132205677.4,Beverages
South Carolina,2021-06-20,132108079.89999999,Beverages
South Carolina,2021-06-27,133108993.5,Beverages
South Carolina,2021-07-02,105642955.5,Beverages
South Carolina,2021-07-03,112826154.60000001,Beverages
South Carolina,2021-07-11,166607823.89999998,Beverages
South Carolina,2021-07-18,139656336.29999998,Beverages
South Carolina,2021-07-25,135020319.2,Beverages
South Carolina,2021-08-08,132733260.3,Beverages
South Carolina,2021-08-15,138477664.9,Beverages
South Carolina,2021-08-22,131830739.8,Beverages
South Carolina,2021-08-29,133754230.5,Beverages
South Carolina,2021-09-05,125587919.89999999,Beverages
South Carolina,2021-09-19,126337749.3,Beverages
South Carolina,2021-09-26,121546105.1,Beverages
South Carolina,2021-10-01,105420669.8,Beverages
South Carolina,2021-10-10,176599857.9,Beverages
South Carolina,2021-10-17,177044107.7,Beverages
South Carolina,2021-10-24,169100034.8,Beverages
South Carolina,2021-10-31,166307532.8,Beverages
South Carolina,2021-11-04,120645102.69999999,Beverages
South Carolina,2021-11-07,132319092.30000001,Beverages
South Carolina,2021-11-14,169313001.5,Beverages
South Carolina,2021-11-21,172579093.0,Beverages
South Carolina,2021-11-28,159627451.0,Beverages
South Carolina,2021-12-09,130647181.9,Beverages
South Carolina,2021-12-12,162995925.29999998,Beverages
South Carolina,2021-12-19,171199262.20000002,Beverages
South Carolina,2021-12-26,166981961.0,Beverages
South Carolina,2022-01-05,191013791.8,Beverages
South Carolina,2022-01-16,167542161.4,Beverages
South Carolina,2022-01-23,157956137.79999998,Beverages
South Carolina,2022-01-30,159023663.2,Beverages
South Carolina,2022-02-01,163551098.1,Beverages
South Carolina,2022-02-10,202964628.5,Beverages
South Carolina,2022-02-13,164866135.40000004,Beverages
South Carolina,2022-02-20,163508228.4,Beverages
South Carolina,2022-02-27,172198535.79999998,Beverages
South Carolina,2022-03-04,181076191.89999998,Beverages
South Carolina,2022-03-07,212484199.10000002,Beverages
South Carolina,2022-03-13,177614298.8,Beverages
South Carolina,2022-03-20,176316870.5,Beverages
South Carolina,2022-03-27,178770773.2,Beverages
South Carolina,2022-04-09,207052635.5,Beverages
South Carolina,2022-04-12,178047572.39999998,Beverages
South Carolina,2022-04-17,189212253.2,Beverages
South Carolina,2022-04-24,184741953.2,Beverages
South Carolina,2022-05-06,198193324.0,Beverages
South Carolina,2022-05-15,191201415.2,Beverages
South Carolina,2022-05-22,203399074.10000002,Beverages
South Carolina,2022-05-29,203009781.1,Beverages
South Carolina,2022-06-02,165738849.89999998,Beverages
South Carolina,2022-06-03,175873737.89999998,Beverages
South Carolina,2022-06-11,183072079.7,Beverages
South Carolina,2022-06-19,206203990.89999998,Beverages
South Carolina,2022-06-26,206761068.5,Beverages
South Carolina,2022-07-08,209825158.2,Beverages
South Carolina,2022-07-17,206196710.8,Beverages
South Carolina,2022-07-24,204000301.2,Beverages
South Carolina,2022-07-31,209504319.9,Beverages
South Carolina,2022-08-05,192637660.2,Beverages
South Carolina,2022-08-14,211971499.9,Beverages
South Carolina,2022-08-21,201723506.60000002,Beverages
South Carolina,2022-08-28,208685841.29999998,Beverages
South Carolina,2022-09-01,162783063.9,Beverages
South Carolina,2022-09-10,192621233.60000002,Beverages
South Carolina,2022-09-18,200168052.80000004,Beverages
South Carolina,2022-09-25,200145634.39999998,Beverages
South Carolina,2022-10-04,187262381.9,Beverages
South Carolina,2022-10-07,203704957.30000004,Beverages
South Carolina,2022-10-16,192750333.6,Beverages
South Carolina,2022-10-23,186735843.2,Beverages
South Carolina,2022-10-30,180597389.3,Beverages
South Carolina,2022-11-09,198776567.7,Beverages
South Carolina,2022-11-12,179660743.29999998,Beverages
South Carolina,2022-11-13,182848873.1,Beverages
South Carolina,2022-11-20,186596157.7,Beverages
South Carolina,2022-11-27,179285280.79999998,Beverages
South Carolina,2022-12-06,199979552.2,Beverages
South Carolina,2022-12-18,187471223.2,Beverages
South Carolina,2022-12-25,186801488.8,Beverages
South Carolina,2023-01-01,178693691.4,Beverages
South Carolina,2023-01-15,182273981.9,Beverages
South Carolina,2023-01-22,171650115.0,Beverages
South Carolina,2023-01-29,171331528.0,Beverages
South Carolina,2023-02-04,195832713.40000004,Beverages
South Carolina,2023-02-19,179619574.2,Beverages
South Carolina,2023-02-26,185148805.0,Beverages
South Carolina,2023-03-19,199129766.6,Beverages
South Carolina,2023-03-26,188420756.3,Beverages
South Carolina,2023-04-16,197670442.79999998,Beverages
South Carolina,2023-04-23,198810906.70000002,Beverages
South Carolina,2023-04-30,200954410.6,Beverages
South Carolina,2023-05-02,178638945.8,Beverages
South Carolina,2023-05-03,193419521.3,Beverages
South Carolina,2023-07-05,207827571.6,Beverages
South Carolina,2023-08-01,176995112.9,Beverages
South Carolina,2023-09-04,197534798.39999998,Beverages
South Carolina,2023-12-02,180928461.7,Beverages
South Carolina,2023-12-03,206941748.4,Beverages
South Dakota,2019-01-12,14701327.200000001,Beverages
South Dakota,2019-03-11,14897185.0,Beverages
South Dakota,2019-06-10,15271120.100000001,Beverages
South Dakota,2019-08-12,14563390.6,Beverages
South Dakota,2019-10-11,15098715.2,Beverages
South Dakota,2019-10-13,15392179.2,Beverages
South Dakota,2019-10-20,15676481.200000001,Beverages
South Dakota,2019-10-27,15250300.0,Beverages
South Dakota,2019-11-17,16008106.5,Beverages
South Dakota,2019-11-24,15467800.799999999,Beverages
South Dakota,2019-12-15,16064025.0,Beverages
South Dakota,2019-12-22,16742200.5,Beverages
South Dakota,2019-12-29,15095224.799999999,Beverages
South Dakota,2020-01-03,15685228.6,Beverages
South Dakota,2020-01-11,15798140.6,Beverages
South Dakota,2020-01-19,14677693.299999999,Beverages
South Dakota,2020-01-26,14904569.6,Beverages
South Dakota,2020-02-02,15408969.8,Beverages
South Dakota,2020-02-08,19718838.1,Beverages
South Dakota,2020-02-16,15171291.6,Beverages
South Dakota,2020-02-23,15018602.7,Beverages
South Dakota,2020-03-05,17620603.5,Beverages
South Dakota,2020-03-15,17515040.0,Beverages
South Dakota,2020-03-22,16883065.700000003,Beverages
South Dakota,2020-03-29,15718331.4,Beverages
South Dakota,2020-04-10,16607852.8,Beverages
South Dakota,2020-04-19,16578223.2,Beverages
South Dakota,2020-04-26,16518924.0,Beverages
South Dakota,2020-05-01,14584980.399999999,Beverages
South Dakota,2020-05-04,16010215.299999999,Beverages
South Dakota,2020-05-07,21446684.400000002,Beverages
South Dakota,2020-05-17,17720866.200000003,Beverages
South Dakota,2020-05-24,18289916.900000002,Beverages
South Dakota,2020-05-31,17591968.3,Beverages
South Dakota,2020-06-09,18294090.8,Beverages
South Dakota,2020-06-12,15634338.700000001,Beverages
South Dakota,2020-06-14,19909808.400000002,Beverages
South Dakota,2020-06-21,19448822.2,Beverages
South Dakota,2020-06-28,20706381.0,Beverages
South Dakota,2020-07-06,19638361.8,Beverages
South Dakota,2020-07-19,20270768.7,Beverages
South Dakota,2020-07-26,19649057.0,Beverages
South Dakota,2020-08-03,16445448.1,Beverages
South Dakota,2020-08-11,16533416.4,Beverages
South Dakota,2020-08-16,20104884.900000002,Beverages
South Dakota,2020-08-23,19444087.4,Beverages
South Dakota,2020-08-30,18701634.9,Beverages
South Dakota,2020-09-02,14295836.6,Beverages
South Dakota,2020-09-08,20181077.299999997,Beverages
South Dakota,2020-09-13,17251459.8,Beverages
South Dakota,2020-09-20,17797391.8,Beverages
South Dakota,2020-09-27,17283572.2,Beverages
South Dakota,2020-10-05,17242993.4,Beverages
South Dakota,2020-10-18,16674281.0,Beverages
South Dakota,2020-10-25,15660179.0,Beverages
South Dakota,2020-11-10,16853967.099999998,Beverages
South Dakota,2020-11-15,16589583.4,Beverages
South Dakota,2020-11-22,16721167.299999999,Beverages
South Dakota,2020-11-29,15436614.899999999,Beverages
South Dakota,2020-12-01,15167398.1,Beverages
South Dakota,2020-12-04,16171240.200000001,Beverages
South Dakota,2020-12-07,19797094.3,Beverages
South Dakota,2020-12-13,16783125.3,Beverages
South Dakota,2020-12-20,17144204.6,Beverages
South Dakota,2020-12-27,16142224.200000001,Beverages
South Dakota,2021-01-08,21566844.0,Beverages
South Dakota,2021-01-17,15851076.899999999,Beverages
South Dakota,2021-01-24,15560399.0,Beverages
South Dakota,2021-01-31,15736581.2,Beverages
South Dakota,2021-02-05,18812182.599999998,Beverages
South Dakota,2021-02-14,15643629.5,Beverages
South Dakota,2021-02-21,15564949.5,Beverages
South Dakota,2021-02-28,16320595.4,Beverages
South Dakota,2021-03-01,15773716.9,Beverages
South Dakota,2021-03-10,26303345.2,Beverages
South Dakota,2021-03-14,18900493.8,Beverages
South Dakota,2021-03-21,17838605.900000002,Beverages
South Dakota,2021-03-28,16660801.5,Beverages
South Dakota,2021-04-04,17655542.299999997,Beverages
South Dakota,2021-04-07,23658904.4,Beverages
South Dakota,2021-04-18,16872003.200000003,Beverages
South Dakota,2021-04-25,17765950.9,Beverages
South Dakota,2021-05-09,20271008.200000003,Beverages
South Dakota,2021-05-12,24109456.299999997,Beverages
South Dakota,2021-05-16,18739049.599999998,Beverages
South Dakota,2021-05-23,19742943.4,Beverages
South Dakota,2021-05-30,19751914.9,Beverages
South Dakota,2021-06-06,21278082.5,Beverages
South Dakota,2021-06-13,21748015.0,Beverages
South Dakota,2021-06-20,21546184.5,Beverages
South Dakota,2021-06-27,21595075.5,Beverages
South Dakota,2021-07-02,15619896.5,Beverages
South Dakota,2021-07-03,17167337.9,Beverages
South Dakota,2021-07-11,25141436.8,Beverages
South Dakota,2021-07-18,21734729.3,Beverages
South Dakota,2021-07-25,22065420.3,Beverages
South Dakota,2021-08-08,22216318.7,Beverages
South Dakota,2021-08-15,23853896.900000002,Beverages
South Dakota,2021-08-22,21052542.7,Beverages
South Dakota,2021-08-29,20265750.4,Beverages
South Dakota,2021-09-05,18081148.0,Beverages
South Dakota,2021-09-19,19219385.8,Beverages
South Dakota,2021-09-26,19121111.7,Beverages
South Dakota,2021-10-01,15912125.1,Beverages
South Dakota,2021-10-10,26411019.200000003,Beverages
South Dakota,2021-10-17,25950714.000000004,Beverages
South Dakota,2021-10-24,24802967.000000004,Beverages
South Dakota,2021-10-31,24723617.1,Beverages
South Dakota,2021-11-04,17329848.8,Beverages
South Dakota,2021-11-07,20854707.799999997,Beverages
South Dakota,2021-11-14,25615141.900000002,Beverages
South Dakota,2021-11-21,25404917.599999998,Beverages
South Dakota,2021-11-28,24173893.5,Beverages
South Dakota,2021-12-09,18873970.1,Beverages
South Dakota,2021-12-12,25745864.0,Beverages
South Dakota,2021-12-19,26628312.0,Beverages
South Dakota,2021-12-26,25269496.3,Beverages
South Dakota,2022-01-05,27760748.8,Beverages
South Dakota,2022-01-16,25161451.300000004,Beverages
South Dakota,2022-01-23,24097439.299999997,Beverages
South Dakota,2022-01-30,24745497.400000002,Beverages
South Dakota,2022-02-01,24421533.9,Beverages
South Dakota,2022-02-10,27940574.5,Beverages
South Dakota,2022-02-13,24840136.799999997,Beverages
South Dakota,2022-02-20,24813223.900000002,Beverages
South Dakota,2022-02-27,24932950.6,Beverages
South Dakota,2022-03-04,27394215.0,Beverages
South Dakota,2022-03-07,34242937.9,Beverages
South Dakota,2022-03-13,26043138.8,Beverages
South Dakota,2022-03-20,27033560.700000003,Beverages
South Dakota,2022-03-27,26345508.900000002,Beverages
South Dakota,2022-04-09,30379793.900000002,Beverages
South Dakota,2022-04-12,25773989.600000005,Beverages
South Dakota,2022-04-17,27877345.7,Beverages
South Dakota,2022-04-24,26202165.7,Beverages
South Dakota,2022-05-06,31133691.1,Beverages
South Dakota,2022-05-15,29779175.8,Beverages
South Dakota,2022-05-22,29490106.5,Beverages
South Dakota,2022-05-29,30564534.200000003,Beverages
South Dakota,2022-06-02,24178741.6,Beverages
South Dakota,2022-06-03,26142223.1,Beverages
South Dakota,2022-06-11,26862346.200000003,Beverages
South Dakota,2022-06-19,32696955.2,Beverages
South Dakota,2022-06-26,32599629.0,Beverages
South Dakota,2022-07-08,33116872.0,Beverages
South Dakota,2022-07-17,32895934.2,Beverages
South Dakota,2022-07-24,32576161.599999998,Beverages
South Dakota,2022-07-31,32311519.299999997,Beverages
South Dakota,2022-08-05,28122314.400000002,Beverages
South Dakota,2022-08-14,35828334.9,Beverages
South Dakota,2022-08-21,30899092.4,Beverages
South Dakota,2022-08-28,30005658.700000003,Beverages
South Dakota,2022-09-01,24382755.5,Beverages
South Dakota,2022-09-10,28029168.799999997,Beverages
South Dakota,2022-09-18,29573605.0,Beverages
South Dakota,2022-09-25,28387144.3,Beverages
South Dakota,2022-10-04,26262038.9,Beverages
South Dakota,2022-10-07,31691050.2,Beverages
South Dakota,2022-10-16,28025865.5,Beverages
South Dakota,2022-10-23,27164957.7,Beverages
South Dakota,2022-10-30,26502941.6,Beverages
South Dakota,2022-11-09,29086013.8,Beverages
South Dakota,2022-11-12,27252180.500000004,Beverages
South Dakota,2022-11-13,27271877.6,Beverages
South Dakota,2022-11-20,27720458.2,Beverages
South Dakota,2022-11-27,26502627.8,Beverages
South Dakota,2022-12-06,32190860.0,Beverages
South Dakota,2022-12-18,27963412.5,Beverages
South Dakota,2022-12-25,28215951.1,Beverages
South Dakota,2023-01-01,25916642.8,Beverages
South Dakota,2023-01-15,26827626.7,Beverages
South Dakota,2023-01-22,25720897.0,Beverages
South Dakota,2023-01-29,25917389.700000003,Beverages
South Dakota,2023-02-04,27831589.4,Beverages
South Dakota,2023-02-19,26981682.999999996,Beverages
South Dakota,2023-02-26,26132930.0,Beverages
South Dakota,2023-03-19,29043896.799999997,Beverages
South Dakota,2023-03-26,27328951.2,Beverages
South Dakota,2023-04-16,29071951.8,Beverages
South Dakota,2023-04-23,28914904.6,Beverages
South Dakota,2023-04-30,30087803.699999996,Beverages
South Dakota,2023-05-02,25884510.8,Beverages
South Dakota,2023-05-03,28296887.2,Beverages
South Dakota,2023-07-05,30904598.799999997,Beverages
South Dakota,2023-08-01,25085727.1,Beverages
South Dakota,2023-09-04,28869792.599999998,Beverages
South Dakota,2023-12-02,27801439.8,Beverages
South Dakota,2023-12-03,29087945.4,Beverages
Tennessee,2019-01-12,133945172.6,Beverages
Tennessee,2019-03-11,136685980.0,Beverages
Tennessee,2019-06-10,155674237.6,Beverages
Tennessee,2019-08-12,135426364.9,Beverages
Tennessee,2019-10-11,136324594.7,Beverages
Tennessee,2019-10-13,144130309.9,Beverages
Tennessee,2019-10-20,139732667.6,Beverages
Tennessee,2019-10-27,134319021.9,Beverages
Tennessee,2019-11-17,135190491.4,Beverages
Tennessee,2019-11-24,139393955.3,Beverages
Tennessee,2019-12-15,135249583.29999998,Beverages
Tennessee,2019-12-22,143837603.7,Beverages
Tennessee,2019-12-29,136181225.5,Beverages
Tennessee,2020-01-03,139507290.70000002,Beverages
Tennessee,2020-01-11,146919256.4,Beverages
Tennessee,2020-01-19,133174599.8,Beverages
Tennessee,2020-01-26,128870419.0,Beverages
Tennessee,2020-02-02,132609604.0,Beverages
Tennessee,2020-02-08,164098351.89999998,Beverages
Tennessee,2020-02-16,129634554.39999999,Beverages
Tennessee,2020-02-23,130792971.5,Beverages
Tennessee,2020-03-05,155827618.9,Beverages
Tennessee,2020-03-15,158684644.20000002,Beverages
Tennessee,2020-03-22,153445821.0,Beverages
Tennessee,2020-03-29,140061173.70000002,Beverages
Tennessee,2020-04-10,159085808.6,Beverages
Tennessee,2020-04-19,147343447.0,Beverages
Tennessee,2020-04-26,146800271.3,Beverages
Tennessee,2020-05-01,133107420.39999999,Beverages
Tennessee,2020-05-04,148042745.4,Beverages
Tennessee,2020-05-07,173939972.29999998,Beverages
Tennessee,2020-05-17,158429364.3,Beverages
Tennessee,2020-05-24,165753716.29999998,Beverages
Tennessee,2020-05-31,160317261.9,Beverages
Tennessee,2020-06-09,167313185.20000002,Beverages
Tennessee,2020-06-12,141511500.0,Beverages
Tennessee,2020-06-14,163688558.0,Beverages
Tennessee,2020-06-21,162441172.0,Beverages
Tennessee,2020-06-28,162325745.89999998,Beverages
Tennessee,2020-07-06,162676412.79999998,Beverages
Tennessee,2020-07-19,168284776.0,Beverages
Tennessee,2020-07-26,162653533.70000002,Beverages
Tennessee,2020-08-03,146429788.6,Beverages
Tennessee,2020-08-11,150118207.0,Beverages
Tennessee,2020-08-16,169028938.0,Beverages
Tennessee,2020-08-23,162518556.0,Beverages
Tennessee,2020-08-30,160376685.0,Beverages
Tennessee,2020-09-02,132141057.7,Beverages
Tennessee,2020-09-08,167374215.7,Beverages
Tennessee,2020-09-13,166162275.7,Beverages
Tennessee,2020-09-20,162000007.4,Beverages
Tennessee,2020-09-27,153161315.3,Beverages
Tennessee,2020-10-05,154583768.6,Beverages
Tennessee,2020-10-18,151088439.4,Beverages
Tennessee,2020-10-25,149058214.6,Beverages
Tennessee,2020-11-10,152184572.29999998,Beverages
Tennessee,2020-11-15,149010432.7,Beverages
Tennessee,2020-11-22,152893005.6,Beverages
Tennessee,2020-11-29,145806794.9,Beverages
Tennessee,2020-12-01,133743337.6,Beverages
Tennessee,2020-12-04,146683982.70000002,Beverages
Tennessee,2020-12-07,165348594.5,Beverages
Tennessee,2020-12-13,146091196.4,Beverages
Tennessee,2020-12-20,151754623.2,Beverages
Tennessee,2020-12-27,146242222.3,Beverages
Tennessee,2021-01-08,179931688.9,Beverages
Tennessee,2021-01-17,145423790.0,Beverages
Tennessee,2021-01-24,140867015.5,Beverages
Tennessee,2021-01-31,141317750.3,Beverages
Tennessee,2021-02-05,166154761.1,Beverages
Tennessee,2021-02-14,143265220.70000002,Beverages
Tennessee,2021-02-21,138443610.7,Beverages
Tennessee,2021-02-28,152040541.4,Beverages
Tennessee,2021-03-01,144863751.29999998,Beverages
Tennessee,2021-03-10,244244869.7,Beverages
Tennessee,2021-03-14,172301350.0,Beverages
Tennessee,2021-03-21,167121384.1,Beverages
Tennessee,2021-03-28,152222936.1,Beverages
Tennessee,2021-04-04,160816224.2,Beverages
Tennessee,2021-04-07,185125331.0,Beverages
Tennessee,2021-04-18,161584035.6,Beverages
Tennessee,2021-04-25,158579318.5,Beverages
Tennessee,2021-05-09,181028775.70000002,Beverages
Tennessee,2021-05-12,224771953.3,Beverages
Tennessee,2021-05-16,168247049.20000002,Beverages
Tennessee,2021-05-23,175021293.4,Beverages
Tennessee,2021-05-30,173529250.79999998,Beverages
Tennessee,2021-06-06,174692380.3,Beverages
Tennessee,2021-06-13,177318203.7,Beverages
Tennessee,2021-06-20,182887171.5,Beverages
Tennessee,2021-06-27,174789166.79999998,Beverages
Tennessee,2021-07-02,144564282.10000002,Beverages
Tennessee,2021-07-03,157927423.6,Beverages
Tennessee,2021-07-11,230197586.6,Beverages
Tennessee,2021-07-18,181890342.9,Beverages
Tennessee,2021-07-25,179525336.2,Beverages
Tennessee,2021-08-08,183553300.39999998,Beverages
Tennessee,2021-08-15,186501515.4,Beverages
Tennessee,2021-08-22,176653707.9,Beverages
Tennessee,2021-08-29,179713841.20000002,Beverages
Tennessee,2021-09-05,166121631.70000002,Beverages
Tennessee,2021-09-19,173504125.20000002,Beverages
Tennessee,2021-09-26,164359613.6,Beverages
Tennessee,2021-10-01,145534816.1,Beverages
Tennessee,2021-10-10,239728177.0,Beverages
Tennessee,2021-10-17,237896333.19999996,Beverages
Tennessee,2021-10-24,233290614.1,Beverages
Tennessee,2021-10-31,229313038.8,Beverages
Tennessee,2021-11-04,163283813.10000002,Beverages
Tennessee,2021-11-07,176818978.79999998,Beverages
Tennessee,2021-11-14,234007512.99999997,Beverages
Tennessee,2021-11-21,238791206.10000002,Beverages
Tennessee,2021-11-28,220939629.8,Beverages
Tennessee,2021-12-09,177280304.4,Beverages
Tennessee,2021-12-12,227632844.89999998,Beverages
Tennessee,2021-12-19,237893228.1,Beverages
Tennessee,2021-12-26,232430155.9,Beverages
Tennessee,2022-01-05,255580296.4,Beverages
Tennessee,2022-01-16,232413351.0,Beverages
Tennessee,2022-01-23,215309648.49999997,Beverages
Tennessee,2022-01-30,219249546.20000002,Beverages
Tennessee,2022-02-01,224767189.09999996,Beverages
Tennessee,2022-02-10,268423833.0,Beverages
Tennessee,2022-02-13,225524007.40000004,Beverages
Tennessee,2022-02-20,218613739.70000002,Beverages
Tennessee,2022-02-27,233514025.50000003,Beverages
Tennessee,2022-03-04,248168045.79999998,Beverages
Tennessee,2022-03-07,281650880.9,Beverages
Tennessee,2022-03-13,240827838.3,Beverages
Tennessee,2022-03-20,239039594.2,Beverages
Tennessee,2022-03-27,242009531.1,Beverages
Tennessee,2022-04-09,279000553.2,Beverages
Tennessee,2022-04-12,239754271.8,Beverages
Tennessee,2022-04-17,252796422.5,Beverages
Tennessee,2022-04-24,247631529.89999998,Beverages
Tennessee,2022-05-06,257824139.3,Beverages
Tennessee,2022-05-15,259908048.29999998,Beverages
Tennessee,2022-05-22,274411658.90000004,Beverages
Tennessee,2022-05-29,263543146.79999998,Beverages
Tennessee,2022-06-02,224516170.9,Beverages
Tennessee,2022-06-03,241950510.40000004,Beverages
Tennessee,2022-06-11,247831243.4,Beverages
Tennessee,2022-06-19,276362609.09999996,Beverages
Tennessee,2022-06-26,270841107.3,Beverages
Tennessee,2022-07-08,279884066.8,Beverages
Tennessee,2022-07-17,269218064.2,Beverages
Tennessee,2022-07-24,270085372.3,Beverages
Tennessee,2022-07-31,273364369.90000004,Beverages
Tennessee,2022-08-05,254369210.7,Beverages
Tennessee,2022-08-14,281964916.1,Beverages
Tennessee,2022-08-21,271716138.8,Beverages
Tennessee,2022-08-28,273613651.49999994,Beverages
Tennessee,2022-09-01,221163584.0,Beverages
Tennessee,2022-09-10,258166826.7,Beverages
Tennessee,2022-09-18,267283150.7,Beverages
Tennessee,2022-09-25,262818392.3,Beverages
Tennessee,2022-10-04,252377517.50000003,Beverages
Tennessee,2022-10-07,267019120.9,Beverages
Tennessee,2022-10-16,257083138.2,Beverages
Tennessee,2022-10-23,249615671.20000002,Beverages
Tennessee,2022-10-30,244890146.70000002,Beverages
Tennessee,2022-11-09,267382745.3,Beverages
Tennessee,2022-11-12,243035327.10000002,Beverages
Tennessee,2022-11-13,248078954.6,Beverages
Tennessee,2022-11-20,252021987.89999998,Beverages
Tennessee,2022-11-27,244384957.4,Beverages
Tennessee,2022-12-06,260960599.20000002,Beverages
Tennessee,2022-12-18,255439196.2,Beverages
Tennessee,2022-12-25,260271336.79999998,Beverages
Tennessee,2023-01-01,238471493.99999997,Beverages
Tennessee,2023-01-15,241146884.0,Beverages
Tennessee,2023-01-22,227700587.2,Beverages
Tennessee,2023-01-29,232326867.9,Beverages
Tennessee,2023-02-04,261110231.70000002,Beverages
Tennessee,2023-02-19,243855297.20000002,Beverages
Tennessee,2023-02-26,246705711.5,Beverages
Tennessee,2023-03-19,261497089.60000002,Beverages
Tennessee,2023-03-26,250826660.79999998,Beverages
Tennessee,2023-04-16,263975661.3,Beverages
Tennessee,2023-04-23,264857798.7,Beverages
Tennessee,2023-04-30,265892238.10000002,Beverages
Tennessee,2023-05-02,238263896.0,Beverages
Tennessee,2023-05-03,263365664.6,Beverages
Tennessee,2023-07-05,273499572.59999996,Beverages
Tennessee,2023-08-01,234174812.7,Beverages
Tennessee,2023-09-04,262632907.60000002,Beverages
Tennessee,2023-12-02,244895146.6,Beverages
Tennessee,2023-12-03,272208645.5,Beverages
Texas,2019-01-12,472848726.3,Beverages
Texas,2019-03-11,481478332.5,Beverages
Texas,2019-06-10,541078907.1999999,Beverages
Texas,2019-08-12,471710634.7,Beverages
Texas,2019-10-11,483320678.6,Beverages
Texas,2019-10-13,514652477.1,Beverages
Texas,2019-10-20,484212181.2,Beverages
Texas,2019-10-27,483599434.59999996,Beverages
Texas,2019-11-17,478104629.4,Beverages
Texas,2019-11-24,490235898.70000005,Beverages
Texas,2019-12-15,481564975.9,Beverages
Texas,2019-12-22,507804111.7,Beverages
Texas,2019-12-29,467525421.5,Beverages
Texas,2020-01-03,492419825.5,Beverages
Texas,2020-01-11,499850543.9,Beverages
Texas,2020-01-19,461142927.40000004,Beverages
Texas,2020-01-26,452238816.5,Beverages
Texas,2020-02-02,471958589.5,Beverages
Texas,2020-02-08,566934224.8,Beverages
Texas,2020-02-16,458900855.09999996,Beverages
Texas,2020-02-23,457236539.8,Beverages
Texas,2020-03-05,538277574.9,Beverages
Texas,2020-03-15,587593531.4,Beverages
Texas,2020-03-22,553455242.6999999,Beverages
Texas,2020-03-29,498719329.1,Beverages
Texas,2020-04-10,555993588.9,Beverages
Texas,2020-04-19,511736396.4,Beverages
Texas,2020-04-26,515487729.8,Beverages
Texas,2020-05-01,452390588.70000005,Beverages
Texas,2020-05-04,490671369.0,Beverages
Texas,2020-05-07,601072950.9,Beverages
Texas,2020-05-17,542776799.5,Beverages
Texas,2020-05-24,579200968.3000001,Beverages
Texas,2020-05-31,544491664.1999999,Beverages
Texas,2020-06-09,578186224.6999999,Beverages
Texas,2020-06-12,486652317.90000004,Beverages
Texas,2020-06-14,584731655.7,Beverages
Texas,2020-06-21,575978458.1999999,Beverages
Texas,2020-06-28,558015179.1,Beverages
Texas,2020-07-06,577567532.9000001,Beverages
Texas,2020-07-19,586136878.3,Beverages
Texas,2020-07-26,558759619.6,Beverages
Texas,2020-08-03,513987489.40000004,Beverages
Texas,2020-08-11,515400731.9,Beverages
Texas,2020-08-16,612342531.7,Beverages
Texas,2020-08-23,594962351.0,Beverages
Texas,2020-08-30,587830950.8000001,Beverages
Texas,2020-09-02,461755209.1,Beverages
Texas,2020-09-08,598101048.0,Beverages
Texas,2020-09-13,558426369.7,Beverages
Texas,2020-09-20,552604068.7,Beverages
Texas,2020-09-27,535440642.9,Beverages
Texas,2020-10-05,534010976.8,Beverages
Texas,2020-10-18,537675845.5,Beverages
Texas,2020-10-25,517086066.70000005,Beverages
Texas,2020-11-10,553150408.6999999,Beverages
Texas,2020-11-15,515212246.40000004,Beverages
Texas,2020-11-22,539488247.5999999,Beverages
Texas,2020-11-29,496499364.8,Beverages
Texas,2020-12-01,466671049.1,Beverages
Texas,2020-12-04,502582829.7,Beverages
Texas,2020-12-07,586230214.1999999,Beverages
Texas,2020-12-13,509601473.8,Beverages
Texas,2020-12-20,524094562.79999995,Beverages
Texas,2020-12-27,499021080.6,Beverages
Texas,2021-01-08,613570624.0,Beverages
Texas,2021-01-17,492394555.4,Beverages
Texas,2021-01-24,481922319.7,Beverages
Texas,2021-01-31,494403061.7,Beverages
Texas,2021-02-05,562123904.9,Beverages
Texas,2021-02-14,498618693.2,Beverages
Texas,2021-02-21,505144380.4,Beverages
Texas,2021-02-28,544512376.5,Beverages
Texas,2021-03-01,485954921.4,Beverages
Texas,2021-03-10,846360995.6999999,Beverages
Texas,2021-03-14,626790164.6999999,Beverages
Texas,2021-03-21,593057395.8000001,Beverages
Texas,2021-03-28,530931011.90000004,Beverages
Texas,2021-04-04,532237092.7,Beverages
Texas,2021-04-07,639236238.0,Beverages
Texas,2021-04-18,534217660.5,Beverages
Texas,2021-04-25,546096314.1999999,Beverages
Texas,2021-05-09,640916100.4,Beverages
Texas,2021-05-12,767109221.8,Beverages
Texas,2021-05-16,570427144.9,Beverages
Texas,2021-05-23,583267375.8,Beverages
Texas,2021-05-30,593132908.9,Beverages
Texas,2021-06-06,606902920.0,Beverages
Texas,2021-06-13,635379158.1,Beverages
Texas,2021-06-20,644970852.1,Beverages
Texas,2021-06-27,611761164.4000001,Beverages
Texas,2021-07-02,508609492.79999995,Beverages
Texas,2021-07-03,547202849.3,Beverages
Texas,2021-07-11,798078686.2,Beverages
Texas,2021-07-18,626723671.5,Beverages
Texas,2021-07-25,607071959.7,Beverages
Texas,2021-08-08,628737507.9,Beverages
Texas,2021-08-15,654731719.9,Beverages
Texas,2021-08-22,643350116.9,Beverages
Texas,2021-08-29,633347096.0,Beverages
Texas,2021-09-05,585712657.5999999,Beverages
Texas,2021-09-19,605126911.5,Beverages
Texas,2021-09-26,576513741.4,Beverages
Texas,2021-10-01,495592761.09999996,Beverages
Texas,2021-10-10,860378788.0,Beverages
Texas,2021-10-17,821470951.3,Beverages
Texas,2021-10-24,816123888.0999999,Beverages
Texas,2021-10-31,803785397.5000001,Beverages
Texas,2021-11-04,542908685.6,Beverages
Texas,2021-11-07,604727976.9,Beverages
Texas,2021-11-14,813596079.7000002,Beverages
Texas,2021-11-21,825496999.4,Beverages
Texas,2021-11-28,753648978.6,Beverages
Texas,2021-12-09,605811948.9,Beverages
Texas,2021-12-12,797449709.4000001,Beverages
Texas,2021-12-19,818184291.3000001,Beverages
Texas,2021-12-26,790855957.2,Beverages
Texas,2022-01-05,850167886.7,Beverages
Texas,2022-01-16,773239165.0999999,Beverages
Texas,2022-01-23,757025431.4000001,Beverages
Texas,2022-01-30,765830589.8000001,Beverages
Texas,2022-02-01,756947880.9,Beverages
Texas,2022-02-10,919216522.6,Beverages
Texas,2022-02-13,782679656.7000002,Beverages
Texas,2022-02-20,782777958.4,Beverages
Texas,2022-02-27,802452110.0,Beverages
Texas,2022-03-04,850032373.9,Beverages
Texas,2022-03-07,966249951.9,Beverages
Texas,2022-03-13,812675553.6999999,Beverages
Texas,2022-03-20,833042209.5999999,Beverages
Texas,2022-03-27,827095884.5,Beverages
Texas,2022-04-09,971086409.4000001,Beverages
Texas,2022-04-12,828531180.9,Beverages
Texas,2022-04-17,870295163.3000001,Beverages
Texas,2022-04-24,839737382.2,Beverages
Texas,2022-05-06,909654383.9999999,Beverages
Texas,2022-05-15,898767553.8,Beverages
Texas,2022-05-22,895583946.8999999,Beverages
Texas,2022-05-29,920017258.3000001,Beverages
Texas,2022-06-02,777748295.9,Beverages
Texas,2022-06-03,816625521.8,Beverages
Texas,2022-06-11,847475436.3000001,Beverages
Texas,2022-06-19,969023692.4,Beverages
Texas,2022-06-26,940907761.5999999,Beverages
Texas,2022-07-08,979016830.5,Beverages
Texas,2022-07-17,948093409.6,Beverages
Texas,2022-07-24,941450752.5,Beverages
Texas,2022-07-31,963109909.1,Beverages
Texas,2022-08-05,890296798.9000001,Beverages
Texas,2022-08-14,985374558.9,Beverages
Texas,2022-08-21,956650830.4,Beverages
Texas,2022-08-28,950231655.4000001,Beverages
Texas,2022-09-01,762413549.3,Beverages
Texas,2022-09-10,922684371.0,Beverages
Texas,2022-09-18,931076823.3999999,Beverages
Texas,2022-09-25,929950135.5,Beverages
Texas,2022-10-04,871634417.1,Beverages
Texas,2022-10-07,936276204.3999999,Beverages
Texas,2022-10-16,901641946.3000001,Beverages
Texas,2022-10-23,871009109.7,Beverages
Texas,2022-10-30,850515309.8000001,Beverages
Texas,2022-11-09,944672826.4999999,Beverages
Texas,2022-11-12,863198649.6000001,Beverages
Texas,2022-11-13,852211525.3000001,Beverages
Texas,2022-11-20,877944513.2,Beverages
Texas,2022-11-27,817175268.9,Beverages
Texas,2022-12-06,949870390.5999999,Beverages
Texas,2022-12-18,890163695.9,Beverages
Texas,2022-12-25,883142797.3000001,Beverages
Texas,2023-01-01,809153466.3,Beverages
Texas,2023-01-15,831013727.3000001,Beverages
Texas,2023-01-22,803963606.1,Beverages
Texas,2023-01-29,805963645.3,Beverages
Texas,2023-02-04,877605066.2,Beverages
Texas,2023-02-19,824199487.3,Beverages
Texas,2023-02-26,848193678.6999999,Beverages
Texas,2023-03-19,921704775.1000001,Beverages
Texas,2023-03-26,866642461.3000001,Beverages
Texas,2023-04-16,908098470.6,Beverages
Texas,2023-04-23,902732385.2,Beverages
Texas,2023-04-30,913290166.7,Beverages
Texas,2023-05-02,809824256.5,Beverages
Texas,2023-05-03,898283675.2,Beverages
Texas,2023-07-05,962022026.5,Beverages
Texas,2023-08-01,811576956.8000001,Beverages
Texas,2023-09-04,897717811.9000001,Beverages
Texas,2023-12-02,843860928.2,Beverages
Texas,2023-12-03,965979422.4,Beverages
Utah,2019-01-12,42799315.6,Beverages
Utah,2019-03-11,43344283.5,Beverages
Utah,2019-06-10,46002034.1,Beverages
Utah,2019-08-12,42990859.0,Beverages
Utah,2019-10-11,44258185.7,Beverages
Utah,2019-10-13,43950310.7,Beverages
Utah,2019-10-20,45862185.5,Beverages
Utah,2019-10-27,45883522.3,Beverages
Utah,2019-11-17,46091047.199999996,Beverages
Utah,2019-11-24,46655269.0,Beverages
Utah,2019-12-15,45535737.199999996,Beverages
Utah,2019-12-22,50629210.900000006,Beverages
Utah,2019-12-29,45035394.4,Beverages
Utah,2020-01-03,46708924.0,Beverages
Utah,2020-01-11,47922674.199999996,Beverages
Utah,2020-01-19,42668744.5,Beverages
Utah,2020-01-26,43123444.6,Beverages
Utah,2020-02-02,46361418.8,Beverages
Utah,2020-02-08,55710475.1,Beverages
Utah,2020-02-16,43844393.8,Beverages
Utah,2020-02-23,44119026.0,Beverages
Utah,2020-03-05,52677004.4,Beverages
Utah,2020-03-15,55451153.400000006,Beverages
Utah,2020-03-22,50908406.0,Beverages
Utah,2020-03-29,47066271.4,Beverages
Utah,2020-04-10,50477555.8,Beverages
Utah,2020-04-19,49273340.1,Beverages
Utah,2020-04-26,50139846.6,Beverages
Utah,2020-05-01,42867211.099999994,Beverages
Utah,2020-05-04,46730367.0,Beverages
Utah,2020-05-07,59980600.9,Beverages
Utah,2020-05-17,52220029.0,Beverages
Utah,2020-05-24,53426619.8,Beverages
Utah,2020-05-31,52132626.7,Beverages
Utah,2020-06-09,54625583.9,Beverages
Utah,2020-06-12,45529947.9,Beverages
Utah,2020-06-14,54593469.7,Beverages
Utah,2020-06-21,53991955.400000006,Beverages
Utah,2020-06-28,57756299.6,Beverages
Utah,2020-07-06,54771790.7,Beverages
Utah,2020-07-19,58560317.1,Beverages
Utah,2020-07-26,55499838.0,Beverages
Utah,2020-08-03,49082930.2,Beverages
Utah,2020-08-11,48714454.9,Beverages
Utah,2020-08-16,56385233.599999994,Beverages
Utah,2020-08-23,55895034.9,Beverages
Utah,2020-08-30,55317886.400000006,Beverages
Utah,2020-09-02,42266558.699999996,Beverages
Utah,2020-09-08,55857710.3,Beverages
Utah,2020-09-13,50329966.699999996,Beverages
Utah,2020-09-20,51048791.4,Beverages
Utah,2020-09-27,50455449.9,Beverages
Utah,2020-10-05,53341435.3,Beverages
Utah,2020-10-18,49473220.9,Beverages
Utah,2020-10-25,48951557.800000004,Beverages
Utah,2020-11-10,49615569.2,Beverages
Utah,2020-11-15,47258153.3,Beverages
Utah,2020-11-22,49897853.699999996,Beverages
Utah,2020-11-29,46779679.5,Beverages
Utah,2020-12-01,42495523.1,Beverages
Utah,2020-12-04,48139868.4,Beverages
Utah,2020-12-07,55434789.900000006,Beverages
Utah,2020-12-13,47701086.9,Beverages
Utah,2020-12-20,51023829.8,Beverages
Utah,2020-12-27,49514486.0,Beverages
Utah,2021-01-08,59394248.4,Beverages
Utah,2021-01-17,47076790.0,Beverages
Utah,2021-01-24,46429621.199999996,Beverages
Utah,2021-01-31,47480593.800000004,Beverages
Utah,2021-02-05,56007115.4,Beverages
Utah,2021-02-14,47015915.300000004,Beverages
Utah,2021-02-21,46635433.300000004,Beverages
Utah,2021-02-28,49120500.0,Beverages
Utah,2021-03-01,46487223.199999996,Beverages
Utah,2021-03-10,78244234.39999999,Beverages
Utah,2021-03-14,58770616.800000004,Beverages
Utah,2021-03-21,54636093.5,Beverages
Utah,2021-03-28,49923058.1,Beverages
Utah,2021-04-04,52632057.5,Beverages
Utah,2021-04-07,64984991.3,Beverages
Utah,2021-04-18,50219773.400000006,Beverages
Utah,2021-04-25,52949841.9,Beverages
Utah,2021-05-09,60165615.0,Beverages
Utah,2021-05-12,70621211.60000001,Beverages
Utah,2021-05-16,56687105.6,Beverages
Utah,2021-05-23,57643999.5,Beverages
Utah,2021-05-30,59459476.699999996,Beverages
Utah,2021-06-06,60565269.6,Beverages
Utah,2021-06-13,58920404.3,Beverages
Utah,2021-06-20,62263406.6,Beverages
Utah,2021-06-27,60996359.8,Beverages
Utah,2021-07-02,47941986.0,Beverages
Utah,2021-07-03,53313223.9,Beverages
Utah,2021-07-11,73559786.89999999,Beverages
Utah,2021-07-18,61593658.199999996,Beverages
Utah,2021-07-25,61069517.2,Beverages
Utah,2021-08-08,59329980.6,Beverages
Utah,2021-08-15,60656350.6,Beverages
Utah,2021-08-22,58497124.5,Beverages
Utah,2021-08-29,57573623.4,Beverages
Utah,2021-09-05,57583432.3,Beverages
Utah,2021-09-19,56998191.699999996,Beverages
Utah,2021-09-26,56100568.5,Beverages
Utah,2021-10-01,45720489.5,Beverages
Utah,2021-10-10,75874140.59999998,Beverages
Utah,2021-10-17,75271622.5,Beverages
Utah,2021-10-24,74602835.20000002,Beverages
Utah,2021-10-31,74405506.8,Beverages
Utah,2021-11-04,52299183.3,Beverages
Utah,2021-11-07,60579075.8,Beverages
Utah,2021-11-14,74020917.7,Beverages
Utah,2021-11-21,76822261.69999999,Beverages
Utah,2021-11-28,70963540.6,Beverages
Utah,2021-12-09,56620331.5,Beverages
Utah,2021-12-12,73375000.39999999,Beverages
Utah,2021-12-19,79281414.5,Beverages
Utah,2021-12-26,77692275.19999999,Beverages
Utah,2022-01-05,81528140.7,Beverages
Utah,2022-01-16,72737608.20000002,Beverages
Utah,2022-01-23,70837610.80000001,Beverages
Utah,2022-01-30,73468047.5,Beverages
Utah,2022-02-01,70611522.89999999,Beverages
Utah,2022-02-10,82461165.60000001,Beverages
Utah,2022-02-13,74270303.1,Beverages
Utah,2022-02-20,72603083.80000001,Beverages
Utah,2022-02-27,73960835.7,Beverages
Utah,2022-03-04,81837858.00000001,Beverages
Utah,2022-03-07,97738995.5,Beverages
Utah,2022-03-13,76383636.8,Beverages
Utah,2022-03-20,78357862.50000001,Beverages
Utah,2022-03-27,79620270.40000002,Beverages
Utah,2022-04-09,90796249.6,Beverages
Utah,2022-04-12,73883027.6,Beverages
Utah,2022-04-17,80559639.8,Beverages
Utah,2022-04-24,78729129.80000001,Beverages
Utah,2022-05-06,87654632.3,Beverages
Utah,2022-05-15,82901429.5,Beverages
Utah,2022-05-22,84186908.4,Beverages
Utah,2022-05-29,86852590.4,Beverages
Utah,2022-06-02,73418459.89999999,Beverages
Utah,2022-06-03,77586798.2,Beverages
Utah,2022-06-11,76788217.8,Beverages
Utah,2022-06-19,90948762.19999999,Beverages
Utah,2022-06-26,90996914.80000001,Beverages
Utah,2022-07-08,87746233.6,Beverages
Utah,2022-07-17,93370301.10000001,Beverages
Utah,2022-07-24,92176631.29999998,Beverages
Utah,2022-07-31,88275946.3,Beverages
Utah,2022-08-05,84612637.3,Beverages
Utah,2022-08-14,89318533.10000001,Beverages
Utah,2022-08-21,87263409.5,Beverages
Utah,2022-08-28,88644859.4,Beverages
Utah,2022-09-01,70280804.5,Beverages
Utah,2022-09-10,80715550.0,Beverages
Utah,2022-09-18,82578747.4,Beverages
Utah,2022-09-25,81583654.4,Beverages
Utah,2022-10-04,78038771.10000001,Beverages
Utah,2022-10-07,91505961.60000001,Beverages
Utah,2022-10-16,79051881.49999999,Beverages
Utah,2022-10-23,78997314.5,Beverages
Utah,2022-10-30,76819842.5,Beverages
Utah,2022-11-09,85704126.1,Beverages
Utah,2022-11-12,76445232.9,Beverages
Utah,2022-11-13,77514267.09999998,Beverages
Utah,2022-11-20,80800177.30000001,Beverages
Utah,2022-11-27,78027637.60000001,Beverages
Utah,2022-12-06,90080445.5,Beverages
Utah,2022-12-18,82619797.4,Beverages
Utah,2022-12-25,85948631.0,Beverages
Utah,2023-01-01,72618035.39999999,Beverages
Utah,2023-01-15,74997967.5,Beverages
Utah,2023-01-22,74262693.69999999,Beverages
Utah,2023-01-29,75155901.10000001,Beverages
Utah,2023-02-04,80784702.1,Beverages
Utah,2023-02-19,77638644.8,Beverages
Utah,2023-02-26,77673269.0,Beverages
Utah,2023-03-19,84876141.10000001,Beverages
Utah,2023-03-26,80341382.39999999,Beverages
Utah,2023-04-16,82950874.80000001,Beverages
Utah,2023-04-23,83207752.10000001,Beverages
Utah,2023-04-30,87151460.50000001,Beverages
Utah,2023-05-02,76237504.6,Beverages
Utah,2023-05-03,83904754.1,Beverages
Utah,2023-07-05,90346612.2,Beverages
Utah,2023-08-01,72347101.8,Beverages
Utah,2023-09-04,83693796.4,Beverages
Utah,2023-12-02,80090615.49999999,Beverages
Utah,2023-12-03,88790244.7,Beverages
Vermont,2019-01-12,10140664.299999999,Beverages
Vermont,2019-03-11,9998306.8,Beverages
Vermont,2019-06-10,10654128.399999999,Beverages
Vermont,2019-08-12,10098782.6,Beverages
Vermont,2019-10-11,9914387.0,Beverages
Vermont,2019-10-13,10493866.1,Beverages
Vermont,2019-10-20,10034765.8,Beverages
Vermont,2019-10-27,9732838.7,Beverages
Vermont,2019-11-17,9824944.100000001,Beverages
Vermont,2019-11-24,10234925.7,Beverages
Vermont,2019-12-15,10100359.299999999,Beverages
Vermont,2019-12-22,10840313.100000001,Beverages
Vermont,2019-12-29,11284136.8,Beverages
Vermont,2020-01-03,10321603.4,Beverages
Vermont,2020-01-11,10550546.1,Beverages
Vermont,2020-01-19,10459226.4,Beverages
Vermont,2020-01-26,10013202.4,Beverages
Vermont,2020-02-02,10422771.200000001,Beverages
Vermont,2020-02-08,13621460.4,Beverages
Vermont,2020-02-16,10251653.0,Beverages
Vermont,2020-02-23,10627026.5,Beverages
Vermont,2020-03-05,11244375.899999999,Beverages
Vermont,2020-03-15,11435654.3,Beverages
Vermont,2020-03-22,11830940.5,Beverages
Vermont,2020-03-29,10444062.100000001,Beverages
Vermont,2020-04-10,11398364.200000001,Beverages
Vermont,2020-04-19,10470686.4,Beverages
Vermont,2020-04-26,10511675.1,Beverages
Vermont,2020-05-01,11286677.0,Beverages
Vermont,2020-05-04,10611241.299999999,Beverages
Vermont,2020-05-07,14477899.799999999,Beverages
Vermont,2020-05-17,11248781.3,Beverages
Vermont,2020-05-24,12564024.600000001,Beverages
Vermont,2020-05-31,12529765.9,Beverages
Vermont,2020-06-09,11742210.9,Beverages
Vermont,2020-06-12,10650733.700000001,Beverages
Vermont,2020-06-14,12200506.6,Beverages
Vermont,2020-06-21,12877303.4,Beverages
Vermont,2020-06-28,13067928.600000001,Beverages
Vermont,2020-07-06,12511161.4,Beverages
Vermont,2020-07-19,13160168.1,Beverages
Vermont,2020-07-26,13076993.6,Beverages
Vermont,2020-08-03,11002689.6,Beverages
Vermont,2020-08-11,10915170.1,Beverages
Vermont,2020-08-16,12847282.5,Beverages
Vermont,2020-08-23,12018680.799999999,Beverages
Vermont,2020-08-30,11781951.5,Beverages
Vermont,2020-09-02,10245582.5,Beverages
Vermont,2020-09-08,12830790.600000001,Beverages
Vermont,2020-09-13,11410464.399999999,Beverages
Vermont,2020-09-20,10928516.2,Beverages
Vermont,2020-09-27,11274683.9,Beverages
Vermont,2020-10-05,11252154.1,Beverages
Vermont,2020-10-18,10964926.4,Beverages
Vermont,2020-10-25,10672287.4,Beverages
Vermont,2020-11-10,11173346.700000001,Beverages
Vermont,2020-11-15,10771670.3,Beverages
Vermont,2020-11-22,10874180.4,Beverages
Vermont,2020-11-29,10819020.0,Beverages
Vermont,2020-12-01,10094296.5,Beverages
Vermont,2020-12-04,10412629.200000001,Beverages
Vermont,2020-12-07,13581080.4,Beverages
Vermont,2020-12-13,10595475.399999999,Beverages
Vermont,2020-12-20,10830189.7,Beverages
Vermont,2020-12-27,11761643.9,Beverages
Vermont,2021-01-08,13464125.899999999,Beverages
Vermont,2021-01-17,10703796.0,Beverages
Vermont,2021-01-24,10635882.5,Beverages
Vermont,2021-01-31,10799388.8,Beverages
Vermont,2021-02-05,11912435.0,Beverages
Vermont,2021-02-14,10792892.1,Beverages
Vermont,2021-02-21,11079749.5,Beverages
Vermont,2021-02-28,10854414.4,Beverages
Vermont,2021-03-01,11494780.9,Beverages
Vermont,2021-03-10,17208122.500000004,Beverages
Vermont,2021-03-14,12010395.899999999,Beverages
Vermont,2021-03-21,12539025.6,Beverages
Vermont,2021-03-28,11222142.899999999,Beverages
Vermont,2021-04-04,11275936.600000001,Beverages
Vermont,2021-04-07,14328350.3,Beverages
Vermont,2021-04-18,11028639.200000001,Beverages
Vermont,2021-04-25,11336823.4,Beverages
Vermont,2021-05-09,12654207.299999999,Beverages
Vermont,2021-05-12,16412109.100000001,Beverages
Vermont,2021-05-16,12174721.4,Beverages
Vermont,2021-05-23,13910947.799999999,Beverages
Vermont,2021-05-30,13487131.9,Beverages
Vermont,2021-06-06,13043593.0,Beverages
Vermont,2021-06-13,13342856.7,Beverages
Vermont,2021-06-20,13908879.8,Beverages
Vermont,2021-06-27,13628238.2,Beverages
Vermont,2021-07-02,10992665.7,Beverages
Vermont,2021-07-03,11517988.2,Beverages
Vermont,2021-07-11,16450799.200000001,Beverages
Vermont,2021-07-18,13433530.9,Beverages
Vermont,2021-07-25,13661363.2,Beverages
Vermont,2021-08-08,13735040.7,Beverages
Vermont,2021-08-15,14357893.3,Beverages
Vermont,2021-08-22,13064025.100000001,Beverages
Vermont,2021-08-29,12916089.799999999,Beverages
Vermont,2021-09-05,11994925.799999999,Beverages
Vermont,2021-09-19,11854055.200000001,Beverages
Vermont,2021-09-26,12191093.5,Beverages
Vermont,2021-10-01,10942795.899999999,Beverages
Vermont,2021-10-10,17238408.799999997,Beverages
Vermont,2021-10-17,16867635.5,Beverages
Vermont,2021-10-24,16095629.6,Beverages
Vermont,2021-10-31,15986865.4,Beverages
Vermont,2021-11-04,11243963.799999999,Beverages
Vermont,2021-11-07,13843773.8,Beverages
Vermont,2021-11-14,16477179.7,Beverages
Vermont,2021-11-21,16714317.700000001,Beverages
Vermont,2021-11-28,16052503.6,Beverages
Vermont,2021-12-09,12307859.3,Beverages
Vermont,2021-12-12,16128337.1,Beverages
Vermont,2021-12-19,17427391.6,Beverages
Vermont,2021-12-26,17740467.9,Beverages
Vermont,2022-01-05,17584377.6,Beverages
Vermont,2022-01-16,16914501.5,Beverages
Vermont,2022-01-23,16263821.500000002,Beverages
Vermont,2022-01-30,16366357.700000001,Beverages
Vermont,2022-02-01,17602152.0,Beverages
Vermont,2022-02-10,17781059.9,Beverages
Vermont,2022-02-13,16689059.0,Beverages
Vermont,2022-02-20,16725384.299999999,Beverages
Vermont,2022-02-27,16700358.6,Beverages
Vermont,2022-03-04,17273731.7,Beverages
Vermont,2022-03-07,22844305.400000002,Beverages
Vermont,2022-03-13,16804676.900000002,Beverages
Vermont,2022-03-20,17123995.400000002,Beverages
Vermont,2022-03-27,16939632.5,Beverages
Vermont,2022-04-09,19188721.200000003,Beverages
Vermont,2022-04-12,16973330.3,Beverages
Vermont,2022-04-17,17514823.900000002,Beverages
Vermont,2022-04-24,16530616.500000002,Beverages
Vermont,2022-05-06,20243384.099999998,Beverages
Vermont,2022-05-15,19138994.3,Beverages
Vermont,2022-05-22,20057254.2,Beverages
Vermont,2022-05-29,19462027.5,Beverages
Vermont,2022-06-02,17004639.699999996,Beverages
Vermont,2022-06-03,17086730.6,Beverages
Vermont,2022-06-11,17483212.0,Beverages
Vermont,2022-06-19,20105332.7,Beverages
Vermont,2022-06-26,20273984.500000004,Beverages
Vermont,2022-07-08,21576115.5,Beverages
Vermont,2022-07-17,21496520.500000004,Beverages
Vermont,2022-07-24,21507023.599999998,Beverages
Vermont,2022-07-31,21055278.5,Beverages
Vermont,2022-08-05,18223423.6,Beverages
Vermont,2022-08-14,20866310.8,Beverages
Vermont,2022-08-21,19885723.7,Beverages
Vermont,2022-08-28,19708102.2,Beverages
Vermont,2022-09-01,16658675.3,Beverages
Vermont,2022-09-10,18224034.1,Beverages
Vermont,2022-09-18,18198309.6,Beverages
Vermont,2022-09-25,17772235.2,Beverages
Vermont,2022-10-04,16901303.2,Beverages
Vermont,2022-10-07,21109350.400000002,Beverages
Vermont,2022-10-16,17842758.3,Beverages
Vermont,2022-10-23,17253871.9,Beverages
Vermont,2022-10-30,17001669.7,Beverages
Vermont,2022-11-09,18020623.0,Beverages
Vermont,2022-11-12,17078049.8,Beverages
Vermont,2022-11-13,16990548.5,Beverages
Vermont,2022-11-20,17076820.2,Beverages
Vermont,2022-11-27,17415650.7,Beverages
Vermont,2022-12-06,19894379.9,Beverages
Vermont,2022-12-18,17867736.9,Beverages
Vermont,2022-12-25,19232543.599999998,Beverages
Vermont,2023-01-01,18254415.4,Beverages
Vermont,2023-01-15,17048539.1,Beverages
Vermont,2023-01-22,17196042.100000005,Beverages
Vermont,2023-01-29,17032340.3,Beverages
Vermont,2023-02-04,17377273.3,Beverages
Vermont,2023-02-19,17621734.900000002,Beverages
Vermont,2023-02-26,17333835.0,Beverages
Vermont,2023-03-19,19111462.599999998,Beverages
Vermont,2023-03-26,17260096.400000002,Beverages
Vermont,2023-04-16,18162049.3,Beverages
Vermont,2023-04-23,17623202.9,Beverages
Vermont,2023-04-30,18276857.2,Beverages
Vermont,2023-05-02,17520094.0,Beverages
Vermont,2023-05-03,18343682.099999998,Beverages
Vermont,2023-07-05,19494926.400000002,Beverages
Vermont,2023-08-01,17426155.800000004,Beverages
Vermont,2023-09-04,18173575.099999998,Beverages
Vermont,2023-12-02,17722087.1,Beverages
Vermont,2023-12-03,18511580.700000003,Beverages
Virginia,2019-01-12,153170304.29999998,Beverages
Virginia,2019-03-11,156968155.4,Beverages
Virginia,2019-06-10,172066422.7,Beverages
Virginia,2019-08-12,155885204.70000002,Beverages
Virginia,2019-10-11,155391290.89999998,Beverages
Virginia,2019-10-13,161601644.9,Beverages
Virginia,2019-10-20,153893495.0,Beverages
Virginia,2019-10-27,150809621.79999998,Beverages
Virginia,2019-11-17,151880466.6,Beverages
Virginia,2019-11-24,154500701.4,Beverages
Virginia,2019-12-15,151159938.0,Beverages
Virginia,2019-12-22,163692374.70000002,Beverages
Virginia,2019-12-29,151352892.8,Beverages
Virginia,2020-01-03,158527801.4,Beverages
Virginia,2020-01-11,165112481.29999998,Beverages
Virginia,2020-01-19,145982251.8,Beverages
Virginia,2020-01-26,144337569.20000002,Beverages
Virginia,2020-02-02,150953056.5,Beverages
Virginia,2020-02-08,187624235.0,Beverages
Virginia,2020-02-16,148167205.1,Beverages
Virginia,2020-02-23,148804132.9,Beverages
Virginia,2020-03-05,176705172.5,Beverages
Virginia,2020-03-15,188754727.9,Beverages
Virginia,2020-03-22,176342493.4,Beverages
Virginia,2020-03-29,161690146.10000002,Beverages
Virginia,2020-04-10,176217089.1,Beverages
Virginia,2020-04-19,166221230.20000002,Beverages
Virginia,2020-04-26,166146355.1,Beverages
Virginia,2020-05-01,152001836.8,Beverages
Virginia,2020-05-04,166942310.29999998,Beverages
Virginia,2020-05-07,199524864.5,Beverages
Virginia,2020-05-17,175645454.60000002,Beverages
Virginia,2020-05-24,181602898.79999998,Beverages
Virginia,2020-05-31,180652170.4,Beverages
Virginia,2020-06-09,186222413.4,Beverages
Virginia,2020-06-12,159632427.9,Beverages
Virginia,2020-06-14,182008194.29999998,Beverages
Virginia,2020-06-21,177589600.8,Beverages
Virginia,2020-06-28,190019011.60000002,Beverages
Virginia,2020-07-06,185516071.5,Beverages
Virginia,2020-07-19,191619754.3,Beverages
Virginia,2020-07-26,183961729.5,Beverages
Virginia,2020-08-03,163409248.7,Beverages
Virginia,2020-08-11,167596233.1,Beverages
Virginia,2020-08-16,179700730.0,Beverages
Virginia,2020-08-23,178591805.79999998,Beverages
Virginia,2020-08-30,182383627.1,Beverages
Virginia,2020-09-02,152055733.1,Beverages
Virginia,2020-09-08,184209932.5,Beverages
Virginia,2020-09-13,173220383.9,Beverages
Virginia,2020-09-20,168928097.1,Beverages
Virginia,2020-09-27,168797589.6,Beverages
Virginia,2020-10-05,175163329.9,Beverages
Virginia,2020-10-18,163050881.9,Beverages
Virginia,2020-10-25,165623747.6,Beverages
Virginia,2020-11-10,169654399.0,Beverages
Virginia,2020-11-15,163694977.1,Beverages
Virginia,2020-11-22,168158834.7,Beverages
Virginia,2020-11-29,163619179.0,Beverages
Virginia,2020-12-01,152855580.1,Beverages
Virginia,2020-12-04,165311736.70000002,Beverages
Virginia,2020-12-07,187064332.4,Beverages
Virginia,2020-12-13,162737264.3,Beverages
Virginia,2020-12-20,168096272.5,Beverages
Virginia,2020-12-27,160600535.8,Beverages
Virginia,2021-01-08,200020469.4,Beverages
Virginia,2021-01-17,159488852.9,Beverages
Virginia,2021-01-24,156698362.4,Beverages
Virginia,2021-01-31,160272674.4,Beverages
Virginia,2021-02-05,187739402.8,Beverages
Virginia,2021-02-14,155848250.2,Beverages
Virginia,2021-02-21,157894230.20000002,Beverages
Virginia,2021-02-28,163796228.70000002,Beverages
Virginia,2021-03-01,161285295.3,Beverages
Virginia,2021-03-10,271048030.8,Beverages
Virginia,2021-03-14,200079905.7,Beverages
Virginia,2021-03-21,188758958.4,Beverages
Virginia,2021-03-28,173111525.0,Beverages
Virginia,2021-04-04,178524304.7,Beverages
Virginia,2021-04-07,211924902.29999998,Beverages
Virginia,2021-04-18,176271630.89999998,Beverages
Virginia,2021-04-25,175065613.5,Beverages
Virginia,2021-05-09,199876304.8,Beverages
Virginia,2021-05-12,252428302.20000002,Beverages
Virginia,2021-05-16,184915270.5,Beverages
Virginia,2021-05-23,190347000.8,Beverages
Virginia,2021-05-30,191434283.7,Beverages
Virginia,2021-06-06,197856116.10000002,Beverages
Virginia,2021-06-13,195582842.3,Beverages
Virginia,2021-06-20,191339932.1,Beverages
Virginia,2021-06-27,195554733.4,Beverages
Virginia,2021-07-02,160563408.3,Beverages
Virginia,2021-07-03,174612377.39999998,Beverages
Virginia,2021-07-11,254210851.2,Beverages
Virginia,2021-07-18,204653907.8,Beverages
Virginia,2021-07-25,199486534.7,Beverages
Virginia,2021-08-08,194229805.29999998,Beverages
Virginia,2021-08-15,196460320.6,Beverages
Virginia,2021-08-22,192954390.2,Beverages
Virginia,2021-08-29,200620477.5,Beverages
Virginia,2021-09-05,187731620.7,Beverages
Virginia,2021-09-19,187006075.20000002,Beverages
Virginia,2021-09-26,178228310.2,Beverages
Virginia,2021-10-01,158932758.6,Beverages
Virginia,2021-10-10,264267112.70000002,Beverages
Virginia,2021-10-17,257032021.4,Beverages
Virginia,2021-10-24,256856675.9,Beverages
Virginia,2021-10-31,255221501.8,Beverages
Virginia,2021-11-04,180011222.9,Beverages
Virginia,2021-11-07,199497003.6,Beverages
Virginia,2021-11-14,257365909.8,Beverages
Virginia,2021-11-21,260709600.4,Beverages
Virginia,2021-11-28,246183598.0,Beverages
Virginia,2021-12-09,188586876.9,Beverages
Virginia,2021-12-12,250214045.7,Beverages
Virginia,2021-12-19,262572652.70000002,Beverages
Virginia,2021-12-26,252987751.2,Beverages
Virginia,2022-01-05,290727347.90000004,Beverages
Virginia,2022-01-16,250857872.1,Beverages
Virginia,2022-01-23,240630000.29999998,Beverages
Virginia,2022-01-30,246332113.3,Beverages
Virginia,2022-02-01,247570917.39999998,Beverages
Virginia,2022-02-10,288864319.9,Beverages
Virginia,2022-02-13,247796846.20000002,Beverages
Virginia,2022-02-20,245704581.4,Beverages
Virginia,2022-02-27,254539797.20000002,Beverages
Virginia,2022-03-04,272520470.1999999,Beverages
Virginia,2022-03-07,313281997.2,Beverages
Virginia,2022-03-13,266351669.3,Beverages
Virginia,2022-03-20,267757776.7,Beverages
Virginia,2022-03-27,269389621.6,Beverages
Virginia,2022-04-09,309506676.90000004,Beverages
Virginia,2022-04-12,265354901.49999997,Beverages
Virginia,2022-04-17,282253256.20000005,Beverages
Virginia,2022-04-24,274802222.4,Beverages
Virginia,2022-05-06,295835575.5,Beverages
Virginia,2022-05-15,279296129.8,Beverages
Virginia,2022-05-22,302860488.3,Beverages
Virginia,2022-05-29,292593331.2,Beverages
Virginia,2022-06-02,247718807.70000002,Beverages
Virginia,2022-06-03,263806233.20000002,Beverages
Virginia,2022-06-11,273249495.40000004,Beverages
Virginia,2022-06-19,299528810.59999996,Beverages
Virginia,2022-06-26,296107450.2,Beverages
Virginia,2022-07-08,302468892.7,Beverages
Virginia,2022-07-17,302418266.40000004,Beverages
Virginia,2022-07-24,298574849.8000001,Beverages
Virginia,2022-07-31,298870972.99999994,Beverages
Virginia,2022-08-05,284854596.6,Beverages
Virginia,2022-08-14,302020483.4,Beverages
Virginia,2022-08-21,295293415.1,Beverages
Virginia,2022-08-28,306222918.99999994,Beverages
Virginia,2022-09-01,248898889.2,Beverages
Virginia,2022-09-10,278024414.0,Beverages
Virginia,2022-09-18,291679545.1999999,Beverages
Virginia,2022-09-25,287218014.59999996,Beverages
Virginia,2022-10-04,277964646.29999995,Beverages
Virginia,2022-10-07,294810631.59999996,Beverages
Virginia,2022-10-16,276442480.4,Beverages
Virginia,2022-10-23,270821530.1,Beverages
Virginia,2022-10-30,270254956.59999996,Beverages
Virginia,2022-11-09,289237581.79999995,Beverages
Virginia,2022-11-12,269510629.7,Beverages
Virginia,2022-11-13,272549134.2,Beverages
Virginia,2022-11-20,276320016.9,Beverages
Virginia,2022-11-27,267855342.70000002,Beverages
Virginia,2022-12-06,290185530.8,Beverages
Virginia,2022-12-18,281170584.40000004,Beverages
Virginia,2022-12-25,279780285.2,Beverages
Virginia,2023-01-01,262853193.7,Beverages
Virginia,2023-01-15,268174662.60000002,Beverages
Virginia,2023-01-22,255636482.70000002,Beverages
Virginia,2023-01-29,257988852.7,Beverages
Virginia,2023-02-04,286229976.5,Beverages
Virginia,2023-02-19,271129889.90000004,Beverages
Virginia,2023-02-26,274063688.9,Beverages
Virginia,2023-03-19,297202719.3,Beverages
Virginia,2023-03-26,279532595.2,Beverages
Virginia,2023-04-16,297359966.9,Beverages
Virginia,2023-04-23,294647608.6,Beverages
Virginia,2023-04-30,295973428.20000005,Beverages
Virginia,2023-05-02,264660031.0,Beverages
Virginia,2023-05-03,289520255.09999996,Beverages
Virginia,2023-07-05,301772658.09999996,Beverages
Virginia,2023-08-01,263411853.2,Beverages
Virginia,2023-09-04,293839743.7,Beverages
Virginia,2023-12-02,270253070.09999996,Beverages
Virginia,2023-12-03,307916268.70000005,Beverages
Washington,2019-01-12,100959341.5,Beverages
Washington,2019-03-11,101445077.4,Beverages
Washington,2019-06-10,105763907.89999999,Beverages
Washington,2019-08-12,102506227.69999999,Beverages
Washington,2019-10-11,102493531.2,Beverages
Washington,2019-10-13,104339593.7,Beverages
Washington,2019-10-20,102402217.1,Beverages
Washington,2019-10-27,99549902.8,Beverages
Washington,2019-11-17,103838634.9,Beverages
Washington,2019-11-24,103657674.3,Beverages
Washington,2019-12-15,104798162.9,Beverages
Washington,2019-12-22,113080402.6,Beverages
Washington,2019-12-29,100706539.0,Beverages
Washington,2020-01-03,107477573.0,Beverages
Washington,2020-01-11,108548730.0,Beverages
Washington,2020-01-19,99153199.0,Beverages
Washington,2020-01-26,99473246.3,Beverages
Washington,2020-02-02,104126832.2,Beverages
Washington,2020-02-08,133188124.7,Beverages
Washington,2020-02-16,97362062.8,Beverages
Washington,2020-02-23,99950409.39999999,Beverages
Washington,2020-03-05,118100976.9,Beverages
Washington,2020-03-15,121698993.39999999,Beverages
Washington,2020-03-22,119323648.7,Beverages
Washington,2020-03-29,105643795.6,Beverages
Washington,2020-04-10,112825238.2,Beverages
Washington,2020-04-19,113724188.0,Beverages
Washington,2020-04-26,109935674.8,Beverages
Washington,2020-05-01,101422957.2,Beverages
Washington,2020-05-04,108192713.0,Beverages
Washington,2020-05-07,125649881.0,Beverages
Washington,2020-05-17,117697089.2,Beverages
Washington,2020-05-24,120918669.30000001,Beverages
Washington,2020-05-31,119281232.4,Beverages
Washington,2020-06-09,124581759.30000001,Beverages
Washington,2020-06-12,107995294.7,Beverages
Washington,2020-06-14,123717765.7,Beverages
Washington,2020-06-21,120673195.0,Beverages
Washington,2020-06-28,124796648.10000001,Beverages
Washington,2020-07-06,120382319.4,Beverages
Washington,2020-07-19,126359720.8,Beverages
Washington,2020-07-26,127771348.19999999,Beverages
Washington,2020-08-03,111388535.2,Beverages
Washington,2020-08-11,108425959.4,Beverages
Washington,2020-08-16,126432914.6,Beverages
Washington,2020-08-23,122110121.5,Beverages
Washington,2020-08-30,124259318.1,Beverages
Washington,2020-09-02,104104167.2,Beverages
Washington,2020-09-08,125952535.2,Beverages
Washington,2020-09-13,117662825.7,Beverages
Washington,2020-09-20,111632321.5,Beverages
Washington,2020-09-27,108526971.4,Beverages
Washington,2020-10-05,127920487.89999999,Beverages
Washington,2020-10-18,106590823.60000001,Beverages
Washington,2020-10-25,104835484.39999999,Beverages
Washington,2020-11-10,110684503.10000001,Beverages
Washington,2020-11-15,107706417.0,Beverages
Washington,2020-11-22,112227699.6,Beverages
Washington,2020-11-29,105174025.0,Beverages
Washington,2020-12-01,103079612.0,Beverages
Washington,2020-12-04,110225508.1,Beverages
Washington,2020-12-07,120901346.5,Beverages
Washington,2020-12-13,109944087.2,Beverages
Washington,2020-12-20,116309572.0,Beverages
Washington,2020-12-27,107114656.3,Beverages
Washington,2021-01-08,142523538.5,Beverages
Washington,2021-01-17,106760567.2,Beverages
Washington,2021-01-24,105331133.8,Beverages
Washington,2021-01-31,106648446.0,Beverages
Washington,2021-02-05,124200173.30000001,Beverages
Washington,2021-02-14,106007768.7,Beverages
Washington,2021-02-21,105673903.7,Beverages
Washington,2021-02-28,111021561.3,Beverages
Washington,2021-03-01,108217572.2,Beverages
Washington,2021-03-10,173143476.9,Beverages
Washington,2021-03-14,127222359.5,Beverages
Washington,2021-03-21,123748906.30000001,Beverages
Washington,2021-03-28,109799217.10000001,Beverages
Washington,2021-04-04,116874861.3,Beverages
Washington,2021-04-07,142870873.89999998,Beverages
Washington,2021-04-18,124594635.60000001,Beverages
Washington,2021-04-25,120861513.10000001,Beverages
Washington,2021-05-09,135333469.2,Beverages
Washington,2021-05-12,164503606.7,Beverages
Washington,2021-05-16,130615127.2,Beverages
Washington,2021-05-23,126138210.9,Beverages
Washington,2021-05-30,128402099.7,Beverages
Washington,2021-06-06,130216902.7,Beverages
Washington,2021-06-13,125357944.4,Beverages
Washington,2021-06-20,134192933.10000001,Beverages
Washington,2021-06-27,145342545.20000002,Beverages
Washington,2021-07-02,109182531.8,Beverages
Washington,2021-07-03,116941149.8,Beverages
Washington,2021-07-11,164199928.1,Beverages
Washington,2021-07-18,137489727.5,Beverages
Washington,2021-07-25,137360142.20000002,Beverages
Washington,2021-08-08,136393048.6,Beverages
Washington,2021-08-15,140790143.29999998,Beverages
Washington,2021-08-22,131807622.1,Beverages
Washington,2021-08-29,128473712.8,Beverages
Washington,2021-09-05,130700688.8,Beverages
Washington,2021-09-19,121231207.0,Beverages
Washington,2021-09-26,119610947.0,Beverages
Washington,2021-10-01,109823464.5,Beverages
Washington,2021-10-10,170162892.9,Beverages
Washington,2021-10-17,167421377.39999998,Beverages
Washington,2021-10-24,163190222.70000002,Beverages
Washington,2021-10-31,165155956.0,Beverages
Washington,2021-11-04,118476152.0,Beverages
Washington,2021-11-07,132607061.1,Beverages
Washington,2021-11-14,168652229.9,Beverages
Washington,2021-11-21,170098807.70000002,Beverages
Washington,2021-11-28,158370542.1,Beverages
Washington,2021-12-09,129432391.9,Beverages
Washington,2021-12-12,168854025.7,Beverages
Washington,2021-12-19,177080923.29999998,Beverages
Washington,2021-12-26,166593895.7,Beverages
Washington,2022-01-05,185282378.49999997,Beverages
Washington,2022-01-16,167157716.6,Beverages
Washington,2022-01-23,164346105.6,Beverages
Washington,2022-01-30,164024826.6,Beverages
Washington,2022-02-01,161762010.2,Beverages
Washington,2022-02-10,181472966.80000004,Beverages
Washington,2022-02-13,163459979.39999998,Beverages
Washington,2022-02-20,160798544.60000002,Beverages
Washington,2022-02-27,165041501.10000002,Beverages
Washington,2022-03-04,177811518.70000002,Beverages
Washington,2022-03-07,213331559.79999998,Beverages
Washington,2022-03-13,172443375.20000002,Beverages
Washington,2022-03-20,174739184.70000002,Beverages
Washington,2022-03-27,172332059.8,Beverages
Washington,2022-04-09,201258178.60000002,Beverages
Washington,2022-04-12,170942767.20000002,Beverages
Washington,2022-04-17,185583528.89999998,Beverages
Washington,2022-04-24,177382652.00000003,Beverages
Washington,2022-05-06,192140102.20000002,Beverages
Washington,2022-05-15,189038307.5,Beverages
Washington,2022-05-22,187445495.20000002,Beverages
Washington,2022-05-29,191419159.5,Beverages
Washington,2022-06-02,170138890.70000002,Beverages
Washington,2022-06-03,171832947.6,Beverages
Washington,2022-06-11,172511051.2,Beverages
Washington,2022-06-19,194298028.00000003,Beverages
Washington,2022-06-26,213212071.5,Beverages
Washington,2022-07-08,206136813.9,Beverages
Washington,2022-07-17,202846647.50000003,Beverages
Washington,2022-07-24,205218551.0,Beverages
Washington,2022-07-31,216107722.7,Beverages
Washington,2022-08-05,191812754.49999997,Beverages
Washington,2022-08-14,207721410.7,Beverages
Washington,2022-08-21,197668601.89999998,Beverages
Washington,2022-08-28,198708266.3,Beverages
Washington,2022-09-01,166032158.8,Beverages
Washington,2022-09-10,181190006.6,Beverages
Washington,2022-09-18,183687055.4,Beverages
Washington,2022-09-25,181678982.0,Beverages
Washington,2022-10-04,173850320.4,Beverages
Washington,2022-10-07,199809591.1,Beverages
Washington,2022-10-16,177515318.3,Beverages
Washington,2022-10-23,172848241.5,Beverages
Washington,2022-10-30,171748532.6,Beverages
Washington,2022-11-09,191922359.2,Beverages
Washington,2022-11-12,176451625.09999996,Beverages
Washington,2022-11-13,173273333.69999996,Beverages
Washington,2022-11-20,180770465.99999997,Beverages
Washington,2022-11-27,172251421.2,Beverages
Washington,2022-12-06,195542841.9,Beverages
Washington,2022-12-18,185957278.0,Beverages
Washington,2022-12-25,180973701.70000002,Beverages
Washington,2023-01-01,167220716.90000004,Beverages
Washington,2023-01-15,173124788.30000004,Beverages
Washington,2023-01-22,169139519.89999998,Beverages
Washington,2023-01-29,170124244.29999998,Beverages
Washington,2023-02-04,180139569.20000002,Beverages
Washington,2023-02-19,171916008.4,Beverages
Washington,2023-02-26,174541337.0,Beverages
Washington,2023-03-19,190162701.3,Beverages
Washington,2023-03-26,177118420.2,Beverages
Washington,2023-04-16,186078145.7,Beverages
Washington,2023-04-23,183827307.6,Beverages
Washington,2023-04-30,195255995.7,Beverages
Washington,2023-05-02,172039128.5,Beverages
Washington,2023-05-03,183342555.20000002,Beverages
Washington,2023-07-05,201179479.1,Beverages
Washington,2023-08-01,173888698.9,Beverages
Washington,2023-09-04,189468341.3,Beverages
Washington,2023-12-02,178619259.5,Beverages
Washington,2023-12-03,193005316.0,Beverages
West Virginia,2019-01-12,38228549.6,Beverages
West Virginia,2019-03-11,39411931.300000004,Beverages
West Virginia,2019-06-10,45374728.9,Beverages
West Virginia,2019-08-12,39876563.300000004,Beverages
West Virginia,2019-10-11,40368203.7,Beverages
West Virginia,2019-10-13,42164049.3,Beverages
West Virginia,2019-10-20,38465748.6,Beverages
West Virginia,2019-10-27,37769049.8,Beverages
West Virginia,2019-11-17,38165783.5,Beverages
West Virginia,2019-11-24,38850553.3,Beverages
West Virginia,2019-12-15,39020264.7,Beverages
West Virginia,2019-12-22,39733872.0,Beverages
West Virginia,2019-12-29,37371772.0,Beverages
West Virginia,2020-01-03,41365081.5,Beverages
West Virginia,2020-01-11,40916620.5,Beverages
West Virginia,2020-01-19,37593550.300000004,Beverages
West Virginia,2020-01-26,37000482.7,Beverages
West Virginia,2020-02-02,37965136.9,Beverages
West Virginia,2020-02-08,46797382.0,Beverages
West Virginia,2020-02-16,37831285.0,Beverages
West Virginia,2020-02-23,37679972.2,Beverages
West Virginia,2020-03-05,45386372.2,Beverages
West Virginia,2020-03-15,46329093.2,Beverages
West Virginia,2020-03-22,45742605.0,Beverages
West Virginia,2020-03-29,39704239.6,Beverages
West Virginia,2020-04-10,45261604.4,Beverages
West Virginia,2020-04-19,42088578.6,Beverages
West Virginia,2020-04-26,41845670.5,Beverages
West Virginia,2020-05-01,39515529.5,Beverages
West Virginia,2020-05-04,42406843.6,Beverages
West Virginia,2020-05-07,51979692.2,Beverages
West Virginia,2020-05-17,45314230.4,Beverages
West Virginia,2020-05-24,47497210.300000004,Beverages
West Virginia,2020-05-31,47049172.6,Beverages
West Virginia,2020-06-09,47293906.599999994,Beverages
West Virginia,2020-06-12,40731935.3,Beverages
West Virginia,2020-06-14,48300537.3,Beverages
West Virginia,2020-06-21,45134452.0,Beverages
West Virginia,2020-06-28,46802342.099999994,Beverages
West Virginia,2020-07-06,49346855.6,Beverages
West Virginia,2020-07-19,48445591.4,Beverages
West Virginia,2020-07-26,46086420.4,Beverages
West Virginia,2020-08-03,42542347.5,Beverages
West Virginia,2020-08-11,43413284.9,Beverages
West Virginia,2020-08-16,47556678.5,Beverages
West Virginia,2020-08-23,45580541.699999996,Beverages
West Virginia,2020-08-30,45367765.300000004,Beverages
West Virginia,2020-09-02,40027527.3,Beverages
West Virginia,2020-09-08,48388939.8,Beverages
West Virginia,2020-09-13,47551030.199999996,Beverages
West Virginia,2020-09-20,43912689.699999996,Beverages
West Virginia,2020-09-27,43194334.0,Beverages
West Virginia,2020-10-05,46665320.8,Beverages
West Virginia,2020-10-18,41723664.9,Beverages
West Virginia,2020-10-25,41389497.3,Beverages
West Virginia,2020-11-10,44576952.3,Beverages
West Virginia,2020-11-15,42156657.1,Beverages
West Virginia,2020-11-22,41861133.6,Beverages
West Virginia,2020-11-29,40189418.5,Beverages
West Virginia,2020-12-01,40469846.5,Beverages
West Virginia,2020-12-04,44622625.5,Beverages
West Virginia,2020-12-07,48877613.9,Beverages
West Virginia,2020-12-13,41513426.9,Beverages
West Virginia,2020-12-20,40782924.4,Beverages
West Virginia,2020-12-27,39476417.3,Beverages
West Virginia,2021-01-08,50588393.099999994,Beverages
West Virginia,2021-01-17,41657172.699999996,Beverages
West Virginia,2021-01-24,38830024.9,Beverages
West Virginia,2021-01-31,39954308.900000006,Beverages
West Virginia,2021-02-05,47731132.5,Beverages
West Virginia,2021-02-14,40975558.300000004,Beverages
West Virginia,2021-02-21,39287973.199999996,Beverages
West Virginia,2021-02-28,41951629.1,Beverages
West Virginia,2021-03-01,40991524.599999994,Beverages
West Virginia,2021-03-10,67883113.19999999,Beverages
West Virginia,2021-03-14,49643332.1,Beverages
West Virginia,2021-03-21,49317076.9,Beverages
West Virginia,2021-03-28,43325117.5,Beverages
West Virginia,2021-04-04,45228377.5,Beverages
West Virginia,2021-04-07,53976212.9,Beverages
West Virginia,2021-04-18,44790016.6,Beverages
West Virginia,2021-04-25,45503831.7,Beverages
West Virginia,2021-05-09,49298765.199999996,Beverages
West Virginia,2021-05-12,64272870.800000004,Beverages
West Virginia,2021-05-16,48565501.6,Beverages
West Virginia,2021-05-23,50637719.199999996,Beverages
West Virginia,2021-05-30,51141617.2,Beverages
West Virginia,2021-06-06,52005187.400000006,Beverages
West Virginia,2021-06-13,52441621.4,Beverages
West Virginia,2021-06-20,49020131.8,Beverages
West Virginia,2021-06-27,48647522.6,Beverages
West Virginia,2021-07-02,42616214.1,Beverages
West Virginia,2021-07-03,45879561.800000004,Beverages
West Virginia,2021-07-11,67251490.00000001,Beverages
West Virginia,2021-07-18,51619194.9,Beverages
West Virginia,2021-07-25,50587312.599999994,Beverages
West Virginia,2021-08-08,51784540.2,Beverages
West Virginia,2021-08-15,51606383.0,Beverages
West Virginia,2021-08-22,48217705.3,Beverages
West Virginia,2021-08-29,49288111.699999996,Beverages
West Virginia,2021-09-05,49087004.800000004,Beverages
West Virginia,2021-09-19,48024039.7,Beverages
West Virginia,2021-09-26,45557692.9,Beverages
West Virginia,2021-10-01,43127643.0,Beverages
West Virginia,2021-10-10,70399280.4,Beverages
West Virginia,2021-10-17,66043677.9,Beverages
West Virginia,2021-10-24,63842048.699999996,Beverages
West Virginia,2021-10-31,63324231.099999994,Beverages
West Virginia,2021-11-04,48967241.5,Beverages
West Virginia,2021-11-07,51681308.6,Beverages
West Virginia,2021-11-14,66612659.9,Beverages
West Virginia,2021-11-21,65121440.4,Beverages
West Virginia,2021-11-28,60973906.49999999,Beverages
West Virginia,2021-12-09,49584876.7,Beverages
West Virginia,2021-12-12,65040773.900000006,Beverages
West Virginia,2021-12-19,65395193.8,Beverages
West Virginia,2021-12-26,62894154.0,Beverages
West Virginia,2022-01-05,72863254.0,Beverages
West Virginia,2022-01-16,65977530.0,Beverages
West Virginia,2022-01-23,59321561.7,Beverages
West Virginia,2022-01-30,60682205.8,Beverages
West Virginia,2022-02-01,62574613.1,Beverages
West Virginia,2022-02-10,71932124.8,Beverages
West Virginia,2022-02-13,65081500.8,Beverages
West Virginia,2022-02-20,61789070.800000004,Beverages
West Virginia,2022-02-27,66154613.1,Beverages
West Virginia,2022-03-04,69274026.0,Beverages
West Virginia,2022-03-07,78622910.5,Beverages
West Virginia,2022-03-13,69900351.90000002,Beverages
West Virginia,2022-03-20,67501869.8,Beverages
West Virginia,2022-03-27,67529121.80000001,Beverages
West Virginia,2022-04-09,77349827.89999998,Beverages
West Virginia,2022-04-12,67049392.199999996,Beverages
West Virginia,2022-04-17,72078836.4,Beverages
West Virginia,2022-04-24,68168617.60000001,Beverages
West Virginia,2022-05-06,75400185.39999999,Beverages
West Virginia,2022-05-15,73227904.2,Beverages
West Virginia,2022-05-22,75824753.69999999,Beverages
West Virginia,2022-05-29,72996965.7,Beverages
West Virginia,2022-06-02,65299885.0,Beverages
West Virginia,2022-06-03,69455420.10000001,Beverages
West Virginia,2022-06-11,70416470.0,Beverages
West Virginia,2022-06-19,73102633.9,Beverages
West Virginia,2022-06-26,72747321.19999999,Beverages
West Virginia,2022-07-08,78282945.3,Beverages
West Virginia,2022-07-17,75992653.2,Beverages
West Virginia,2022-07-24,73511309.5,Beverages
West Virginia,2022-07-31,74698082.1,Beverages
West Virginia,2022-08-05,74749668.89999999,Beverages
West Virginia,2022-08-14,77673202.80000001,Beverages
West Virginia,2022-08-21,73275468.69999999,Beverages
West Virginia,2022-08-28,76344247.7,Beverages
West Virginia,2022-09-01,65536847.2,Beverages
West Virginia,2022-09-10,74190181.9,Beverages
West Virginia,2022-09-18,74104003.80000001,Beverages
West Virginia,2022-09-25,70874506.29999998,Beverages
West Virginia,2022-10-04,74097573.2,Beverages
West Virginia,2022-10-07,76261142.2,Beverages
West Virginia,2022-10-16,70746845.19999999,Beverages
West Virginia,2022-10-23,67673966.5,Beverages
West Virginia,2022-10-30,67504383.39999999,Beverages
West Virginia,2022-11-09,76050201.0,Beverages
West Virginia,2022-11-12,70499335.3,Beverages
West Virginia,2022-11-13,70382174.7,Beverages
West Virginia,2022-11-20,67479594.6,Beverages
West Virginia,2022-11-27,66490665.199999996,Beverages
West Virginia,2022-12-06,74937530.2,Beverages
West Virginia,2022-12-18,69850626.1,Beverages
West Virginia,2022-12-25,70641050.0,Beverages
West Virginia,2023-01-01,65687268.1,Beverages
West Virginia,2023-01-15,69952895.9,Beverages
West Virginia,2023-01-22,63364499.0,Beverages
West Virginia,2023-01-29,65045342.599999994,Beverages
West Virginia,2023-02-04,71158237.5,Beverages
West Virginia,2023-02-19,69092458.1,Beverages
West Virginia,2023-02-26,69679103.8,Beverages
West Virginia,2023-03-19,75107017.80000001,Beverages
West Virginia,2023-03-26,69340958.3,Beverages
West Virginia,2023-04-16,76094026.3,Beverages
West Virginia,2023-04-23,74040229.2,Beverages
West Virginia,2023-04-30,75759703.0,Beverages
West Virginia,2023-05-02,69293479.9,Beverages
West Virginia,2023-05-03,75067824.7,Beverages
West Virginia,2023-07-05,79297110.29999998,Beverages
West Virginia,2023-08-01,69959952.5,Beverages
West Virginia,2023-09-04,78461253.99999999,Beverages
West Virginia,2023-12-02,71515362.6,Beverages
West Virginia,2023-12-03,78255741.0,Beverages
Wisconsin,2019-01-12,84291415.5,Beverages
Wisconsin,2019-03-11,84430399.9,Beverages
Wisconsin,2019-06-10,86707756.5,Beverages
Wisconsin,2019-08-12,85157243.8,Beverages
Wisconsin,2019-10-11,84657735.0,Beverages
Wisconsin,2019-10-13,87339997.0,Beverages
Wisconsin,2019-10-20,86378291.5,Beverages
Wisconsin,2019-10-27,84847392.39999999,Beverages
Wisconsin,2019-11-17,86704220.4,Beverages
Wisconsin,2019-11-24,88143657.10000001,Beverages
Wisconsin,2019-12-15,87736174.8,Beverages
Wisconsin,2019-12-22,94516988.0,Beverages
Wisconsin,2019-12-29,86541497.0,Beverages
Wisconsin,2020-01-03,87040925.9,Beverages
Wisconsin,2020-01-11,88525014.2,Beverages
Wisconsin,2020-01-19,82278527.2,Beverages
Wisconsin,2020-01-26,83227978.60000001,Beverages
Wisconsin,2020-02-02,83991229.89999999,Beverages
Wisconsin,2020-02-08,103478200.3,Beverages
Wisconsin,2020-02-16,84046257.3,Beverages
Wisconsin,2020-02-23,85512527.6,Beverages
Wisconsin,2020-03-05,96537163.30000001,Beverages
Wisconsin,2020-03-15,99213110.60000001,Beverages
Wisconsin,2020-03-22,99225508.8,Beverages
Wisconsin,2020-03-29,85948011.0,Beverages
Wisconsin,2020-04-10,90455369.0,Beverages
Wisconsin,2020-04-19,94645462.6,Beverages
Wisconsin,2020-04-26,93598195.9,Beverages
Wisconsin,2020-05-01,83982215.3,Beverages
Wisconsin,2020-05-04,89055839.4,Beverages
Wisconsin,2020-05-07,117400252.2,Beverages
Wisconsin,2020-05-17,100460330.80000001,Beverages
Wisconsin,2020-05-24,104290444.69999999,Beverages
Wisconsin,2020-05-31,102166025.1,Beverages
Wisconsin,2020-06-09,98563733.2,Beverages
Wisconsin,2020-06-12,88707904.5,Beverages
Wisconsin,2020-06-14,103936089.2,Beverages
Wisconsin,2020-06-21,104650455.60000001,Beverages
Wisconsin,2020-06-28,105545957.0,Beverages
Wisconsin,2020-07-06,108556200.19999999,Beverages
Wisconsin,2020-07-19,106809376.0,Beverages
Wisconsin,2020-07-26,103471927.2,Beverages
Wisconsin,2020-08-03,91238415.2,Beverages
Wisconsin,2020-08-11,92131294.7,Beverages
Wisconsin,2020-08-16,103504571.6,Beverages
Wisconsin,2020-08-23,101400233.89999999,Beverages
Wisconsin,2020-08-30,101921349.5,Beverages
Wisconsin,2020-09-02,84231045.8,Beverages
Wisconsin,2020-09-08,102730957.6,Beverages
Wisconsin,2020-09-13,91732869.30000001,Beverages
Wisconsin,2020-09-20,93763065.89999999,Beverages
Wisconsin,2020-09-27,93904748.7,Beverages
Wisconsin,2020-10-05,99683245.89999999,Beverages
Wisconsin,2020-10-18,91154751.2,Beverages
Wisconsin,2020-10-25,87616974.9,Beverages
Wisconsin,2020-11-10,93108850.30000001,Beverages
Wisconsin,2020-11-15,91348925.8,Beverages
Wisconsin,2020-11-22,94058185.60000001,Beverages
Wisconsin,2020-11-29,90350458.1,Beverages
Wisconsin,2020-12-01,83210541.0,Beverages
Wisconsin,2020-12-04,91410183.6,Beverages
Wisconsin,2020-12-07,106306977.4,Beverages
Wisconsin,2020-12-13,91542956.30000001,Beverages
Wisconsin,2020-12-20,96028971.3,Beverages
Wisconsin,2020-12-27,93388621.19999999,Beverages
Wisconsin,2021-01-08,110769411.0,Beverages
Wisconsin,2021-01-17,88841230.0,Beverages
Wisconsin,2021-01-24,87496019.0,Beverages
Wisconsin,2021-01-31,91152283.9,Beverages
Wisconsin,2021-02-05,104492143.8,Beverages
Wisconsin,2021-02-14,87410704.1,Beverages
Wisconsin,2021-02-21,89602439.7,Beverages
Wisconsin,2021-02-28,92603138.7,Beverages
Wisconsin,2021-03-01,88536900.89999999,Beverages
Wisconsin,2021-03-10,145142675.70000002,Beverages
Wisconsin,2021-03-14,104992937.2,Beverages
Wisconsin,2021-03-21,104751734.6,Beverages
Wisconsin,2021-03-28,91098857.2,Beverages
Wisconsin,2021-04-04,97437646.9,Beverages
Wisconsin,2021-04-07,124132664.2,Beverages
Wisconsin,2021-04-18,96311140.7,Beverages
Wisconsin,2021-04-25,98740462.1,Beverages
Wisconsin,2021-05-09,111532492.4,Beverages
Wisconsin,2021-05-12,136574078.79999998,Beverages
Wisconsin,2021-05-16,105651321.10000001,Beverages
Wisconsin,2021-05-23,110768073.6,Beverages
Wisconsin,2021-05-30,111868989.7,Beverages
Wisconsin,2021-06-06,116249338.5,Beverages
Wisconsin,2021-06-13,117237118.0,Beverages
Wisconsin,2021-06-20,116460895.8,Beverages
Wisconsin,2021-06-27,108722468.30000001,Beverages
Wisconsin,2021-07-02,89954239.7,Beverages
Wisconsin,2021-07-03,95380230.7,Beverages
Wisconsin,2021-07-11,140427907.90000004,Beverages
Wisconsin,2021-07-18,110798378.60000001,Beverages
Wisconsin,2021-07-25,111772603.4,Beverages
Wisconsin,2021-08-08,108184148.4,Beverages
Wisconsin,2021-08-15,111276410.7,Beverages
Wisconsin,2021-08-22,111059082.7,Beverages
Wisconsin,2021-08-29,110814558.4,Beverages
Wisconsin,2021-09-05,106201020.7,Beverages
Wisconsin,2021-09-19,102505710.10000001,Beverages
Wisconsin,2021-09-26,102265248.7,Beverages
Wisconsin,2021-10-01,88958124.7,Beverages
Wisconsin,2021-10-10,144063094.6,Beverages
Wisconsin,2021-10-17,141440058.2,Beverages
Wisconsin,2021-10-24,139449132.4,Beverages
Wisconsin,2021-10-31,138373769.39999998,Beverages
Wisconsin,2021-11-04,97690433.80000001,Beverages
Wisconsin,2021-11-07,110894629.7,Beverages
Wisconsin,2021-11-14,144043738.00000003,Beverages
Wisconsin,2021-11-21,144661079.1,Beverages
Wisconsin,2021-11-28,137384512.1,Beverages
Wisconsin,2021-12-09,101391586.5,Beverages
Wisconsin,2021-12-12,141935220.3,Beverages
Wisconsin,2021-12-19,148776920.9,Beverages
Wisconsin,2021-12-26,145243900.70000002,Beverages
Wisconsin,2022-01-05,152496195.39999998,Beverages
Wisconsin,2022-01-16,138091774.1,Beverages
Wisconsin,2022-01-23,138088476.5,Beverages
Wisconsin,2022-01-30,139017541.1,Beverages
Wisconsin,2022-02-01,137051596.7,Beverages
Wisconsin,2022-02-10,151968250.3,Beverages
Wisconsin,2022-02-13,139412015.79999998,Beverages
Wisconsin,2022-02-20,140249085.3,Beverages
Wisconsin,2022-02-27,141695532.3,Beverages
Wisconsin,2022-03-04,148790634.79999998,Beverages
Wisconsin,2022-03-07,181212900.60000002,Beverages
Wisconsin,2022-03-13,143274355.50000003,Beverages
Wisconsin,2022-03-20,144371737.9,Beverages
Wisconsin,2022-03-27,143698515.4,Beverages
Wisconsin,2022-04-09,168076195.2,Beverages
Wisconsin,2022-04-12,142193070.3,Beverages
Wisconsin,2022-04-17,154578677.39999998,Beverages
Wisconsin,2022-04-24,146967859.0,Beverages
Wisconsin,2022-05-06,170291439.3,Beverages
Wisconsin,2022-05-15,164745921.8,Beverages
Wisconsin,2022-05-22,165614106.79999998,Beverages
Wisconsin,2022-05-29,165984430.7,Beverages
Wisconsin,2022-06-02,138271158.3,Beverages
Wisconsin,2022-06-03,144612058.1,Beverages
Wisconsin,2022-06-11,145964567.70000002,Beverages
Wisconsin,2022-06-19,173919687.1,Beverages
Wisconsin,2022-06-26,170159445.4,Beverages
Wisconsin,2022-07-08,167300996.40000004,Beverages
Wisconsin,2022-07-17,169197845.6,Beverages
Wisconsin,2022-07-24,171737768.5,Beverages
Wisconsin,2022-07-31,168619059.89999998,Beverages
Wisconsin,2022-08-05,156608948.7,Beverages
Wisconsin,2022-08-14,163347700.10000002,Beverages
Wisconsin,2022-08-21,163579799.1,Beverages
Wisconsin,2022-08-28,164951299.3,Beverages
Wisconsin,2022-09-01,133988048.00000001,Beverages
Wisconsin,2022-09-10,152510845.8,Beverages
Wisconsin,2022-09-18,156284474.1,Beverages
Wisconsin,2022-09-25,153506963.50000003,Beverages
Wisconsin,2022-10-04,147485687.8,Beverages
Wisconsin,2022-10-07,167227739.5,Beverages
Wisconsin,2022-10-16,149052271.6,Beverages
Wisconsin,2022-10-23,149625337.9,Beverages
Wisconsin,2022-10-30,146529935.49999997,Beverages
Wisconsin,2022-11-09,156684671.00000003,Beverages
Wisconsin,2022-11-12,147823737.99999997,Beverages
Wisconsin,2022-11-13,148390554.8,Beverages
Wisconsin,2022-11-20,152474912.4,Beverages
Wisconsin,2022-11-27,150635815.60000002,Beverages
Wisconsin,2022-12-06,169388310.1,Beverages
Wisconsin,2022-12-18,155791297.3,Beverages
Wisconsin,2022-12-25,161068988.2,Beverages
Wisconsin,2023-01-01,142641457.5,Beverages
Wisconsin,2023-01-15,142879650.4,Beverages
Wisconsin,2023-01-22,141574071.70000002,Beverages
Wisconsin,2023-01-29,144952624.10000002,Beverages
Wisconsin,2023-02-04,148877958.69999996,Beverages
Wisconsin,2023-02-19,149355706.79999998,Beverages
Wisconsin,2023-02-26,147986204.89999998,Beverages
Wisconsin,2023-03-19,160997580.79999998,Beverages
Wisconsin,2023-03-26,146433104.1,Beverages
Wisconsin,2023-04-16,162525239.1,Beverages
Wisconsin,2023-04-23,155482743.1,Beverages
Wisconsin,2023-04-30,162200446.0,Beverages
Wisconsin,2023-05-02,145493912.3,Beverages
Wisconsin,2023-05-03,153305058.7,Beverages
Wisconsin,2023-07-05,167233104.20000002,Beverages
Wisconsin,2023-08-01,140556534.70000002,Beverages
Wisconsin,2023-09-04,158992906.79999998,Beverages
Wisconsin,2023-12-02,150103506.70000002,Beverages
Wisconsin,2023-12-03,161762845.8,Beverages
Wyoming,2019-01-12,11479224.7,Beverages
Wyoming,2019-03-11,11816719.299999999,Beverages
Wyoming,2019-06-10,12906406.8,Beverages
Wyoming,2019-08-12,11820202.5,Beverages
Wyoming,2019-10-11,12021378.3,Beverages
Wyoming,2019-10-13,12182099.3,Beverages
Wyoming,2019-10-20,12461447.200000001,Beverages
Wyoming,2019-10-27,12136073.4,Beverages
Wyoming,2019-11-17,12048603.8,Beverages
Wyoming,2019-11-24,11965099.0,Beverages
Wyoming,2019-12-15,12078295.100000001,Beverages
Wyoming,2019-12-22,12814748.4,Beverages
Wyoming,2019-12-29,11653245.299999999,Beverages
Wyoming,2020-01-03,12575446.3,Beverages
Wyoming,2020-01-11,12429955.8,Beverages
Wyoming,2020-01-19,11686722.600000001,Beverages
Wyoming,2020-01-26,11777731.7,Beverages
Wyoming,2020-02-02,12232546.5,Beverages
Wyoming,2020-02-08,15876121.200000001,Beverages
Wyoming,2020-02-16,11769943.4,Beverages
Wyoming,2020-02-23,11856643.0,Beverages
Wyoming,2020-03-05,13831896.200000001,Beverages
Wyoming,2020-03-15,13765268.6,Beverages
Wyoming,2020-03-22,13280267.9,Beverages
Wyoming,2020-03-29,12158058.200000001,Beverages
Wyoming,2020-04-10,13837190.7,Beverages
Wyoming,2020-04-19,12815882.5,Beverages
Wyoming,2020-04-26,13110749.100000001,Beverages
Wyoming,2020-05-01,11764975.1,Beverages
Wyoming,2020-05-04,12759775.5,Beverages
Wyoming,2020-05-07,16803919.9,Beverages
Wyoming,2020-05-17,13754300.0,Beverages
Wyoming,2020-05-24,14021483.5,Beverages
Wyoming,2020-05-31,14228463.799999999,Beverages
Wyoming,2020-06-09,15331993.0,Beverages
Wyoming,2020-06-12,12267039.3,Beverages
Wyoming,2020-06-14,15317087.2,Beverages
Wyoming,2020-06-21,14818330.1,Beverages
Wyoming,2020-06-28,16040049.7,Beverages
Wyoming,2020-07-06,15536010.6,Beverages
Wyoming,2020-07-19,16371052.5,Beverages
Wyoming,2020-07-26,16038079.3,Beverages
Wyoming,2020-08-03,13026247.399999999,Beverages
Wyoming,2020-08-11,13085741.8,Beverages
Wyoming,2020-08-16,15832146.0,Beverages
Wyoming,2020-08-23,15464858.600000001,Beverages
Wyoming,2020-08-30,14990102.8,Beverages
Wyoming,2020-09-02,11651381.4,Beverages
Wyoming,2020-09-08,16228536.799999999,Beverages
Wyoming,2020-09-13,13782138.5,Beverages
Wyoming,2020-09-20,14227153.399999999,Beverages
Wyoming,2020-09-27,13709820.0,Beverages
Wyoming,2020-10-05,13542036.5,Beverages
Wyoming,2020-10-18,13060878.899999999,Beverages
Wyoming,2020-10-25,12396055.1,Beverages
Wyoming,2020-11-10,13688789.299999999,Beverages
Wyoming,2020-11-15,12346348.9,Beverages
Wyoming,2020-11-22,12776668.399999999,Beverages
Wyoming,2020-11-29,11916095.9,Beverages
Wyoming,2020-12-01,11771634.6,Beverages
Wyoming,2020-12-04,12499053.1,Beverages
Wyoming,2020-12-07,16021548.3,Beverages
Wyoming,2020-12-13,12499163.1,Beverages
Wyoming,2020-12-20,12978665.100000001,Beverages
Wyoming,2020-12-27,12368153.8,Beverages
Wyoming,2021-01-08,16465111.299999999,Beverages
Wyoming,2021-01-17,12324835.5,Beverages
Wyoming,2021-01-24,12243266.6,Beverages
Wyoming,2021-01-31,12380808.5,Beverages
Wyoming,2021-02-05,14533146.9,Beverages
Wyoming,2021-02-14,11857724.8,Beverages
Wyoming,2021-02-21,12206507.1,Beverages
Wyoming,2021-02-28,12722268.1,Beverages
Wyoming,2021-03-01,12255352.4,Beverages
Wyoming,2021-03-10,21168304.0,Beverages
Wyoming,2021-03-14,14429849.6,Beverages
Wyoming,2021-03-21,13373539.399999999,Beverages
Wyoming,2021-03-28,12786513.4,Beverages
Wyoming,2021-04-04,13424498.899999999,Beverages
Wyoming,2021-04-07,17873033.3,Beverages
Wyoming,2021-04-18,13013595.100000001,Beverages
Wyoming,2021-04-25,13628281.0,Beverages
Wyoming,2021-05-09,15998475.0,Beverages
Wyoming,2021-05-12,18970923.3,Beverages
Wyoming,2021-05-16,14116461.6,Beverages
Wyoming,2021-05-23,14893982.799999999,Beverages
Wyoming,2021-05-30,15279758.700000001,Beverages
Wyoming,2021-06-06,16692899.8,Beverages
Wyoming,2021-06-13,16682966.4,Beverages
Wyoming,2021-06-20,16736238.0,Beverages
Wyoming,2021-06-27,16368764.600000001,Beverages
Wyoming,2021-07-02,12460755.4,Beverages
Wyoming,2021-07-03,13776276.4,Beverages
Wyoming,2021-07-11,19442597.6,Beverages
Wyoming,2021-07-18,17100528.599999998,Beverages
Wyoming,2021-07-25,17069849.3,Beverages
Wyoming,2021-08-08,17021148.7,Beverages
Wyoming,2021-08-15,16898618.099999998,Beverages
Wyoming,2021-08-22,16109258.799999999,Beverages
Wyoming,2021-08-29,15228529.299999999,Beverages
Wyoming,2021-09-05,14375411.100000001,Beverages
Wyoming,2021-09-19,14998006.4,Beverages
Wyoming,2021-09-26,14524620.200000001,Beverages
Wyoming,2021-10-01,12464568.700000001,Beverages
Wyoming,2021-10-10,20630873.900000002,Beverages
Wyoming,2021-10-17,19626613.9,Beverages
Wyoming,2021-10-24,19280840.3,Beverages
Wyoming,2021-10-31,19126431.900000002,Beverages
Wyoming,2021-11-04,13322349.5,Beverages
Wyoming,2021-11-07,16955935.2,Beverages
Wyoming,2021-11-14,18964164.099999998,Beverages
Wyoming,2021-11-21,19314002.900000002,Beverages
Wyoming,2021-11-28,18555035.8,Beverages
Wyoming,2021-12-09,14814966.200000001,Beverages
Wyoming,2021-12-12,19117618.8,Beverages
Wyoming,2021-12-19,19943648.499999996,Beverages
Wyoming,2021-12-26,19421554.8,Beverages
Wyoming,2022-01-05,21096832.5,Beverages
Wyoming,2022-01-16,19293883.799999997,Beverages
Wyoming,2022-01-23,18742366.0,Beverages
Wyoming,2022-01-30,19087434.900000002,Beverages
Wyoming,2022-02-01,18558114.399999995,Beverages
Wyoming,2022-02-10,21704018.400000002,Beverages
Wyoming,2022-02-13,18750806.7,Beverages
Wyoming,2022-02-20,18726524.8,Beverages
Wyoming,2022-02-27,19316739.4,Beverages
Wyoming,2022-03-04,20758232.700000003,Beverages
Wyoming,2022-03-07,26235911.0,Beverages
Wyoming,2022-03-13,19684153.700000003,Beverages
Wyoming,2022-03-20,19868981.899999995,Beverages
Wyoming,2022-03-27,19955137.4,Beverages
Wyoming,2022-04-09,24172877.699999996,Beverages
Wyoming,2022-04-12,19550615.0,Beverages
Wyoming,2022-04-17,20243208.500000004,Beverages
Wyoming,2022-04-24,20089692.5,Beverages
Wyoming,2022-05-06,24100158.099999998,Beverages
Wyoming,2022-05-15,21616612.5,Beverages
Wyoming,2022-05-22,21585248.1,Beverages
Wyoming,2022-05-29,22541743.6,Beverages
Wyoming,2022-06-02,19332637.2,Beverages
Wyoming,2022-06-03,20806983.8,Beverages
Wyoming,2022-06-11,20495110.5,Beverages
Wyoming,2022-06-19,24740090.499999996,Beverages
Wyoming,2022-06-26,24498523.400000002,Beverages
Wyoming,2022-07-08,25201050.4,Beverages
Wyoming,2022-07-17,25693764.299999997,Beverages
Wyoming,2022-07-24,26000871.2,Beverages
Wyoming,2022-07-31,25244640.9,Beverages
Wyoming,2022-08-05,21531689.1,Beverages
Wyoming,2022-08-14,24566756.9,Beverages
Wyoming,2022-08-21,23638623.8,Beverages
Wyoming,2022-08-28,22936351.799999997,Beverages
Wyoming,2022-09-01,19060213.1,Beverages
Wyoming,2022-09-10,21604743.3,Beverages
Wyoming,2022-09-18,22254098.5,Beverages
Wyoming,2022-09-25,21497706.599999998,Beverages
Wyoming,2022-10-04,20264841.7,Beverages
Wyoming,2022-10-07,25544967.699999996,Beverages
Wyoming,2022-10-16,20696539.2,Beverages
Wyoming,2022-10-23,20298615.400000002,Beverages
Wyoming,2022-10-30,19606306.000000004,Beverages
Wyoming,2022-11-09,22719549.7,Beverages
Wyoming,2022-11-12,20143294.4,Beverages
Wyoming,2022-11-13,19780659.0,Beverages
Wyoming,2022-11-20,20184986.099999998,Beverages
Wyoming,2022-11-27,19548922.2,Beverages
Wyoming,2022-12-06,24664629.7,Beverages
Wyoming,2022-12-18,20651204.299999997,Beverages
Wyoming,2022-12-25,21015452.599999998,Beverages
Wyoming,2023-01-01,19128635.2,Beverages
Wyoming,2023-01-15,19876354.0,Beverages
Wyoming,2023-01-22,19709726.700000003,Beverages
Wyoming,2023-01-29,19594504.6,Beverages
Wyoming,2023-02-04,20543373.099999998,Beverages
Wyoming,2023-02-19,20096420.8,Beverages
Wyoming,2023-02-26,19972750.599999998,Beverages
Wyoming,2023-03-19,21499313.599999998,Beverages
Wyoming,2023-03-26,20230807.099999998,Beverages
Wyoming,2023-04-16,20958789.5,Beverages
Wyoming,2023-04-23,21367216.6,Beverages
Wyoming,2023-04-30,22511772.2,Beverages
Wyoming,2023-05-02,20212000.000000004,Beverages
Wyoming,2023-05-03,21887584.799999997,Beverages
Wyoming,2023-07-05,23276821.3,Beverages
Wyoming,2023-08-01,19531016.099999998,Beverages
Wyoming,2023-09-04,21188735.700000003,Beverages
Wyoming,2023-12-02,20510613.7,Beverages
Wyoming,2023-12-03,21955064.900000002,Beverages
